Using pre-set license
Built from '2020.3/staging' branch; Version is '2020.3.6f1 (338bb68529b2) revision 3378102'; Using compiler version '192528614'; Build Type 'Release'
OS: 'Windows 10 Home; OS build 19042.1165; Version 2009; 64bit' Language: 'en' Physical Memory: 32633 MB
BatchMode: 1, IsHumanControllingUs: 0, StartBugReporterOnCrash: 0, Is64bit: 1, IsPro: 0

 COMMAND LINE ARGUMENTS:
D:\Program Files\2020.3.6f1\Editor\Unity.exe
-adb2
-batchMode
-noUpm
-name
AssetImportWorker1
-projectPath
D:/Documents/Unity Projects/Thestral Online
-logFile
Logs/AssetImportWorker1.log
-srvPort
54120
Successfully changed project path to: D:/Documents/Unity Projects/Thestral Online
D:/Documents/Unity Projects/Thestral Online
Using Asset Import Pipeline V2.
Refreshing native plugins compatible for Editor in 35.28 ms, found 0 plugins.
Preloading 0 native plugins for Editor in 0.00 ms.
Initialize engine version: 2020.3.6f1 (338bb68529b2)
[Subsystems] Discovering subsystems at path D:/Program Files/2020.3.6f1/Editor/Data/Resources/UnitySubsystems
[Subsystems] Discovering subsystems at path D:/Documents/Unity Projects/Thestral Online/Assets
GfxDevice: creating device client; threaded=0
Direct3D:
    Version:  Direct3D 11.0 [level 11.1]
    Renderer: NVIDIA GeForce GTX 1060 with Max-Q Design (ID=0x1c20)
    Vendor:   
    VRAM:     6052 MB
    Driver:   27.21.14.6647
Initialize mono
Mono path[0] = 'D:/Program Files/2020.3.6f1/Editor/Data/Managed'
Mono path[1] = 'D:/Program Files/2020.3.6f1/Editor/Data/MonoBleedingEdge/lib/mono/unityjit'
Mono config path = 'D:/Program Files/2020.3.6f1/Editor/Data/MonoBleedingEdge/etc'
Using monoOptions --debugger-agent=transport=dt_socket,embedding=1,server=y,suspend=n,address=127.0.0.1:56464
Begin MonoManager ReloadAssembly
Registering precompiled unity dll's ...
Register platform support module: D:/Program Files/2020.3.6f1/Editor/Data/PlaybackEngines/MacStandaloneSupport/UnityEditor.OSXStandalone.Extensions.dll
Register platform support module: D:/Program Files/2020.3.6f1/Editor/Data/PlaybackEngines/WindowsStandaloneSupport/UnityEditor.WindowsStandalone.Extensions.dll
Register platform support module: D:/Program Files/2020.3.6f1/Editor/Data/PlaybackEngines/LinuxStandaloneSupport/UnityEditor.LinuxStandalone.Extensions.dll
Registered in 0.003199 seconds.
Native extension for LinuxStandalone target not found
Native extension for WindowsStandalone target not found
Native extension for OSXStandalone target not found
Refreshing native plugins compatible for Editor in 33.16 ms, found 0 plugins.
Preloading 0 native plugins for Editor in 0.00 ms.
Mono: successfully reloaded assembly
- Completed reload, in  1.658 seconds
Platform modules already initialized, skipping
Registering precompiled user dll's ...
Registered in 0.001085 seconds.
Begin MonoManager ReloadAssembly
Native extension for LinuxStandalone target not found
Native extension for WindowsStandalone target not found
Native extension for OSXStandalone target not found
Refreshing native plugins compatible for Editor in 0.25 ms, found 0 plugins.
Preloading 0 native plugins for Editor in 0.00 ms.
Mono: successfully reloaded assembly
- Completed reload, in  1.106 seconds
Platform modules already initialized, skipping
========================================================================
Worker process is ready to serve import requests
Launched and connected shader compiler UnityShaderCompiler.exe after 0.96 seconds
Refreshing native plugins compatible for Editor in 0.42 ms, found 0 plugins.
Preloading 0 native plugins for Editor in 0.00 ms.
Unloading 1271 Unused Serialized files (Serialized files now loaded: 0)
System memory in use before: 64.4 MB.
System memory in use after: 64.5 MB.

Unloading 13 unused Assets to reduce memory usage. Loaded Objects now: 1720.
Total: 2.222600 ms (FindLiveObjects: 0.183500 ms CreateObjectMapping: 0.142600 ms MarkObjects: 1.809900 ms  DeleteObjects: 0.085500 ms)

========================================================================
Received Import Request.
  path: Assets/ScriptableObjects/Entities/PlayerAppearanceItems/Mane_Uniform_Base.asset
  artifactKey: Guid(9f9ae021123119740afee9d815822b25) Importer(815301076,1909f56bfc062723c751e8b465ee728b)
Start importing Assets/ScriptableObjects/Entities/PlayerAppearanceItems/Mane_Uniform_Base.asset using Guid(9f9ae021123119740afee9d815822b25) Importer(815301076,1909f56bfc062723c751e8b465ee728b)  -> (artifact id: '1d8cd05b6b9907e3d3a9ff4bd600d6e2') in 0.058851 seconds
  Import took 0.061181 seconds .

========================================================================
Received Prepare
Registering precompiled user dll's ...
Registered in 0.001042 seconds.
Begin MonoManager ReloadAssembly
Native extension for LinuxStandalone target not found
Native extension for WindowsStandalone target not found
Native extension for OSXStandalone target not found
Refreshing native plugins compatible for Editor in 0.25 ms, found 0 plugins.
Preloading 0 native plugins for Editor in 0.00 ms.
Mono: successfully reloaded assembly
- Completed reload, in  1.057 seconds
Platform modules already initialized, skipping
Refreshing native plugins compatible for Editor in 0.32 ms, found 0 plugins.
Preloading 0 native plugins for Editor in 0.00 ms.
Unloading 1251 Unused Serialized files (Serialized files now loaded: 0)
System memory in use before: 62.9 MB.
System memory in use after: 63.0 MB.

Unloading 4 unused Assets to reduce memory usage. Loaded Objects now: 1723.
Total: 3.168800 ms (FindLiveObjects: 0.263600 ms CreateObjectMapping: 0.086800 ms MarkObjects: 2.793300 ms  DeleteObjects: 0.023200 ms)

========================================================================
Received Prepare
Registering precompiled user dll's ...
Registered in 0.001305 seconds.
Begin MonoManager ReloadAssembly
Native extension for LinuxStandalone target not found
Native extension for WindowsStandalone target not found
Native extension for OSXStandalone target not found
Refreshing native plugins compatible for Editor in 0.26 ms, found 0 plugins.
Preloading 0 native plugins for Editor in 0.00 ms.
Mono: successfully reloaded assembly
- Completed reload, in  1.118 seconds
Platform modules already initialized, skipping
Refreshing native plugins compatible for Editor in 0.27 ms, found 0 plugins.
Preloading 0 native plugins for Editor in 0.00 ms.
Unloading 1251 Unused Serialized files (Serialized files now loaded: 0)
System memory in use before: 63.0 MB.
System memory in use after: 63.0 MB.

Unloading 4 unused Assets to reduce memory usage. Loaded Objects now: 1726.
Total: 1.959500 ms (FindLiveObjects: 0.207400 ms CreateObjectMapping: 0.043000 ms MarkObjects: 1.693100 ms  DeleteObjects: 0.014800 ms)

========================================================================
Received Import Request.
  Time since last request: 138.404588 seconds.
  path: Assets/ScriptableObjects/Entities/PlayerAppearanceItems/Mane_Uniform_Base.asset
  artifactKey: Guid(9f9ae021123119740afee9d815822b25) Importer(815301076,1909f56bfc062723c751e8b465ee728b)
Start importing Assets/ScriptableObjects/Entities/PlayerAppearanceItems/Mane_Uniform_Base.asset using Guid(9f9ae021123119740afee9d815822b25) Importer(815301076,1909f56bfc062723c751e8b465ee728b)  -> (artifact id: '10bf7fce5f85ed5d46c636f6c2518c7a') in 0.019627 seconds
  Import took 0.023534 seconds .

========================================================================
Received Import Request.
  Time since last request: 85.352642 seconds.
  path: Assets/ScriptableObjects/Entities/PlayerAppearanceItems/Head.asset
  artifactKey: Guid(8473966246c6eb446a9076cf81680b3b) Importer(815301076,1909f56bfc062723c751e8b465ee728b)
Start importing Assets/ScriptableObjects/Entities/PlayerAppearanceItems/Head.asset using Guid(8473966246c6eb446a9076cf81680b3b) Importer(815301076,1909f56bfc062723c751e8b465ee728b)  -> (artifact id: '0092cd34c9fe98d7f9bec926eff6792b') in 0.111358 seconds
  Import took 0.115425 seconds .

========================================================================
Received Import Request.
  Time since last request: 29.264997 seconds.
  path: Assets/ScriptableObjects/Entities/PlayerAppearanceItems/Body.asset
  artifactKey: Guid(dbf496d5720aebe449add5eb7952e720) Importer(815301076,1909f56bfc062723c751e8b465ee728b)
Start importing Assets/ScriptableObjects/Entities/PlayerAppearanceItems/Body.asset using Guid(dbf496d5720aebe449add5eb7952e720) Importer(815301076,1909f56bfc062723c751e8b465ee728b)  -> (artifact id: '4d859d9c4c0dcc95add0080c7af7ce5e') in 0.044929 seconds
  Import took 0.048863 seconds .

========================================================================
Received Import Request.
  Time since last request: 125.351341 seconds.
  path: Assets/ScriptableObjects/Entities/PlayerAppearanceItems/Tail_Uniform_Base.asset
  artifactKey: Guid(802437a081877944daca12567c8cb2d6) Importer(815301076,1909f56bfc062723c751e8b465ee728b)
Start importing Assets/ScriptableObjects/Entities/PlayerAppearanceItems/Tail_Uniform_Base.asset using Guid(802437a081877944daca12567c8cb2d6) Importer(815301076,1909f56bfc062723c751e8b465ee728b)  -> (artifact id: 'b14f2a2020e91ccb2a79c2a379da9d19') in 0.005024 seconds
  Import took 0.008776 seconds .

========================================================================
Received Import Request.
  Time since last request: 27.343057 seconds.
  path: Assets/ScriptableObjects/Entities/PlayerAppearanceItems/Eyes.asset
  artifactKey: Guid(a0085cd2ec461e740aefd1aee1e1dea5) Importer(815301076,1909f56bfc062723c751e8b465ee728b)
Start importing Assets/ScriptableObjects/Entities/PlayerAppearanceItems/Eyes.asset using Guid(a0085cd2ec461e740aefd1aee1e1dea5) Importer(815301076,1909f56bfc062723c751e8b465ee728b)  -> (artifact id: 'eff1358189cfae587ec613a26d4a746a') in 0.004758 seconds
  Import took 0.008176 seconds .

========================================================================
Received Prepare
Registering precompiled user dll's ...
Registered in 0.000934 seconds.
Begin MonoManager ReloadAssembly
Native extension for LinuxStandalone target not found
Native extension for WindowsStandalone target not found
Native extension for OSXStandalone target not found
Refreshing native plugins compatible for Editor in 0.33 ms, found 0 plugins.
Preloading 0 native plugins for Editor in 0.00 ms.
Mono: successfully reloaded assembly
- Completed reload, in  1.085 seconds
Platform modules already initialized, skipping
Refreshing native plugins compatible for Editor in 0.42 ms, found 0 plugins.
Preloading 0 native plugins for Editor in 0.00 ms.
Unloading 1251 Unused Serialized files (Serialized files now loaded: 0)
System memory in use before: 63.0 MB.
System memory in use after: 63.1 MB.

Unloading 5 unused Assets to reduce memory usage. Loaded Objects now: 1729.
Total: 1.712700 ms (FindLiveObjects: 0.127400 ms CreateObjectMapping: 0.034200 ms MarkObjects: 1.530600 ms  DeleteObjects: 0.019100 ms)

========================================================================
Received Import Request.
  Time since last request: 70.407781 seconds.
  path: Assets/ScriptableObjects/Entities/PlayerAppearanceItems/EyeShine.asset
  artifactKey: Guid(8cb2de79885966f4ab122de8e7b04743) Importer(815301076,1909f56bfc062723c751e8b465ee728b)
Start importing Assets/ScriptableObjects/Entities/PlayerAppearanceItems/EyeShine.asset using Guid(8cb2de79885966f4ab122de8e7b04743) Importer(815301076,1909f56bfc062723c751e8b465ee728b)  -> (artifact id: '303d828eb161b7f539cb7ee1523c0300') in 0.018436 seconds
  Import took 0.021781 seconds .

========================================================================
Received Import Request.
  Time since last request: 0.001667 seconds.
  path: Assets/ScriptableObjects/Entities/PlayerAppearanceItems/EyeShine.asset
  artifactKey: Guid(8cb2de79885966f4ab122de8e7b04743) Importer(815301076,1909f56bfc062723c751e8b465ee728b)
Start importing Assets/ScriptableObjects/Entities/PlayerAppearanceItems/EyeShine.asset using Guid(8cb2de79885966f4ab122de8e7b04743) Importer(815301076,1909f56bfc062723c751e8b465ee728b)  -> (artifact id: '303d828eb161b7f539cb7ee1523c0300') in 0.003495 seconds
  Import took 0.006706 seconds .

========================================================================
Received Import Request.
  Time since last request: 26.079692 seconds.
  path: Assets/ScriptableObjects/Entities/PlayerAppearanceItems/Wing.asset
  artifactKey: Guid(92324ac7933980b42889444864850c9b) Importer(815301076,1909f56bfc062723c751e8b465ee728b)
Start importing Assets/ScriptableObjects/Entities/PlayerAppearanceItems/Wing.asset using Guid(92324ac7933980b42889444864850c9b) Importer(815301076,1909f56bfc062723c751e8b465ee728b)  -> (artifact id: '7bbb28c7d0604a2a235a571e7838d00b') in 0.004662 seconds
  Import took 0.008935 seconds .

========================================================================
Received Import Request.
  Time since last request: 22.585544 seconds.
  path: Assets/ScriptableObjects/Entities/PlayerAppearanceItems/Wing.asset
  artifactKey: Guid(92324ac7933980b42889444864850c9b) Importer(815301076,1909f56bfc062723c751e8b465ee728b)
Start importing Assets/ScriptableObjects/Entities/PlayerAppearanceItems/Wing.asset using Guid(92324ac7933980b42889444864850c9b) Importer(815301076,1909f56bfc062723c751e8b465ee728b)  -> (artifact id: '74c10e0cbc896ef54163dcda2ba5006d') in 0.004560 seconds
  Import took 0.007802 seconds .

========================================================================
Received Import Request.
  Time since last request: 288.861490 seconds.
  path: Assets/ScriptableObjects/Entities/PlayerAppearanceItems/Tail_Uniform_Base.asset
  artifactKey: Guid(802437a081877944daca12567c8cb2d6) Importer(815301076,1909f56bfc062723c751e8b465ee728b)
Start importing Assets/ScriptableObjects/Entities/PlayerAppearanceItems/Tail_Uniform_Base.asset using Guid(802437a081877944daca12567c8cb2d6) Importer(815301076,1909f56bfc062723c751e8b465ee728b)  -> (artifact id: 'd4f45651bde44cfa50683372084f6466') in 0.004449 seconds
  Import took 0.006970 seconds .

========================================================================
Received Import Request.
  Time since last request: 4.833771 seconds.
  path: Assets/ScriptableObjects/Entities/PlayerAppearanceItems/Wing.asset
  artifactKey: Guid(92324ac7933980b42889444864850c9b) Importer(815301076,1909f56bfc062723c751e8b465ee728b)
Start importing Assets/ScriptableObjects/Entities/PlayerAppearanceItems/Wing.asset using Guid(92324ac7933980b42889444864850c9b) Importer(815301076,1909f56bfc062723c751e8b465ee728b)  -> (artifact id: '4efc03c5c491617b3f3a0c1758a1bd71') in 0.106554 seconds
  Import took 0.109642 seconds .

========================================================================
Received Prepare
Registering precompiled user dll's ...
Registered in 0.000966 seconds.
Begin MonoManager ReloadAssembly
Native extension for LinuxStandalone target not found
Native extension for WindowsStandalone target not found
Native extension for OSXStandalone target not found
Refreshing native plugins compatible for Editor in 0.33 ms, found 0 plugins.
Preloading 0 native plugins for Editor in 0.00 ms.
Mono: successfully reloaded assembly
- Completed reload, in  0.984 seconds
Platform modules already initialized, skipping
Refreshing native plugins compatible for Editor in 0.46 ms, found 0 plugins.
Preloading 0 native plugins for Editor in 0.00 ms.
Unloading 1251 Unused Serialized files (Serialized files now loaded: 0)
System memory in use before: 63.0 MB.
System memory in use after: 63.1 MB.

Unloading 5 unused Assets to reduce memory usage. Loaded Objects now: 1732.
Total: 2.922500 ms (FindLiveObjects: 0.234600 ms CreateObjectMapping: 0.080500 ms MarkObjects: 2.567400 ms  DeleteObjects: 0.038700 ms)

========================================================================
Received Prepare
Registering precompiled user dll's ...
Registered in 0.000969 seconds.
Begin MonoManager ReloadAssembly
Native extension for LinuxStandalone target not found
Native extension for WindowsStandalone target not found
Native extension for OSXStandalone target not found
Refreshing native plugins compatible for Editor in 0.24 ms, found 0 plugins.
Preloading 0 native plugins for Editor in 0.00 ms.
Mono: successfully reloaded assembly
- Completed reload, in  1.174 seconds
Platform modules already initialized, skipping
Refreshing native plugins compatible for Editor in 0.25 ms, found 0 plugins.
Preloading 0 native plugins for Editor in 0.00 ms.
Unloading 1251 Unused Serialized files (Serialized files now loaded: 0)
System memory in use before: 63.0 MB.
System memory in use after: 63.1 MB.

Unloading 4 unused Assets to reduce memory usage. Loaded Objects now: 1735.
Total: 2.000100 ms (FindLiveObjects: 0.196100 ms CreateObjectMapping: 0.043800 ms MarkObjects: 1.744000 ms  DeleteObjects: 0.014600 ms)

========================================================================
Received Prepare
Registering precompiled user dll's ...
Registered in 0.000859 seconds.
Begin MonoManager ReloadAssembly
Native extension for LinuxStandalone target not found
Native extension for WindowsStandalone target not found
Native extension for OSXStandalone target not found
Refreshing native plugins compatible for Editor in 0.28 ms, found 0 plugins.
Preloading 0 native plugins for Editor in 0.00 ms.
Mono: successfully reloaded assembly
- Completed reload, in  1.319 seconds
Platform modules already initialized, skipping
Refreshing native plugins compatible for Editor in 0.32 ms, found 0 plugins.
Preloading 0 native plugins for Editor in 0.00 ms.
Unloading 1251 Unused Serialized files (Serialized files now loaded: 0)
System memory in use before: 63.0 MB.
System memory in use after: 63.1 MB.

Unloading 4 unused Assets to reduce memory usage. Loaded Objects now: 1738.
Total: 1.934200 ms (FindLiveObjects: 0.146300 ms CreateObjectMapping: 0.043300 ms MarkObjects: 1.705200 ms  DeleteObjects: 0.038100 ms)

========================================================================
Received Prepare
Registering precompiled user dll's ...
Registered in 0.000950 seconds.
Begin MonoManager ReloadAssembly
Native extension for LinuxStandalone target not found
Native extension for WindowsStandalone target not found
Native extension for OSXStandalone target not found
Refreshing native plugins compatible for Editor in 0.40 ms, found 0 plugins.
Preloading 0 native plugins for Editor in 0.00 ms.
Mono: successfully reloaded assembly
- Completed reload, in  1.148 seconds
Platform modules already initialized, skipping
Refreshing native plugins compatible for Editor in 0.30 ms, found 0 plugins.
Preloading 0 native plugins for Editor in 0.00 ms.
Unloading 1251 Unused Serialized files (Serialized files now loaded: 0)
System memory in use before: 63.0 MB.
System memory in use after: 63.1 MB.

Unloading 4 unused Assets to reduce memory usage. Loaded Objects now: 1741.
Total: 1.949200 ms (FindLiveObjects: 0.152400 ms CreateObjectMapping: 0.041800 ms MarkObjects: 1.738700 ms  DeleteObjects: 0.015200 ms)

========================================================================
Received Prepare
Registering precompiled user dll's ...
Registered in 0.001237 seconds.
Begin MonoManager ReloadAssembly
Native extension for LinuxStandalone target not found
Native extension for WindowsStandalone target not found
Native extension for OSXStandalone target not found
Refreshing native plugins compatible for Editor in 0.26 ms, found 0 plugins.
Preloading 0 native plugins for Editor in 0.00 ms.
Mono: successfully reloaded assembly
- Completed reload, in  1.112 seconds
Platform modules already initialized, skipping
Refreshing native plugins compatible for Editor in 0.29 ms, found 0 plugins.
Preloading 0 native plugins for Editor in 0.00 ms.
Unloading 1251 Unused Serialized files (Serialized files now loaded: 0)
System memory in use before: 63.0 MB.
System memory in use after: 63.1 MB.

Unloading 4 unused Assets to reduce memory usage. Loaded Objects now: 1744.
Total: 2.308300 ms (FindLiveObjects: 0.200300 ms CreateObjectMapping: 0.046700 ms MarkObjects: 2.036500 ms  DeleteObjects: 0.022900 ms)

========================================================================
Received Prepare
Registering precompiled user dll's ...
Registered in 0.000976 seconds.
Begin MonoManager ReloadAssembly
Native extension for LinuxStandalone target not found
Native extension for WindowsStandalone target not found
Native extension for OSXStandalone target not found
Refreshing native plugins compatible for Editor in 0.24 ms, found 0 plugins.
Preloading 0 native plugins for Editor in 0.00 ms.
Mono: successfully reloaded assembly
- Completed reload, in  1.115 seconds
Platform modules already initialized, skipping
Refreshing native plugins compatible for Editor in 1.52 ms, found 0 plugins.
Preloading 0 native plugins for Editor in 0.00 ms.
Unloading 1251 Unused Serialized files (Serialized files now loaded: 0)
System memory in use before: 63.0 MB.
System memory in use after: 63.1 MB.

Unloading 4 unused Assets to reduce memory usage. Loaded Objects now: 1747.
Total: 3.916900 ms (FindLiveObjects: 0.258100 ms CreateObjectMapping: 0.097000 ms MarkObjects: 3.533700 ms  DeleteObjects: 0.026100 ms)

========================================================================
Received Import Request.
  Time since last request: 526.808763 seconds.
  path: Assets/Resources/UI/Character Appearance Editor/ColorPicker.prefab
  artifactKey: Guid(a4375118f06a9094e97fbc315354dd72) Importer(815301076,1909f56bfc062723c751e8b465ee728b)
Start importing Assets/Resources/UI/Character Appearance Editor/ColorPicker.prefab using Guid(a4375118f06a9094e97fbc315354dd72) Importer(815301076,1909f56bfc062723c751e8b465ee728b)  -> (artifact id: '7d7c8e538573b1945b76737c9df01e4e') in 0.142550 seconds
  Import took 0.146447 seconds .

========================================================================
Received Prepare
Registering precompiled user dll's ...
Registered in 0.001463 seconds.
Begin MonoManager ReloadAssembly
Native extension for LinuxStandalone target not found
Native extension for WindowsStandalone target not found
Native extension for OSXStandalone target not found
Refreshing native plugins compatible for Editor in 0.36 ms, found 0 plugins.
Preloading 0 native plugins for Editor in 0.00 ms.
Mono: successfully reloaded assembly
- Completed reload, in  1.059 seconds
Platform modules already initialized, skipping
Refreshing native plugins compatible for Editor in 0.27 ms, found 0 plugins.
Preloading 0 native plugins for Editor in 0.00 ms.
Unloading 1251 Unused Serialized files (Serialized files now loaded: 0)
System memory in use before: 63.1 MB.
System memory in use after: 63.2 MB.

Unloading 5 unused Assets to reduce memory usage. Loaded Objects now: 1750.
Total: 2.377200 ms (FindLiveObjects: 0.245900 ms CreateObjectMapping: 0.056000 ms MarkObjects: 2.025700 ms  DeleteObjects: 0.047700 ms)

========================================================================
Received Prepare
Registering precompiled user dll's ...
Registered in 0.001498 seconds.
Begin MonoManager ReloadAssembly
Native extension for LinuxStandalone target not found
Native extension for WindowsStandalone target not found
Native extension for OSXStandalone target not found
Refreshing native plugins compatible for Editor in 0.24 ms, found 0 plugins.
Preloading 0 native plugins for Editor in 0.00 ms.
Mono: successfully reloaded assembly
- Completed reload, in  0.998 seconds
Platform modules already initialized, skipping
Refreshing native plugins compatible for Editor in 0.25 ms, found 0 plugins.
Preloading 0 native plugins for Editor in 0.00 ms.
Unloading 1251 Unused Serialized files (Serialized files now loaded: 0)
System memory in use before: 63.1 MB.
System memory in use after: 63.2 MB.

Unloading 4 unused Assets to reduce memory usage. Loaded Objects now: 1753.
Total: 2.795000 ms (FindLiveObjects: 0.180200 ms CreateObjectMapping: 0.083700 ms MarkObjects: 2.512200 ms  DeleteObjects: 0.017600 ms)

========================================================================
Received Import Request.
  Time since last request: 73.474199 seconds.
  path: Assets/Resources/UI/Character Appearance Editor/ColorPicker.prefab
  artifactKey: Guid(a4375118f06a9094e97fbc315354dd72) Importer(815301076,1909f56bfc062723c751e8b465ee728b)
Start importing Assets/Resources/UI/Character Appearance Editor/ColorPicker.prefab using Guid(a4375118f06a9094e97fbc315354dd72) Importer(815301076,1909f56bfc062723c751e8b465ee728b)  -> (artifact id: '7866eb77ed4778052e1ce269b146c8ab') in 0.135056 seconds
  Import took 0.137954 seconds .

========================================================================
Received Import Request.
  Time since last request: 15.486509 seconds.
  path: Assets/Resources/UI/Character Appearance Editor/ColorPicker.prefab
  artifactKey: Guid(a4375118f06a9094e97fbc315354dd72) Importer(815301076,1909f56bfc062723c751e8b465ee728b)
Start importing Assets/Resources/UI/Character Appearance Editor/ColorPicker.prefab using Guid(a4375118f06a9094e97fbc315354dd72) Importer(815301076,1909f56bfc062723c751e8b465ee728b)  -> (artifact id: '9698466d82295341c3b4e9a4829fb50b') in 0.028344 seconds
  Import took 0.031888 seconds .

========================================================================
Received Import Request.
  Time since last request: 0.084995 seconds.
  path: Assets/Resources/UI/Character Appearance Editor/ColorPicker.prefab
  artifactKey: Guid(a4375118f06a9094e97fbc315354dd72) Importer(815301076,1909f56bfc062723c751e8b465ee728b)
Start importing Assets/Resources/UI/Character Appearance Editor/ColorPicker.prefab using Guid(a4375118f06a9094e97fbc315354dd72) Importer(815301076,1909f56bfc062723c751e8b465ee728b)  -> (artifact id: '9698466d82295341c3b4e9a4829fb50b') in 0.027531 seconds
  Import took 0.030641 seconds .

========================================================================
Received Prepare
Registering precompiled user dll's ...
Registered in 0.000996 seconds.
Begin MonoManager ReloadAssembly
Native extension for LinuxStandalone target not found
Native extension for WindowsStandalone target not found
Native extension for OSXStandalone target not found
Refreshing native plugins compatible for Editor in 0.24 ms, found 0 plugins.
Preloading 0 native plugins for Editor in 0.00 ms.
Mono: successfully reloaded assembly
- Completed reload, in  1.047 seconds
Platform modules already initialized, skipping
Refreshing native plugins compatible for Editor in 0.36 ms, found 0 plugins.
Preloading 0 native plugins for Editor in 0.00 ms.
Unloading 1251 Unused Serialized files (Serialized files now loaded: 0)
System memory in use before: 63.1 MB.
System memory in use after: 63.2 MB.

Unloading 5 unused Assets to reduce memory usage. Loaded Objects now: 1756.
Total: 2.558000 ms (FindLiveObjects: 0.406600 ms CreateObjectMapping: 0.075000 ms MarkObjects: 2.036500 ms  DeleteObjects: 0.022000 ms)

========================================================================
Received Import Request.
  Time since last request: 21.600033 seconds.
  path: Assets/Resources/UI/Character Appearance Editor/ColorPicker.prefab
  artifactKey: Guid(a4375118f06a9094e97fbc315354dd72) Importer(815301076,1909f56bfc062723c751e8b465ee728b)
Start importing Assets/Resources/UI/Character Appearance Editor/ColorPicker.prefab using Guid(a4375118f06a9094e97fbc315354dd72) Importer(815301076,1909f56bfc062723c751e8b465ee728b)  -> (artifact id: 'b022cd18ff0b0ed298c4a08ebc95e161') in 0.125508 seconds
  Import took 0.129874 seconds .

========================================================================
Received Prepare
Registering precompiled user dll's ...
Registered in 0.001173 seconds.
Begin MonoManager ReloadAssembly
Native extension for LinuxStandalone target not found
Native extension for WindowsStandalone target not found
Native extension for OSXStandalone target not found
Refreshing native plugins compatible for Editor in 0.28 ms, found 0 plugins.
Preloading 0 native plugins for Editor in 0.00 ms.
Mono: successfully reloaded assembly
- Completed reload, in  1.019 seconds
Platform modules already initialized, skipping
Refreshing native plugins compatible for Editor in 0.35 ms, found 0 plugins.
Preloading 0 native plugins for Editor in 0.00 ms.
Unloading 1251 Unused Serialized files (Serialized files now loaded: 0)
System memory in use before: 63.1 MB.
System memory in use after: 63.2 MB.

Unloading 5 unused Assets to reduce memory usage. Loaded Objects now: 1759.
Total: 1.788500 ms (FindLiveObjects: 0.129000 ms CreateObjectMapping: 0.037400 ms MarkObjects: 1.602900 ms  DeleteObjects: 0.018400 ms)

========================================================================
Received Import Request.
  Time since last request: 21.692272 seconds.
  path: Assets/Resources/UI/Character Appearance Editor/ColorPicker.prefab
  artifactKey: Guid(a4375118f06a9094e97fbc315354dd72) Importer(815301076,1909f56bfc062723c751e8b465ee728b)
Start importing Assets/Resources/UI/Character Appearance Editor/ColorPicker.prefab using Guid(a4375118f06a9094e97fbc315354dd72) Importer(815301076,1909f56bfc062723c751e8b465ee728b)  -> (artifact id: '67076693553bc461e49280b6651289f1') in 0.134994 seconds
  Import took 0.138533 seconds .

========================================================================
Received Prepare
Registering precompiled user dll's ...
Registered in 0.001278 seconds.
Begin MonoManager ReloadAssembly
Native extension for LinuxStandalone target not found
Native extension for WindowsStandalone target not found
Native extension for OSXStandalone target not found
Refreshing native plugins compatible for Editor in 0.24 ms, found 0 plugins.
Preloading 0 native plugins for Editor in 0.00 ms.
Mono: successfully reloaded assembly
- Completed reload, in  1.021 seconds
Platform modules already initialized, skipping
Refreshing native plugins compatible for Editor in 0.41 ms, found 0 plugins.
Preloading 0 native plugins for Editor in 0.00 ms.
Unloading 1251 Unused Serialized files (Serialized files now loaded: 0)
System memory in use before: 63.1 MB.
System memory in use after: 63.2 MB.

Unloading 5 unused Assets to reduce memory usage. Loaded Objects now: 1762.
Total: 2.308100 ms (FindLiveObjects: 0.219500 ms CreateObjectMapping: 0.066500 ms MarkObjects: 1.999500 ms  DeleteObjects: 0.021400 ms)

========================================================================
Received Import Request.
  Time since last request: 115.839739 seconds.
  path: Assets/Resources/UI/Character Appearance Editor/ColorPicker.prefab
  artifactKey: Guid(a4375118f06a9094e97fbc315354dd72) Importer(815301076,1909f56bfc062723c751e8b465ee728b)
Start importing Assets/Resources/UI/Character Appearance Editor/ColorPicker.prefab using Guid(a4375118f06a9094e97fbc315354dd72) Importer(815301076,1909f56bfc062723c751e8b465ee728b)  -> (artifact id: '262be3011ceac9e2e7836f16c0d1af56') in 0.140714 seconds
  Import took 0.145723 seconds .

========================================================================
Received Import Request.
  Time since last request: 11.087024 seconds.
  path: Assets/Resources/UI/Character Appearance Editor/ColorPicker.prefab
  artifactKey: Guid(a4375118f06a9094e97fbc315354dd72) Importer(815301076,1909f56bfc062723c751e8b465ee728b)
Start importing Assets/Resources/UI/Character Appearance Editor/ColorPicker.prefab using Guid(a4375118f06a9094e97fbc315354dd72) Importer(815301076,1909f56bfc062723c751e8b465ee728b)  -> (artifact id: '97cf384adb3872b01d8fae52dd0f4eb2') in 0.030495 seconds
  Import took 0.033490 seconds .

========================================================================
Received Import Request.
  Time since last request: 19.293175 seconds.
  path: Assets/Resources/UI/Character Appearance Editor/ColorPicker.prefab
  artifactKey: Guid(a4375118f06a9094e97fbc315354dd72) Importer(815301076,1909f56bfc062723c751e8b465ee728b)
Start importing Assets/Resources/UI/Character Appearance Editor/ColorPicker.prefab using Guid(a4375118f06a9094e97fbc315354dd72) Importer(815301076,1909f56bfc062723c751e8b465ee728b)  -> (artifact id: '837cbfcdeffe8f97514a40362303c516') in 0.027090 seconds
  Import took 0.030460 seconds .

========================================================================
Received Import Request.
  Time since last request: 0.084426 seconds.
  path: Assets/Resources/UI/Character Appearance Editor/ColorPicker.prefab
  artifactKey: Guid(a4375118f06a9094e97fbc315354dd72) Importer(815301076,1909f56bfc062723c751e8b465ee728b)
Start importing Assets/Resources/UI/Character Appearance Editor/ColorPicker.prefab using Guid(a4375118f06a9094e97fbc315354dd72) Importer(815301076,1909f56bfc062723c751e8b465ee728b)  -> (artifact id: '837cbfcdeffe8f97514a40362303c516') in 0.028197 seconds
  Import took 0.032256 seconds .

========================================================================
Received Prepare
Registering precompiled user dll's ...
Registered in 0.001563 seconds.
Begin MonoManager ReloadAssembly
Native extension for LinuxStandalone target not found
Native extension for WindowsStandalone target not found
Native extension for OSXStandalone target not found
Refreshing native plugins compatible for Editor in 0.24 ms, found 0 plugins.
Preloading 0 native plugins for Editor in 0.00 ms.
Mono: successfully reloaded assembly
- Completed reload, in  1.052 seconds
Platform modules already initialized, skipping
Refreshing native plugins compatible for Editor in 0.43 ms, found 0 plugins.
Preloading 0 native plugins for Editor in 0.00 ms.
Unloading 1251 Unused Serialized files (Serialized files now loaded: 0)
System memory in use before: 63.1 MB.
System memory in use after: 63.2 MB.

Unloading 5 unused Assets to reduce memory usage. Loaded Objects now: 1765.
Total: 2.425300 ms (FindLiveObjects: 0.299700 ms CreateObjectMapping: 0.118600 ms MarkObjects: 1.969400 ms  DeleteObjects: 0.036100 ms)

========================================================================
Received Import Request.
  Time since last request: 3.284601 seconds.
  path: Assets/Resources/UI/Character Appearance Editor/ColorPicker.prefab
  artifactKey: Guid(a4375118f06a9094e97fbc315354dd72) Importer(815301076,1909f56bfc062723c751e8b465ee728b)
Start importing Assets/Resources/UI/Character Appearance Editor/ColorPicker.prefab using Guid(a4375118f06a9094e97fbc315354dd72) Importer(815301076,1909f56bfc062723c751e8b465ee728b)  -> (artifact id: 'cc3d89682e2b583c9170a3a017204467') in 0.118243 seconds
  Import took 0.122426 seconds .

========================================================================
Received Import Request.
  Time since last request: 4.123858 seconds.
  path: Assets/Resources/UI/Character Appearance Editor/ColorPicker.prefab
  artifactKey: Guid(a4375118f06a9094e97fbc315354dd72) Importer(815301076,1909f56bfc062723c751e8b465ee728b)
Start importing Assets/Resources/UI/Character Appearance Editor/ColorPicker.prefab using Guid(a4375118f06a9094e97fbc315354dd72) Importer(815301076,1909f56bfc062723c751e8b465ee728b)  -> (artifact id: 'bcfcd95c089dc92fcba8f9385361cc4d') in 0.036099 seconds
  Import took 0.039811 seconds .

========================================================================
Received Prepare
Registering precompiled user dll's ...
Registered in 0.001359 seconds.
Begin MonoManager ReloadAssembly
Native extension for LinuxStandalone target not found
Native extension for WindowsStandalone target not found
Native extension for OSXStandalone target not found
Refreshing native plugins compatible for Editor in 0.24 ms, found 0 plugins.
Preloading 0 native plugins for Editor in 0.00 ms.
Mono: successfully reloaded assembly
- Completed reload, in  1.030 seconds
Platform modules already initialized, skipping
Refreshing native plugins compatible for Editor in 0.30 ms, found 0 plugins.
Preloading 0 native plugins for Editor in 0.00 ms.
Unloading 1251 Unused Serialized files (Serialized files now loaded: 0)
System memory in use before: 63.1 MB.
System memory in use after: 63.2 MB.

Unloading 5 unused Assets to reduce memory usage. Loaded Objects now: 1768.
Total: 2.360500 ms (FindLiveObjects: 0.294700 ms CreateObjectMapping: 0.095500 ms MarkObjects: 1.917900 ms  DeleteObjects: 0.051300 ms)

========================================================================
Received Prepare
Registering precompiled user dll's ...
Registered in 0.001221 seconds.
Begin MonoManager ReloadAssembly
Native extension for LinuxStandalone target not found
Native extension for WindowsStandalone target not found
Native extension for OSXStandalone target not found
Refreshing native plugins compatible for Editor in 0.29 ms, found 0 plugins.
Preloading 0 native plugins for Editor in 0.00 ms.
Mono: successfully reloaded assembly
- Completed reload, in  1.331 seconds
Platform modules already initialized, skipping
Refreshing native plugins compatible for Editor in 0.42 ms, found 0 plugins.
Preloading 0 native plugins for Editor in 0.00 ms.
Unloading 1251 Unused Serialized files (Serialized files now loaded: 0)
System memory in use before: 63.1 MB.
System memory in use after: 63.2 MB.

Unloading 4 unused Assets to reduce memory usage. Loaded Objects now: 1771.
Total: 2.444500 ms (FindLiveObjects: 0.175500 ms CreateObjectMapping: 0.054700 ms MarkObjects: 2.185200 ms  DeleteObjects: 0.027000 ms)

========================================================================
Received Import Request.
  Time since last request: 1000.148808 seconds.
  path: Assets/ScriptableObjects/Entities/PlayerAppearanceItems/Tail_Uniform_Base.asset
  artifactKey: Guid(802437a081877944daca12567c8cb2d6) Importer(815301076,1909f56bfc062723c751e8b465ee728b)
Start importing Assets/ScriptableObjects/Entities/PlayerAppearanceItems/Tail_Uniform_Base.asset using Guid(802437a081877944daca12567c8cb2d6) Importer(815301076,1909f56bfc062723c751e8b465ee728b)  -> (artifact id: '9b571b9759919d62ab290fe0c2c4197b') in 0.120543 seconds
  Import took 0.124399 seconds .

========================================================================
Received Prepare
Registering precompiled user dll's ...
Registered in 0.000939 seconds.
Begin MonoManager ReloadAssembly
Native extension for LinuxStandalone target not found
Native extension for WindowsStandalone target not found
Native extension for OSXStandalone target not found
Refreshing native plugins compatible for Editor in 0.32 ms, found 0 plugins.
Preloading 0 native plugins for Editor in 0.00 ms.
Mono: successfully reloaded assembly
- Completed reload, in  1.133 seconds
Platform modules already initialized, skipping
Refreshing native plugins compatible for Editor in 0.29 ms, found 0 plugins.
Preloading 0 native plugins for Editor in 0.00 ms.
Unloading 1251 Unused Serialized files (Serialized files now loaded: 0)
System memory in use before: 63.1 MB.
System memory in use after: 63.2 MB.

Unloading 5 unused Assets to reduce memory usage. Loaded Objects now: 1774.
Total: 2.014000 ms (FindLiveObjects: 0.226400 ms CreateObjectMapping: 0.047700 ms MarkObjects: 1.703200 ms  DeleteObjects: 0.035600 ms)

========================================================================
Received Prepare
Registering precompiled user dll's ...
Registered in 0.001187 seconds.
Begin MonoManager ReloadAssembly
Native extension for LinuxStandalone target not found
Native extension for WindowsStandalone target not found
Native extension for OSXStandalone target not found
Refreshing native plugins compatible for Editor in 0.24 ms, found 0 plugins.
Preloading 0 native plugins for Editor in 0.00 ms.
Mono: successfully reloaded assembly
- Completed reload, in  1.253 seconds
Platform modules already initialized, skipping
Refreshing native plugins compatible for Editor in 0.32 ms, found 0 plugins.
Preloading 0 native plugins for Editor in 0.00 ms.
Unloading 1251 Unused Serialized files (Serialized files now loaded: 0)
System memory in use before: 63.1 MB.
System memory in use after: 63.2 MB.

Unloading 4 unused Assets to reduce memory usage. Loaded Objects now: 1777.
Total: 2.726900 ms (FindLiveObjects: 0.325900 ms CreateObjectMapping: 0.074000 ms MarkObjects: 2.287300 ms  DeleteObjects: 0.021800 ms)

========================================================================
Received Import Request.
  Time since last request: 193.583059 seconds.
  path: Assets/ScriptableObjects/Entities/PlayerAppearanceItems/EyeShine.asset
  artifactKey: Guid(8cb2de79885966f4ab122de8e7b04743) Importer(815301076,1909f56bfc062723c751e8b465ee728b)
Start importing Assets/ScriptableObjects/Entities/PlayerAppearanceItems/EyeShine.asset using Guid(8cb2de79885966f4ab122de8e7b04743) Importer(815301076,1909f56bfc062723c751e8b465ee728b)  -> (artifact id: '4b29797a60920ef452d16cd1c8fde5da') in 0.125001 seconds
  Import took 0.128494 seconds .

========================================================================
Received Import Request.
  Time since last request: 6.667735 seconds.
  path: Assets/ScriptableObjects/Entities/PlayerAppearanceItems/Shadow.asset
  artifactKey: Guid(626d94a7f9ccf5946856323b5b24c5fc) Importer(815301076,1909f56bfc062723c751e8b465ee728b)
Start importing Assets/ScriptableObjects/Entities/PlayerAppearanceItems/Shadow.asset using Guid(626d94a7f9ccf5946856323b5b24c5fc) Importer(815301076,1909f56bfc062723c751e8b465ee728b)  -> (artifact id: '4a5ef200769ae3a5d08294cdd4f4e96f') in 0.034698 seconds
  Import took 0.038577 seconds .

========================================================================
Received Import Request.
  Time since last request: 1.116882 seconds.
  path: Assets/Packages/FlexibleColorPicker/Sprites/FCP_AlphaBackground.png
  artifactKey: Guid(24392f2a1b3d4064380cf4f99d87255e) Importer(815301076,1909f56bfc062723c751e8b465ee728b)
Start importing Assets/Packages/FlexibleColorPicker/Sprites/FCP_AlphaBackground.png using Guid(24392f2a1b3d4064380cf4f99d87255e) Importer(815301076,1909f56bfc062723c751e8b465ee728b)  -> (artifact id: 'd3fe64ba67ac5b3118521cabd6a80be0') in 0.191000 seconds
  Import took 0.194492 seconds .

========================================================================
Received Import Request.
  Time since last request: 0.000235 seconds.
  path: Assets/Packages/FlexibleColorPicker/Sprites/FCP_LeftArrowKnob.png
  artifactKey: Guid(a9fcce25926f2304288d784b58c60dd0) Importer(815301076,1909f56bfc062723c751e8b465ee728b)
Start importing Assets/Packages/FlexibleColorPicker/Sprites/FCP_LeftArrowKnob.png using Guid(a9fcce25926f2304288d784b58c60dd0) Importer(815301076,1909f56bfc062723c751e8b465ee728b)  -> (artifact id: 'b55e00297806ede7e7d7bb9faaf816eb') in 0.014391 seconds
  Import took 0.018266 seconds .

========================================================================
Received Import Request.
  Time since last request: 0.000321 seconds.
  path: Assets/Packages/FlexibleColorPicker/Sprites/FCP_AlphaBackground.png
  artifactKey: Guid(24392f2a1b3d4064380cf4f99d87255e) Importer(815301076,1909f56bfc062723c751e8b465ee728b)
Start importing Assets/Packages/FlexibleColorPicker/Sprites/FCP_AlphaBackground.png using Guid(24392f2a1b3d4064380cf4f99d87255e) Importer(815301076,1909f56bfc062723c751e8b465ee728b)  -> (artifact id: 'd3fe64ba67ac5b3118521cabd6a80be0') in 0.010938 seconds
  Import took 0.013688 seconds .

========================================================================
Received Import Request.
  Time since last request: 0.000323 seconds.
  path: Assets/Packages/FlexibleColorPicker/Sprites/FCP_BottomArrowKnob.png
  artifactKey: Guid(e5d4b2a2d4f7f0a4d9d29612aaf020f2) Importer(815301076,1909f56bfc062723c751e8b465ee728b)
Start importing Assets/Packages/FlexibleColorPicker/Sprites/FCP_BottomArrowKnob.png using Guid(e5d4b2a2d4f7f0a4d9d29612aaf020f2) Importer(815301076,1909f56bfc062723c751e8b465ee728b)  -> (artifact id: '500c0e980c121deca5386b68be3c3225') in 0.010737 seconds
  Import took 0.013596 seconds .

========================================================================
Received Import Request.
  Time since last request: 0.000327 seconds.
  path: Assets/Packages/FlexibleColorPicker/Sprites/FCP_MeshedSpriteHighDetail.png
  artifactKey: Guid(ce940996bbf9aaf48b93e33ebcc08831) Importer(815301076,1909f56bfc062723c751e8b465ee728b)
Start importing Assets/Packages/FlexibleColorPicker/Sprites/FCP_MeshedSpriteHighDetail.png using Guid(ce940996bbf9aaf48b93e33ebcc08831) Importer(815301076,1909f56bfc062723c751e8b465ee728b)  -> (artifact id: '8152dc5a6f9fb9d0bb0a031ec8b47f4b') in 0.013288 seconds
  Import took 0.016012 seconds .

========================================================================
Received Import Request.
  Time since last request: 0.000734 seconds.
  path: Assets/Packages/FlexibleColorPicker/Sprites/FCP_BottomArrowKnob.png
  artifactKey: Guid(e5d4b2a2d4f7f0a4d9d29612aaf020f2) Importer(815301076,1909f56bfc062723c751e8b465ee728b)
Start importing Assets/Packages/FlexibleColorPicker/Sprites/FCP_BottomArrowKnob.png using Guid(e5d4b2a2d4f7f0a4d9d29612aaf020f2) Importer(815301076,1909f56bfc062723c751e8b465ee728b)  -> (artifact id: '500c0e980c121deca5386b68be3c3225') in 0.013255 seconds
  Import took 0.016304 seconds .

========================================================================
Received Import Request.
  Time since last request: 0.000307 seconds.
  path: Assets/Packages/FlexibleColorPicker/Sprites/FCP_HorizontalBarKnob.png
  artifactKey: Guid(8fd1d60e5ba7bda48a1a1c8fed5b95b4) Importer(815301076,1909f56bfc062723c751e8b465ee728b)
Start importing Assets/Packages/FlexibleColorPicker/Sprites/FCP_HorizontalBarKnob.png using Guid(8fd1d60e5ba7bda48a1a1c8fed5b95b4) Importer(815301076,1909f56bfc062723c751e8b465ee728b)  -> (artifact id: 'f2db85d415899c100b7a7f40e47873e2') in 0.012929 seconds
  Import took 0.015380 seconds .

========================================================================
Received Import Request.
  Time since last request: 0.001245 seconds.
  path: Assets/Packages/FlexibleColorPicker/Sprites/FCP_HorizontalBarKnob.png
  artifactKey: Guid(8fd1d60e5ba7bda48a1a1c8fed5b95b4) Importer(815301076,1909f56bfc062723c751e8b465ee728b)
Start importing Assets/Packages/FlexibleColorPicker/Sprites/FCP_HorizontalBarKnob.png using Guid(8fd1d60e5ba7bda48a1a1c8fed5b95b4) Importer(815301076,1909f56bfc062723c751e8b465ee728b)  -> (artifact id: 'f2db85d415899c100b7a7f40e47873e2') in 0.012504 seconds
  Import took 0.015550 seconds .

========================================================================
Received Import Request.
  Time since last request: 8.984832 seconds.
  path: Assets/ScriptableObjects/Entities/PlayerAppearanceItems/Shadow.asset
  artifactKey: Guid(626d94a7f9ccf5946856323b5b24c5fc) Importer(815301076,1909f56bfc062723c751e8b465ee728b)
Start importing Assets/ScriptableObjects/Entities/PlayerAppearanceItems/Shadow.asset using Guid(626d94a7f9ccf5946856323b5b24c5fc) Importer(815301076,1909f56bfc062723c751e8b465ee728b)  -> (artifact id: '03f8e67d112fe95b71cfe98da0b593d5') in 0.036804 seconds
  Import took 0.041463 seconds .

========================================================================
Received Import Request.
  Time since last request: 4.065154 seconds.
  path: Assets/ScriptableObjects/Entities/PlayerAppearanceItems/EyeShine.asset
  artifactKey: Guid(8cb2de79885966f4ab122de8e7b04743) Importer(815301076,1909f56bfc062723c751e8b465ee728b)
Start importing Assets/ScriptableObjects/Entities/PlayerAppearanceItems/EyeShine.asset using Guid(8cb2de79885966f4ab122de8e7b04743) Importer(815301076,1909f56bfc062723c751e8b465ee728b)  -> (artifact id: '167bbad2df9c44a1fe8c6f74d5226c5e') in 0.031161 seconds
  Import took 0.035917 seconds .

========================================================================
Received Prepare
Registering precompiled user dll's ...
Registered in 0.001342 seconds.
Begin MonoManager ReloadAssembly
Native extension for LinuxStandalone target not found
Native extension for WindowsStandalone target not found
Native extension for OSXStandalone target not found
Refreshing native plugins compatible for Editor in 0.25 ms, found 0 plugins.
Preloading 0 native plugins for Editor in 0.00 ms.
Mono: successfully reloaded assembly
- Completed reload, in  1.061 seconds
Platform modules already initialized, skipping
Refreshing native plugins compatible for Editor in 0.27 ms, found 0 plugins.
Preloading 0 native plugins for Editor in 0.00 ms.
Unloading 1251 Unused Serialized files (Serialized files now loaded: 0)
System memory in use before: 66.2 MB.
System memory in use after: 66.3 MB.

Unloading 5 unused Assets to reduce memory usage. Loaded Objects now: 1790.
Total: 2.098800 ms (FindLiveObjects: 0.200000 ms CreateObjectMapping: 0.058300 ms MarkObjects: 1.817100 ms  DeleteObjects: 0.022300 ms)

========================================================================
Received Prepare
Registering precompiled user dll's ...
Registered in 0.001296 seconds.
Begin MonoManager ReloadAssembly
Native extension for LinuxStandalone target not found
Native extension for WindowsStandalone target not found
Native extension for OSXStandalone target not found
Refreshing native plugins compatible for Editor in 0.58 ms, found 0 plugins.
Preloading 0 native plugins for Editor in 0.00 ms.
Mono: successfully reloaded assembly
- Completed reload, in  1.526 seconds
Platform modules already initialized, skipping
Refreshing native plugins compatible for Editor in 0.25 ms, found 0 plugins.
Preloading 0 native plugins for Editor in 0.00 ms.
Unloading 1251 Unused Serialized files (Serialized files now loaded: 0)
System memory in use before: 66.2 MB.
System memory in use after: 66.3 MB.

Unloading 4 unused Assets to reduce memory usage. Loaded Objects now: 1793.
Total: 2.119300 ms (FindLiveObjects: 0.221000 ms CreateObjectMapping: 0.121700 ms MarkObjects: 1.758200 ms  DeleteObjects: 0.016200 ms)

========================================================================
Received Prepare
Registering precompiled user dll's ...
Registered in 0.000997 seconds.
Begin MonoManager ReloadAssembly
Native extension for LinuxStandalone target not found
Native extension for WindowsStandalone target not found
Native extension for OSXStandalone target not found
Refreshing native plugins compatible for Editor in 0.27 ms, found 0 plugins.
Preloading 0 native plugins for Editor in 0.00 ms.
Mono: successfully reloaded assembly
- Completed reload, in  1.253 seconds
Platform modules already initialized, skipping
Refreshing native plugins compatible for Editor in 0.58 ms, found 0 plugins.
Preloading 0 native plugins for Editor in 0.00 ms.
Unloading 1251 Unused Serialized files (Serialized files now loaded: 0)
System memory in use before: 66.2 MB.
System memory in use after: 66.3 MB.

Unloading 4 unused Assets to reduce memory usage. Loaded Objects now: 1796.
Total: 2.157200 ms (FindLiveObjects: 0.210900 ms CreateObjectMapping: 0.043300 ms MarkObjects: 1.864000 ms  DeleteObjects: 0.036700 ms)

========================================================================
Received Prepare
Registering precompiled user dll's ...
Registered in 0.000926 seconds.
Begin MonoManager ReloadAssembly
Native extension for LinuxStandalone target not found
Native extension for WindowsStandalone target not found
Native extension for OSXStandalone target not found
Refreshing native plugins compatible for Editor in 0.29 ms, found 0 plugins.
Preloading 0 native plugins for Editor in 0.00 ms.
Mono: successfully reloaded assembly
- Completed reload, in  1.119 seconds
Platform modules already initialized, skipping
Refreshing native plugins compatible for Editor in 0.49 ms, found 0 plugins.
Preloading 0 native plugins for Editor in 0.00 ms.
Unloading 1251 Unused Serialized files (Serialized files now loaded: 0)
System memory in use before: 66.2 MB.
System memory in use after: 66.3 MB.

Unloading 4 unused Assets to reduce memory usage. Loaded Objects now: 1799.
Total: 2.038700 ms (FindLiveObjects: 0.248100 ms CreateObjectMapping: 0.055200 ms MarkObjects: 1.698100 ms  DeleteObjects: 0.034900 ms)

========================================================================
Received Prepare
Registering precompiled user dll's ...
Registered in 0.000905 seconds.
Begin MonoManager ReloadAssembly
Native extension for LinuxStandalone target not found
Native extension for WindowsStandalone target not found
Native extension for OSXStandalone target not found
Refreshing native plugins compatible for Editor in 0.25 ms, found 0 plugins.
Preloading 0 native plugins for Editor in 0.00 ms.
Mono: successfully reloaded assembly
- Completed reload, in  1.072 seconds
Platform modules already initialized, skipping
Refreshing native plugins compatible for Editor in 0.31 ms, found 0 plugins.
Preloading 0 native plugins for Editor in 0.00 ms.
Unloading 1251 Unused Serialized files (Serialized files now loaded: 0)
System memory in use before: 66.2 MB.
System memory in use after: 66.3 MB.

Unloading 4 unused Assets to reduce memory usage. Loaded Objects now: 1802.
Total: 2.484800 ms (FindLiveObjects: 0.384500 ms CreateObjectMapping: 0.139700 ms MarkObjects: 1.942700 ms  DeleteObjects: 0.017000 ms)

========================================================================
Received Import Request.
  Time since last request: 52530.576461 seconds.
  path: Assets/ScriptableObjects/Entities/PlayerAppearanceItems/Eyes.asset
  artifactKey: Guid(a0085cd2ec461e740aefd1aee1e1dea5) Importer(815301076,1909f56bfc062723c751e8b465ee728b)
Start importing Assets/ScriptableObjects/Entities/PlayerAppearanceItems/Eyes.asset using Guid(a0085cd2ec461e740aefd1aee1e1dea5) Importer(815301076,1909f56bfc062723c751e8b465ee728b)  -> (artifact id: '004001617f94ce44187f6ad06abd4f1c') in 0.145302 seconds
  Import took 0.149688 seconds .

========================================================================
Received Import Request.
  Time since last request: 58.226965 seconds.
  path: Assets/ScriptableObjects/Entities/PlayerAppearanceItems/Mane_Uniform_Base.asset
  artifactKey: Guid(9f9ae021123119740afee9d815822b25) Importer(815301076,1909f56bfc062723c751e8b465ee728b)
Start importing Assets/ScriptableObjects/Entities/PlayerAppearanceItems/Mane_Uniform_Base.asset using Guid(9f9ae021123119740afee9d815822b25) Importer(815301076,1909f56bfc062723c751e8b465ee728b)  -> (artifact id: '92ea7051ae9d97e39cc91d3e994d8dfc') in 0.031717 seconds
  Import took 0.034839 seconds .

========================================================================
Received Prepare
Registering precompiled user dll's ...
Registered in 0.000984 seconds.
Begin MonoManager ReloadAssembly
Native extension for LinuxStandalone target not found
Native extension for WindowsStandalone target not found
Native extension for OSXStandalone target not found
Refreshing native plugins compatible for Editor in 0.24 ms, found 0 plugins.
Preloading 0 native plugins for Editor in 0.00 ms.
Mono: successfully reloaded assembly
- Completed reload, in  1.098 seconds
Platform modules already initialized, skipping
Refreshing native plugins compatible for Editor in 0.27 ms, found 0 plugins.
Preloading 0 native plugins for Editor in 0.00 ms.
Unloading 1251 Unused Serialized files (Serialized files now loaded: 0)
System memory in use before: 66.2 MB.
System memory in use after: 66.3 MB.

Unloading 5 unused Assets to reduce memory usage. Loaded Objects now: 1805.
Total: 2.006600 ms (FindLiveObjects: 0.150200 ms CreateObjectMapping: 0.037600 ms MarkObjects: 1.796600 ms  DeleteObjects: 0.021300 ms)

========================================================================
Received Import Request.
  Time since last request: 101.574277 seconds.
  path: Assets/ScriptableObjects/Entities/PlayerAppearanceItems/Mane_Uniform_Gradient_1.asset
  artifactKey: Guid(0b4a55f7900d9f548a4fa6aa0551d2aa) Importer(815301076,1909f56bfc062723c751e8b465ee728b)
Start importing Assets/ScriptableObjects/Entities/PlayerAppearanceItems/Mane_Uniform_Gradient_1.asset using Guid(0b4a55f7900d9f548a4fa6aa0551d2aa) Importer(815301076,1909f56bfc062723c751e8b465ee728b)  -> (artifact id: 'f983f1c5e8066c4724fadfd5be13900f') in 0.134239 seconds
  Import took 0.137492 seconds .

========================================================================
Received Import Request.
  Time since last request: 23.902210 seconds.
  path: Assets/ScriptableObjects/Entities/PlayerAppearanceItems/Mane_Uniform_Gradient_2.asset
  artifactKey: Guid(c231094cb6b0cd0428d37e7581f7e461) Importer(815301076,1909f56bfc062723c751e8b465ee728b)
Start importing Assets/ScriptableObjects/Entities/PlayerAppearanceItems/Mane_Uniform_Gradient_2.asset using Guid(c231094cb6b0cd0428d37e7581f7e461) Importer(815301076,1909f56bfc062723c751e8b465ee728b)  -> (artifact id: '6d676ee127d560d0231c900ee74513ce') in 0.030464 seconds
  Import took 0.034105 seconds .

========================================================================
Received Import Request.
  Time since last request: 8.279382 seconds.
  path: Assets/Media/Sprites/player_sprites/hair_bedhead_gradient_2.png
  artifactKey: Guid(7478a010ffa341c4cb90fe8877ce7e52) Importer(815301076,1909f56bfc062723c751e8b465ee728b)
Start importing Assets/Media/Sprites/player_sprites/hair_bedhead_gradient_2.png using Guid(7478a010ffa341c4cb90fe8877ce7e52) Importer(815301076,1909f56bfc062723c751e8b465ee728b)  -> (artifact id: '431834a1b3ff3fed4f8105e724ea9574') in 0.312752 seconds
  Import took 0.315886 seconds .

========================================================================
Received Import Request.
  Time since last request: 0.000280 seconds.
  path: Assets/Media/Sprites/player_sprites/hair_uniform_stripe_1.png
  artifactKey: Guid(3b3fd436414ce9a499b95f7e4c45302f) Importer(815301076,1909f56bfc062723c751e8b465ee728b)
Start importing Assets/Media/Sprites/player_sprites/hair_uniform_stripe_1.png using Guid(3b3fd436414ce9a499b95f7e4c45302f) Importer(815301076,1909f56bfc062723c751e8b465ee728b)  -> (artifact id: '39a5df4fb1073d809fae0a951ff73061') in 0.014041 seconds
  Import took 0.017648 seconds .

========================================================================
Received Import Request.
  Time since last request: 0.000215 seconds.
  path: Assets/Media/Sprites/player_sprites/hair_uniform_gradient_2.png
  artifactKey: Guid(e6b6e68152d7b864e86421f8a4479d1b) Importer(815301076,1909f56bfc062723c751e8b465ee728b)
Start importing Assets/Media/Sprites/player_sprites/hair_uniform_gradient_2.png using Guid(e6b6e68152d7b864e86421f8a4479d1b) Importer(815301076,1909f56bfc062723c751e8b465ee728b)  -> (artifact id: 'f0dbdd0f98378c28e6c4b9095810cc99') in 0.012072 seconds
  Import took 0.015564 seconds .

========================================================================
Received Import Request.
  Time since last request: 0.000276 seconds.
  path: Assets/Media/Sprites/player_sprites/hair_bedhead_gradient_4.png
  artifactKey: Guid(3d733f971906ccc4fa2be589ea9f31ca) Importer(815301076,1909f56bfc062723c751e8b465ee728b)
Start importing Assets/Media/Sprites/player_sprites/hair_bedhead_gradient_4.png using Guid(3d733f971906ccc4fa2be589ea9f31ca) Importer(815301076,1909f56bfc062723c751e8b465ee728b)  -> (artifact id: '3bb74aec3cb65987665bdf2829e3b78e') in 0.010758 seconds
  Import took 0.013520 seconds .

========================================================================
Received Import Request.
  Time since last request: 0.000322 seconds.
  path: Assets/Media/Sprites/player_sprites/hair_uniform_stripe_3.png
  artifactKey: Guid(f16b0c900b413af4eb456de8b39edcef) Importer(815301076,1909f56bfc062723c751e8b465ee728b)
Start importing Assets/Media/Sprites/player_sprites/hair_uniform_stripe_3.png using Guid(f16b0c900b413af4eb456de8b39edcef) Importer(815301076,1909f56bfc062723c751e8b465ee728b)  -> (artifact id: '373c54ff7b63fc0bd52b96f63b7ff3a2') in 0.010893 seconds
  Import took 0.013354 seconds .

========================================================================
Received Import Request.
  Time since last request: 0.000261 seconds.
  path: Assets/Media/Sprites/player_sprites/hair_uniform_gradient_1.png
  artifactKey: Guid(ba30db7ffd616ff4fbaabf681632844b) Importer(815301076,1909f56bfc062723c751e8b465ee728b)
Start importing Assets/Media/Sprites/player_sprites/hair_uniform_gradient_1.png using Guid(ba30db7ffd616ff4fbaabf681632844b) Importer(815301076,1909f56bfc062723c751e8b465ee728b)  -> (artifact id: 'a6102b3844918941020309d3504f6b12') in 0.012531 seconds
  Import took 0.015401 seconds .

========================================================================
Received Import Request.
  Time since last request: 0.000244 seconds.
  path: Assets/Media/Sprites/player_sprites/hair_uniform_base.png
  artifactKey: Guid(112bdb49cf818ad4281d9f79c61b2a3e) Importer(815301076,1909f56bfc062723c751e8b465ee728b)
Start importing Assets/Media/Sprites/player_sprites/hair_uniform_base.png using Guid(112bdb49cf818ad4281d9f79c61b2a3e) Importer(815301076,1909f56bfc062723c751e8b465ee728b)  -> (artifact id: '3dfbeca8f5a700293bd4176bc5e130cd') in 0.011371 seconds
  Import took 0.013912 seconds .

========================================================================
Received Import Request.
  Time since last request: 0.000270 seconds.
  path: Assets/Media/Sprites/player_sprites/hair_uniform_stripe_2.png
  artifactKey: Guid(e23599001608a1f4eabdc588b5630bdd) Importer(815301076,1909f56bfc062723c751e8b465ee728b)
Start importing Assets/Media/Sprites/player_sprites/hair_uniform_stripe_2.png using Guid(e23599001608a1f4eabdc588b5630bdd) Importer(815301076,1909f56bfc062723c751e8b465ee728b)  -> (artifact id: '33229cb09a472f6ff5943f71278fbb5d') in 0.010868 seconds
  Import took 0.013854 seconds .

========================================================================
Received Import Request.
  Time since last request: 0.000389 seconds.
  path: Assets/Media/Sprites/player_sprites/hair_uniform_gradient_1.png
  artifactKey: Guid(ba30db7ffd616ff4fbaabf681632844b) Importer(815301076,1909f56bfc062723c751e8b465ee728b)
Start importing Assets/Media/Sprites/player_sprites/hair_uniform_gradient_1.png using Guid(ba30db7ffd616ff4fbaabf681632844b) Importer(815301076,1909f56bfc062723c751e8b465ee728b)  -> (artifact id: 'a6102b3844918941020309d3504f6b12') in 0.009226 seconds
  Import took 0.012257 seconds .

========================================================================
Received Import Request.
  Time since last request: 0.020358 seconds.
  path: Assets/Media/Sprites/player_sprites/hair_uniform_stripe_2.png
  artifactKey: Guid(e23599001608a1f4eabdc588b5630bdd) Importer(815301076,1909f56bfc062723c751e8b465ee728b)
Start importing Assets/Media/Sprites/player_sprites/hair_uniform_stripe_2.png using Guid(e23599001608a1f4eabdc588b5630bdd) Importer(815301076,1909f56bfc062723c751e8b465ee728b)  -> (artifact id: '33229cb09a472f6ff5943f71278fbb5d') in 0.009572 seconds
  Import took 0.012216 seconds .

========================================================================
Received Import Request.
  Time since last request: 10.022316 seconds.
  path: Assets/ScriptableObjects/Entities/PlayerAppearanceItems/Mane_Uniform_Gradient_1.asset
  artifactKey: Guid(0b4a55f7900d9f548a4fa6aa0551d2aa) Importer(815301076,1909f56bfc062723c751e8b465ee728b)
Start importing Assets/ScriptableObjects/Entities/PlayerAppearanceItems/Mane_Uniform_Gradient_1.asset using Guid(0b4a55f7900d9f548a4fa6aa0551d2aa) Importer(815301076,1909f56bfc062723c751e8b465ee728b)  -> (artifact id: '99b576908f2032e6a0a1f2f587b74116') in 0.029260 seconds
  Import took 0.032925 seconds .

========================================================================
Received Import Request.
  Time since last request: 1.071189 seconds.
  path: Assets/ScriptableObjects/Entities/PlayerAppearanceItems/Mane_Uniform_Gradient_2.asset
  artifactKey: Guid(c231094cb6b0cd0428d37e7581f7e461) Importer(815301076,1909f56bfc062723c751e8b465ee728b)
Start importing Assets/ScriptableObjects/Entities/PlayerAppearanceItems/Mane_Uniform_Gradient_2.asset using Guid(c231094cb6b0cd0428d37e7581f7e461) Importer(815301076,1909f56bfc062723c751e8b465ee728b)  -> (artifact id: '9099b30d5f978f2241c886037f1c6289') in 0.097613 seconds
  Import took 0.106668 seconds .

========================================================================
Received Prepare
Registering precompiled user dll's ...
Registered in 0.000924 seconds.
Begin MonoManager ReloadAssembly
Native extension for LinuxStandalone target not found
Native extension for WindowsStandalone target not found
Native extension for OSXStandalone target not found
Refreshing native plugins compatible for Editor in 0.31 ms, found 0 plugins.
Preloading 0 native plugins for Editor in 0.00 ms.
Mono: successfully reloaded assembly
- Completed reload, in  1.085 seconds
Platform modules already initialized, skipping
Refreshing native plugins compatible for Editor in 0.38 ms, found 0 plugins.
Preloading 0 native plugins for Editor in 0.00 ms.
Unloading 1251 Unused Serialized files (Serialized files now loaded: 0)
System memory in use before: 66.3 MB.
System memory in use after: 66.4 MB.

Unloading 5 unused Assets to reduce memory usage. Loaded Objects now: 1811.
Total: 2.634700 ms (FindLiveObjects: 0.168900 ms CreateObjectMapping: 0.043700 ms MarkObjects: 2.363900 ms  DeleteObjects: 0.056500 ms)

========================================================================
Received Prepare
Registering precompiled user dll's ...
Registered in 0.000945 seconds.
Begin MonoManager ReloadAssembly
Native extension for LinuxStandalone target not found
Native extension for WindowsStandalone target not found
Native extension for OSXStandalone target not found
Refreshing native plugins compatible for Editor in 0.31 ms, found 0 plugins.
Preloading 0 native plugins for Editor in 0.00 ms.
Mono: successfully reloaded assembly
- Completed reload, in  1.101 seconds
Platform modules already initialized, skipping
Refreshing native plugins compatible for Editor in 0.28 ms, found 0 plugins.
Preloading 0 native plugins for Editor in 0.00 ms.
Unloading 1251 Unused Serialized files (Serialized files now loaded: 0)
System memory in use before: 66.3 MB.
System memory in use after: 66.4 MB.

Unloading 4 unused Assets to reduce memory usage. Loaded Objects now: 1814.
Total: 2.158500 ms (FindLiveObjects: 0.157300 ms CreateObjectMapping: 0.040000 ms MarkObjects: 1.914700 ms  DeleteObjects: 0.032000 ms)

========================================================================
Received Prepare
Registering precompiled user dll's ...
Registered in 0.001031 seconds.
Begin MonoManager ReloadAssembly
Native extension for LinuxStandalone target not found
Native extension for WindowsStandalone target not found
Native extension for OSXStandalone target not found
Refreshing native plugins compatible for Editor in 0.29 ms, found 0 plugins.
Preloading 0 native plugins for Editor in 0.00 ms.
Mono: successfully reloaded assembly
- Completed reload, in  1.138 seconds
Platform modules already initialized, skipping
Refreshing native plugins compatible for Editor in 0.42 ms, found 0 plugins.
Preloading 0 native plugins for Editor in 0.00 ms.
Unloading 1251 Unused Serialized files (Serialized files now loaded: 0)
System memory in use before: 66.3 MB.
System memory in use after: 66.4 MB.

Unloading 4 unused Assets to reduce memory usage. Loaded Objects now: 1817.
Total: 2.002100 ms (FindLiveObjects: 0.192900 ms CreateObjectMapping: 0.060400 ms MarkObjects: 1.731700 ms  DeleteObjects: 0.016000 ms)

========================================================================
Received Import Request.
  Time since last request: 79.629032 seconds.
  path: Assets/ScriptableObjects/Entities/PlayerAppearanceItems/Mane_Uniform_Base.asset
  artifactKey: Guid(9f9ae021123119740afee9d815822b25) Importer(815301076,1909f56bfc062723c751e8b465ee728b)
Start importing Assets/ScriptableObjects/Entities/PlayerAppearanceItems/Mane_Uniform_Base.asset using Guid(9f9ae021123119740afee9d815822b25) Importer(815301076,1909f56bfc062723c751e8b465ee728b)  -> (artifact id: '5d16e7eb739edf4dec2bcf55e0250b37') in 0.110300 seconds
  Import took 0.113450 seconds .

========================================================================
Received Prepare
Registering precompiled user dll's ...
Registered in 0.001014 seconds.
Begin MonoManager ReloadAssembly
Native extension for LinuxStandalone target not found
Native extension for WindowsStandalone target not found
Native extension for OSXStandalone target not found
Refreshing native plugins compatible for Editor in 0.33 ms, found 0 plugins.
Preloading 0 native plugins for Editor in 0.00 ms.
Mono: successfully reloaded assembly
- Completed reload, in  1.083 seconds
Platform modules already initialized, skipping
Refreshing native plugins compatible for Editor in 0.58 ms, found 0 plugins.
Preloading 0 native plugins for Editor in 0.00 ms.
Unloading 1251 Unused Serialized files (Serialized files now loaded: 0)
System memory in use before: 66.3 MB.
System memory in use after: 66.4 MB.

Unloading 5 unused Assets to reduce memory usage. Loaded Objects now: 1820.
Total: 2.704100 ms (FindLiveObjects: 0.199600 ms CreateObjectMapping: 0.068000 ms MarkObjects: 2.383400 ms  DeleteObjects: 0.050500 ms)

========================================================================
Received Import Request.
  Time since last request: 782.291861 seconds.
  path: Assets/Scripts/ServerInstanceInfo.cs
  artifactKey: Guid(3d6c47ed708d7b04ebf45fa61579821c) Importer(815301076,1909f56bfc062723c751e8b465ee728b)
Start importing Assets/Scripts/ServerInstanceInfo.cs using Guid(3d6c47ed708d7b04ebf45fa61579821c) Importer(815301076,1909f56bfc062723c751e8b465ee728b)  -> (artifact id: '8b01733de3ea71fa77b574461ad9d5ff') in 0.014996 seconds
  Import took 0.018321 seconds .

========================================================================
Received Import Request.
  Time since last request: 0.002628 seconds.
  path: Assets/Scripts/ServerInstanceInfo.cs
  artifactKey: Guid(3d6c47ed708d7b04ebf45fa61579821c) Importer(815301076,1909f56bfc062723c751e8b465ee728b)
Start importing Assets/Scripts/ServerInstanceInfo.cs using Guid(3d6c47ed708d7b04ebf45fa61579821c) Importer(815301076,1909f56bfc062723c751e8b465ee728b)  -> (artifact id: '8b01733de3ea71fa77b574461ad9d5ff') in 0.002736 seconds
  Import took 0.005846 seconds .

========================================================================
Received Import Request.
  Time since last request: 3.551061 seconds.
  path: Assets/Scripts/UI
  artifactKey: Guid(70bb92cb7169bc642985dcbe88b506e1) Importer(815301076,1909f56bfc062723c751e8b465ee728b)
Start importing Assets/Scripts/UI using Guid(70bb92cb7169bc642985dcbe88b506e1) Importer(815301076,1909f56bfc062723c751e8b465ee728b)  -> (artifact id: '0890a13f820c105fe1e16336d16d2bb7') in 0.003716 seconds
  Import took 0.006504 seconds .

========================================================================
Received Import Request.
  Time since last request: 1.488844 seconds.
  path: Assets/Scripts/CharacterAppearanceMenu.cs
  artifactKey: Guid(2e223b2ec4073e74490be5ad5b3ff434) Importer(815301076,1909f56bfc062723c751e8b465ee728b)
Start importing Assets/Scripts/CharacterAppearanceMenu.cs using Guid(2e223b2ec4073e74490be5ad5b3ff434) Importer(815301076,1909f56bfc062723c751e8b465ee728b)  -> (artifact id: 'f4642aeaedd1355ebfe928337440bcfb') in 0.002797 seconds
  Import took 0.005854 seconds .

========================================================================
Received Import Request.
  Time since last request: 0.001071 seconds.
  path: Assets/Scripts/CharacterAppearanceMenu.cs
  artifactKey: Guid(2e223b2ec4073e74490be5ad5b3ff434) Importer(815301076,1909f56bfc062723c751e8b465ee728b)
Start importing Assets/Scripts/CharacterAppearanceMenu.cs using Guid(2e223b2ec4073e74490be5ad5b3ff434) Importer(815301076,1909f56bfc062723c751e8b465ee728b)  -> (artifact id: 'f4642aeaedd1355ebfe928337440bcfb') in 0.002439 seconds
  Import took 0.004987 seconds .

========================================================================
Received Prepare
Registering precompiled user dll's ...
Registered in 0.001465 seconds.
Begin MonoManager ReloadAssembly
Native extension for LinuxStandalone target not found
Native extension for WindowsStandalone target not found
Native extension for OSXStandalone target not found
Refreshing native plugins compatible for Editor in 0.32 ms, found 0 plugins.
Preloading 0 native plugins for Editor in 0.00 ms.
Mono: successfully reloaded assembly
- Completed reload, in  1.107 seconds
Platform modules already initialized, skipping
Refreshing native plugins compatible for Editor in 0.25 ms, found 0 plugins.
Preloading 0 native plugins for Editor in 0.00 ms.
Unloading 1251 Unused Serialized files (Serialized files now loaded: 0)
System memory in use before: 66.3 MB.
System memory in use after: 66.4 MB.

Unloading 4 unused Assets to reduce memory usage. Loaded Objects now: 1823.
Total: 2.022800 ms (FindLiveObjects: 0.203900 ms CreateObjectMapping: 0.042100 ms MarkObjects: 1.759500 ms  DeleteObjects: 0.016000 ms)

========================================================================
Received Import Request.
  Time since last request: 32.268698 seconds.
  path: Assets/Scripts/UI/PlayerAppearanceSelectorUI.cs
  artifactKey: Guid(d89f79df694cdbb4091751ce3e4911f4) Importer(815301076,1909f56bfc062723c751e8b465ee728b)
Start importing Assets/Scripts/UI/PlayerAppearanceSelectorUI.cs using Guid(d89f79df694cdbb4091751ce3e4911f4) Importer(815301076,1909f56bfc062723c751e8b465ee728b)  -> (artifact id: 'ea825e283216dda4a9d9800e2996c57a') in 0.006766 seconds
  Import took 0.009990 seconds .

========================================================================
Received Prepare
Registering precompiled user dll's ...
Registered in 0.000985 seconds.
Begin MonoManager ReloadAssembly
Native extension for LinuxStandalone target not found
Native extension for WindowsStandalone target not found
Native extension for OSXStandalone target not found
Refreshing native plugins compatible for Editor in 0.24 ms, found 0 plugins.
Preloading 0 native plugins for Editor in 0.00 ms.
Mono: successfully reloaded assembly
- Completed reload, in  1.143 seconds
Platform modules already initialized, skipping
Refreshing native plugins compatible for Editor in 0.50 ms, found 0 plugins.
Preloading 0 native plugins for Editor in 0.00 ms.
Unloading 1252 Unused Serialized files (Serialized files now loaded: 0)
System memory in use before: 66.3 MB.
System memory in use after: 66.4 MB.

Unloading 4 unused Assets to reduce memory usage. Loaded Objects now: 1827.
Total: 2.939000 ms (FindLiveObjects: 0.270200 ms CreateObjectMapping: 0.055700 ms MarkObjects: 2.594700 ms  DeleteObjects: 0.016900 ms)

========================================================================
Received Prepare
Registering precompiled user dll's ...
Registered in 0.001125 seconds.
Begin MonoManager ReloadAssembly
Native extension for LinuxStandalone target not found
Native extension for WindowsStandalone target not found
Native extension for OSXStandalone target not found
Refreshing native plugins compatible for Editor in 0.30 ms, found 0 plugins.
Preloading 0 native plugins for Editor in 0.00 ms.
Mono: successfully reloaded assembly
- Completed reload, in  1.128 seconds
Platform modules already initialized, skipping
Refreshing native plugins compatible for Editor in 0.31 ms, found 0 plugins.
Preloading 0 native plugins for Editor in 0.00 ms.
Unloading 1252 Unused Serialized files (Serialized files now loaded: 0)
System memory in use before: 66.3 MB.
System memory in use after: 66.4 MB.

Unloading 4 unused Assets to reduce memory usage. Loaded Objects now: 1830.
Total: 2.975100 ms (FindLiveObjects: 0.216400 ms CreateObjectMapping: 0.056300 ms MarkObjects: 2.669600 ms  DeleteObjects: 0.030900 ms)

========================================================================
Received Prepare
Registering precompiled user dll's ...
Registered in 0.001113 seconds.
Begin MonoManager ReloadAssembly
Native extension for LinuxStandalone target not found
Native extension for WindowsStandalone target not found
Native extension for OSXStandalone target not found
Refreshing native plugins compatible for Editor in 0.24 ms, found 0 plugins.
Preloading 0 native plugins for Editor in 0.00 ms.
Mono: successfully reloaded assembly
- Completed reload, in  1.147 seconds
Platform modules already initialized, skipping
Refreshing native plugins compatible for Editor in 0.62 ms, found 0 plugins.
Preloading 0 native plugins for Editor in 0.00 ms.
Unloading 1252 Unused Serialized files (Serialized files now loaded: 0)
System memory in use before: 66.3 MB.
System memory in use after: 66.4 MB.

Unloading 4 unused Assets to reduce memory usage. Loaded Objects now: 1833.
Total: 3.234100 ms (FindLiveObjects: 0.191500 ms CreateObjectMapping: 0.060400 ms MarkObjects: 2.959900 ms  DeleteObjects: 0.020700 ms)

========================================================================
Received Prepare
Registering precompiled user dll's ...
Registered in 0.001441 seconds.
Begin MonoManager ReloadAssembly
Native extension for LinuxStandalone target not found
Native extension for WindowsStandalone target not found
Native extension for OSXStandalone target not found
Refreshing native plugins compatible for Editor in 0.52 ms, found 0 plugins.
Preloading 0 native plugins for Editor in 0.00 ms.
Mono: successfully reloaded assembly
- Completed reload, in  1.090 seconds
Platform modules already initialized, skipping
Refreshing native plugins compatible for Editor in 0.27 ms, found 0 plugins.
Preloading 0 native plugins for Editor in 0.00 ms.
Unloading 1252 Unused Serialized files (Serialized files now loaded: 0)
System memory in use before: 66.3 MB.
System memory in use after: 66.4 MB.

Unloading 4 unused Assets to reduce memory usage. Loaded Objects now: 1836.
Total: 2.139300 ms (FindLiveObjects: 0.368300 ms CreateObjectMapping: 0.055300 ms MarkObjects: 1.699300 ms  DeleteObjects: 0.015200 ms)

========================================================================
Received Prepare
Registering precompiled user dll's ...
Registered in 0.000992 seconds.
Begin MonoManager ReloadAssembly
Native extension for LinuxStandalone target not found
Native extension for WindowsStandalone target not found
Native extension for OSXStandalone target not found
Refreshing native plugins compatible for Editor in 0.37 ms, found 0 plugins.
Preloading 0 native plugins for Editor in 0.00 ms.
Mono: successfully reloaded assembly
- Completed reload, in  1.103 seconds
Platform modules already initialized, skipping
Refreshing native plugins compatible for Editor in 0.25 ms, found 0 plugins.
Preloading 0 native plugins for Editor in 0.00 ms.
Unloading 1252 Unused Serialized files (Serialized files now loaded: 0)
System memory in use before: 66.4 MB.
System memory in use after: 66.5 MB.

Unloading 4 unused Assets to reduce memory usage. Loaded Objects now: 1839.
Total: 2.359200 ms (FindLiveObjects: 0.257100 ms CreateObjectMapping: 0.059400 ms MarkObjects: 2.023000 ms  DeleteObjects: 0.018300 ms)

========================================================================
Received Prepare
Registering precompiled user dll's ...
Registered in 0.001000 seconds.
Begin MonoManager ReloadAssembly
Native extension for LinuxStandalone target not found
Native extension for WindowsStandalone target not found
Native extension for OSXStandalone target not found
Refreshing native plugins compatible for Editor in 0.29 ms, found 0 plugins.
Preloading 0 native plugins for Editor in 0.00 ms.
Mono: successfully reloaded assembly
- Completed reload, in  1.043 seconds
Platform modules already initialized, skipping
Refreshing native plugins compatible for Editor in 0.57 ms, found 0 plugins.
Preloading 0 native plugins for Editor in 0.00 ms.
Unloading 1252 Unused Serialized files (Serialized files now loaded: 0)
System memory in use before: 66.4 MB.
System memory in use after: 66.5 MB.

Unloading 4 unused Assets to reduce memory usage. Loaded Objects now: 1842.
Total: 2.070800 ms (FindLiveObjects: 0.220700 ms CreateObjectMapping: 0.063600 ms MarkObjects: 1.767300 ms  DeleteObjects: 0.017700 ms)

========================================================================
Received Prepare
Registering precompiled user dll's ...
Registered in 0.000986 seconds.
Begin MonoManager ReloadAssembly
Native extension for LinuxStandalone target not found
Native extension for WindowsStandalone target not found
Native extension for OSXStandalone target not found
Refreshing native plugins compatible for Editor in 0.33 ms, found 0 plugins.
Preloading 0 native plugins for Editor in 0.00 ms.
Mono: successfully reloaded assembly
- Completed reload, in  1.078 seconds
Platform modules already initialized, skipping
Refreshing native plugins compatible for Editor in 0.28 ms, found 0 plugins.
Preloading 0 native plugins for Editor in 0.00 ms.
Unloading 1252 Unused Serialized files (Serialized files now loaded: 0)
System memory in use before: 66.4 MB.
System memory in use after: 66.5 MB.

Unloading 4 unused Assets to reduce memory usage. Loaded Objects now: 1845.
Total: 3.219500 ms (FindLiveObjects: 0.185000 ms CreateObjectMapping: 0.043300 ms MarkObjects: 2.938100 ms  DeleteObjects: 0.051500 ms)

========================================================================
Received Prepare
Registering precompiled user dll's ...
Registered in 0.000986 seconds.
Begin MonoManager ReloadAssembly
Native extension for LinuxStandalone target not found
Native extension for WindowsStandalone target not found
Native extension for OSXStandalone target not found
Refreshing native plugins compatible for Editor in 0.24 ms, found 0 plugins.
Preloading 0 native plugins for Editor in 0.00 ms.
Mono: successfully reloaded assembly
- Completed reload, in  1.115 seconds
Platform modules already initialized, skipping
Refreshing native plugins compatible for Editor in 0.25 ms, found 0 plugins.
Preloading 0 native plugins for Editor in 0.00 ms.
Unloading 1252 Unused Serialized files (Serialized files now loaded: 0)
System memory in use before: 66.4 MB.
System memory in use after: 66.5 MB.

Unloading 4 unused Assets to reduce memory usage. Loaded Objects now: 1848.
Total: 1.904700 ms (FindLiveObjects: 0.173100 ms CreateObjectMapping: 0.044000 ms MarkObjects: 1.671000 ms  DeleteObjects: 0.015600 ms)

========================================================================
Received Prepare
Registering precompiled user dll's ...
Registered in 0.001011 seconds.
Begin MonoManager ReloadAssembly
Native extension for LinuxStandalone target not found
Native extension for WindowsStandalone target not found
Native extension for OSXStandalone target not found
Refreshing native plugins compatible for Editor in 0.25 ms, found 0 plugins.
Preloading 0 native plugins for Editor in 0.00 ms.
Mono: successfully reloaded assembly
- Completed reload, in  1.088 seconds
Platform modules already initialized, skipping
Refreshing native plugins compatible for Editor in 0.43 ms, found 0 plugins.
Preloading 0 native plugins for Editor in 0.00 ms.
Unloading 1252 Unused Serialized files (Serialized files now loaded: 0)
System memory in use before: 66.4 MB.
System memory in use after: 66.5 MB.

Unloading 4 unused Assets to reduce memory usage. Loaded Objects now: 1851.
Total: 2.097600 ms (FindLiveObjects: 0.200700 ms CreateObjectMapping: 0.052300 ms MarkObjects: 1.802300 ms  DeleteObjects: 0.041300 ms)

========================================================================
Received Prepare
Registering precompiled user dll's ...
Registered in 0.001278 seconds.
Begin MonoManager ReloadAssembly
Native extension for LinuxStandalone target not found
Native extension for WindowsStandalone target not found
Native extension for OSXStandalone target not found
Refreshing native plugins compatible for Editor in 0.36 ms, found 0 plugins.
Preloading 0 native plugins for Editor in 0.00 ms.
Mono: successfully reloaded assembly
- Completed reload, in  1.691 seconds
Platform modules already initialized, skipping
Refreshing native plugins compatible for Editor in 0.27 ms, found 0 plugins.
Preloading 0 native plugins for Editor in 0.00 ms.
Unloading 1252 Unused Serialized files (Serialized files now loaded: 0)
System memory in use before: 66.4 MB.
System memory in use after: 66.5 MB.

Unloading 4 unused Assets to reduce memory usage. Loaded Objects now: 1854.
Total: 2.913100 ms (FindLiveObjects: 0.405500 ms CreateObjectMapping: 0.131000 ms MarkObjects: 2.354300 ms  DeleteObjects: 0.020400 ms)

========================================================================
Received Prepare
Registering precompiled user dll's ...
Registered in 0.000979 seconds.
Begin MonoManager ReloadAssembly
Native extension for LinuxStandalone target not found
Native extension for WindowsStandalone target not found
Native extension for OSXStandalone target not found
Refreshing native plugins compatible for Editor in 0.30 ms, found 0 plugins.
Preloading 0 native plugins for Editor in 0.00 ms.
Mono: successfully reloaded assembly
- Completed reload, in  1.091 seconds
Platform modules already initialized, skipping
Refreshing native plugins compatible for Editor in 0.29 ms, found 0 plugins.
Preloading 0 native plugins for Editor in 0.00 ms.
Unloading 1252 Unused Serialized files (Serialized files now loaded: 0)
System memory in use before: 66.4 MB.
System memory in use after: 66.5 MB.

Unloading 4 unused Assets to reduce memory usage. Loaded Objects now: 1857.
Total: 2.544500 ms (FindLiveObjects: 0.244300 ms CreateObjectMapping: 0.042400 ms MarkObjects: 2.240500 ms  DeleteObjects: 0.016300 ms)

========================================================================
Received Prepare
Registering precompiled user dll's ...
Registered in 0.001063 seconds.
Begin MonoManager ReloadAssembly
Native extension for LinuxStandalone target not found
Native extension for WindowsStandalone target not found
Native extension for OSXStandalone target not found
Refreshing native plugins compatible for Editor in 0.30 ms, found 0 plugins.
Preloading 0 native plugins for Editor in 0.00 ms.
Mono: successfully reloaded assembly
- Completed reload, in  1.288 seconds
Platform modules already initialized, skipping
Refreshing native plugins compatible for Editor in 0.69 ms, found 0 plugins.
Preloading 0 native plugins for Editor in 0.00 ms.
Unloading 1252 Unused Serialized files (Serialized files now loaded: 0)
System memory in use before: 66.4 MB.
System memory in use after: 66.5 MB.

Unloading 4 unused Assets to reduce memory usage. Loaded Objects now: 1860.
Total: 2.303400 ms (FindLiveObjects: 0.279200 ms CreateObjectMapping: 0.130100 ms MarkObjects: 1.874400 ms  DeleteObjects: 0.017500 ms)

========================================================================
Received Prepare
Registering precompiled user dll's ...
Registered in 0.001647 seconds.
Begin MonoManager ReloadAssembly
Native extension for LinuxStandalone target not found
Native extension for WindowsStandalone target not found
Native extension for OSXStandalone target not found
Refreshing native plugins compatible for Editor in 0.24 ms, found 0 plugins.
Preloading 0 native plugins for Editor in 0.00 ms.
Mono: successfully reloaded assembly
- Completed reload, in  1.098 seconds
Platform modules already initialized, skipping
Refreshing native plugins compatible for Editor in 0.50 ms, found 0 plugins.
Preloading 0 native plugins for Editor in 0.00 ms.
Unloading 1252 Unused Serialized files (Serialized files now loaded: 0)
System memory in use before: 66.4 MB.
System memory in use after: 66.5 MB.

Unloading 4 unused Assets to reduce memory usage. Loaded Objects now: 1863.
Total: 2.246800 ms (FindLiveObjects: 0.188600 ms CreateObjectMapping: 0.041200 ms MarkObjects: 1.987500 ms  DeleteObjects: 0.027900 ms)

========================================================================
Received Prepare
Registering precompiled user dll's ...
Registered in 0.000972 seconds.
Begin MonoManager ReloadAssembly
Native extension for LinuxStandalone target not found
Native extension for WindowsStandalone target not found
Native extension for OSXStandalone target not found
Refreshing native plugins compatible for Editor in 0.39 ms, found 0 plugins.
Preloading 0 native plugins for Editor in 0.00 ms.
Mono: successfully reloaded assembly
- Completed reload, in  1.079 seconds
Platform modules already initialized, skipping
Refreshing native plugins compatible for Editor in 0.45 ms, found 0 plugins.
Preloading 0 native plugins for Editor in 0.00 ms.
Unloading 1252 Unused Serialized files (Serialized files now loaded: 0)
System memory in use before: 66.4 MB.
System memory in use after: 66.5 MB.

Unloading 4 unused Assets to reduce memory usage. Loaded Objects now: 1866.
Total: 2.253300 ms (FindLiveObjects: 0.338100 ms CreateObjectMapping: 0.046200 ms MarkObjects: 1.833400 ms  DeleteObjects: 0.033800 ms)

========================================================================
Received Prepare
Registering precompiled user dll's ...
Registered in 0.000875 seconds.
Begin MonoManager ReloadAssembly
Native extension for LinuxStandalone target not found
Native extension for WindowsStandalone target not found
Native extension for OSXStandalone target not found
Refreshing native plugins compatible for Editor in 0.34 ms, found 0 plugins.
Preloading 0 native plugins for Editor in 0.00 ms.
Mono: successfully reloaded assembly
- Completed reload, in  1.086 seconds
Platform modules already initialized, skipping
Refreshing native plugins compatible for Editor in 0.25 ms, found 0 plugins.
Preloading 0 native plugins for Editor in 0.00 ms.
Unloading 1252 Unused Serialized files (Serialized files now loaded: 0)
System memory in use before: 66.4 MB.
System memory in use after: 66.5 MB.

Unloading 4 unused Assets to reduce memory usage. Loaded Objects now: 1869.
Total: 2.233500 ms (FindLiveObjects: 0.171100 ms CreateObjectMapping: 0.074700 ms MarkObjects: 1.957300 ms  DeleteObjects: 0.028300 ms)

========================================================================
Received Import Request.
  Time since last request: 2702.673331 seconds.
  path: Assets/Media/Fonts/TTF/dogicapixelbold.ttf
  artifactKey: Guid(b44a54da2e6679945ba1be399998c216) Importer(815301076,1909f56bfc062723c751e8b465ee728b)
Start importing Assets/Media/Fonts/TTF/dogicapixelbold.ttf using Guid(b44a54da2e6679945ba1be399998c216) Importer(815301076,1909f56bfc062723c751e8b465ee728b)  -> (artifact id: 'd0bf1a2af33eb43ba3f594a90e1b4d19') in 0.119238 seconds
  Import took 0.122174 seconds .

========================================================================
Received Import Request.
  Time since last request: 0.000360 seconds.
  path: Assets/Media/Fonts/Pixeled.ttf
  artifactKey: Guid(b41b2c87e54166c469ca3757e3838a2d) Importer(815301076,1909f56bfc062723c751e8b465ee728b)
Start importing Assets/Media/Fonts/Pixeled.ttf using Guid(b41b2c87e54166c469ca3757e3838a2d) Importer(815301076,1909f56bfc062723c751e8b465ee728b)  -> (artifact id: 'e2981e1171694ec29c1c94b8ae52399b') in 0.014025 seconds
  Import took 0.016702 seconds .

========================================================================
Received Import Request.
  Time since last request: 0.000385 seconds.
  path: Assets/Media/Fonts/rainyhearts.ttf
  artifactKey: Guid(558b5e25612f6a346b3229f2babd5ea2) Importer(815301076,1909f56bfc062723c751e8b465ee728b)
Start importing Assets/Media/Fonts/rainyhearts.ttf using Guid(558b5e25612f6a346b3229f2babd5ea2) Importer(815301076,1909f56bfc062723c751e8b465ee728b)  -> (artifact id: '3c8185707ce3f12657540a740d687b52') in 0.015577 seconds
  Import took 0.018450 seconds .

========================================================================
Received Import Request.
  Time since last request: 18.568187 seconds.
  path: Assets/Media/Fonts/TTF
  artifactKey: Guid(beac90bc331fce147832a473a7153a6f) Importer(815301076,1909f56bfc062723c751e8b465ee728b)
Start importing Assets/Media/Fonts/TTF using Guid(beac90bc331fce147832a473a7153a6f) Importer(815301076,1909f56bfc062723c751e8b465ee728b)  -> (artifact id: '01aee5e758eab96c6324bb91adb396c1') in 0.002938 seconds
  Import took 0.005223 seconds .

========================================================================
Received Import Request.
  Time since last request: 868.938912 seconds.
  path: Assets/Media/Sprites/ui/placeholderuishort.png
  artifactKey: Guid(c9d6274bd267ecd439ba6e617506bf88) Importer(815301076,1909f56bfc062723c751e8b465ee728b)
Start importing Assets/Media/Sprites/ui/placeholderuishort.png using Guid(c9d6274bd267ecd439ba6e617506bf88) Importer(815301076,1909f56bfc062723c751e8b465ee728b)  -> (artifact id: '3130d5c9df19327261f3339ccaddbfa4') in 0.032291 seconds
  Import took 0.035578 seconds .

========================================================================
Received Import Request.
  Time since last request: 213.276273 seconds.
  path: Assets/Packages/FlexibleColorPicker/FlexibleColorPicker.prefab
  artifactKey: Guid(4214b57e615806c448ba9d993d629531) Importer(815301076,1909f56bfc062723c751e8b465ee728b)
Start importing Assets/Packages/FlexibleColorPicker/FlexibleColorPicker.prefab using Guid(4214b57e615806c448ba9d993d629531) Importer(815301076,1909f56bfc062723c751e8b465ee728b)  -> (artifact id: '2ab9881d80e56860cad75b01575c7144') in 0.093108 seconds
  Import took 0.097060 seconds .

========================================================================
Received Prepare
Registering precompiled user dll's ...
Registered in 0.001105 seconds.
Begin MonoManager ReloadAssembly
Native extension for LinuxStandalone target not found
Native extension for WindowsStandalone target not found
Native extension for OSXStandalone target not found
Refreshing native plugins compatible for Editor in 0.29 ms, found 0 plugins.
Preloading 0 native plugins for Editor in 0.00 ms.
Mono: successfully reloaded assembly
- Completed reload, in  1.282 seconds
Platform modules already initialized, skipping
Refreshing native plugins compatible for Editor in 0.39 ms, found 0 plugins.
Preloading 0 native plugins for Editor in 0.00 ms.
Unloading 1252 Unused Serialized files (Serialized files now loaded: 0)
System memory in use before: 66.9 MB.
System memory in use after: 67.0 MB.

Unloading 9 unused Assets to reduce memory usage. Loaded Objects now: 1917.
Total: 2.297600 ms (FindLiveObjects: 0.299400 ms CreateObjectMapping: 0.083600 ms MarkObjects: 1.868900 ms  DeleteObjects: 0.043800 ms)

========================================================================
Received Import Request.
  Time since last request: 24.167191 seconds.
  path: Assets/Resources/UI/Character Appearance Editor/ColorPicker(Clone).prefab
  artifactKey: Guid(d16e1606e3a38db4981606a4028734b3) Importer(815301076,1909f56bfc062723c751e8b465ee728b)
Start importing Assets/Resources/UI/Character Appearance Editor/ColorPicker(Clone).prefab using Guid(d16e1606e3a38db4981606a4028734b3) Importer(815301076,1909f56bfc062723c751e8b465ee728b)  -> (artifact id: 'ef3fc9fc521e1cf80e5805415d251071') in 0.146270 seconds
  Import took 0.150013 seconds .

========================================================================
Received Import Request.
  Time since last request: 7.400659 seconds.
  path: Assets/Resources/UI/Character Appearance Editor/ColorPicker.prefab
  artifactKey: Guid(d16e1606e3a38db4981606a4028734b3) Importer(815301076,1909f56bfc062723c751e8b465ee728b)
Start importing Assets/Resources/UI/Character Appearance Editor/ColorPicker.prefab using Guid(d16e1606e3a38db4981606a4028734b3) Importer(815301076,1909f56bfc062723c751e8b465ee728b)  -> (artifact id: '2dfc1f89858262ce5902e5466910ada7') in 0.039848 seconds
  Import took 0.043778 seconds .

========================================================================
Received Import Request.
  Time since last request: 210.940408 seconds.
  path: Assets/Packages/FlexibleColorPicker/Sprites/FCP_RightArrowKnob.png
  artifactKey: Guid(e0c3f09037dd1644d982f8da2c4ed6ad) Importer(815301076,1909f56bfc062723c751e8b465ee728b)
Start importing Assets/Packages/FlexibleColorPicker/Sprites/FCP_RightArrowKnob.png using Guid(e0c3f09037dd1644d982f8da2c4ed6ad) Importer(815301076,1909f56bfc062723c751e8b465ee728b)  -> (artifact id: '37ed7917ecd55e814fd2464b0251c779') in 0.113181 seconds
  Import took 0.116773 seconds .

========================================================================
Received Import Request.
  Time since last request: 0.000390 seconds.
  path: Assets/Packages/FlexibleColorPicker/Sprites/FCP_RingKnob.png
  artifactKey: Guid(476753d246b82c043ba70a8faf3037ab) Importer(815301076,1909f56bfc062723c751e8b465ee728b)
Start importing Assets/Packages/FlexibleColorPicker/Sprites/FCP_RingKnob.png using Guid(476753d246b82c043ba70a8faf3037ab) Importer(815301076,1909f56bfc062723c751e8b465ee728b)  -> (artifact id: '1392f7b8103883544f3b19758e508b0c') in 0.015721 seconds
  Import took 0.018868 seconds .

========================================================================
Received Import Request.
  Time since last request: 0.000318 seconds.
  path: Assets/Packages/FlexibleColorPicker/Sprites/FCP_WindowSprite.png
  artifactKey: Guid(d99e0b2fbb143a4429a9890ee6a3c420) Importer(815301076,1909f56bfc062723c751e8b465ee728b)
Start importing Assets/Packages/FlexibleColorPicker/Sprites/FCP_WindowSprite.png using Guid(d99e0b2fbb143a4429a9890ee6a3c420) Importer(815301076,1909f56bfc062723c751e8b465ee728b)  -> (artifact id: '8df9871897225d3706d61d2cade0ec91') in 0.014725 seconds
  Import took 0.017892 seconds .

========================================================================
Received Import Request.
  Time since last request: 0.000374 seconds.
  path: Assets/Packages/FlexibleColorPicker/Sprites/FCP_VerticalBarKnob.png
  artifactKey: Guid(0a48ae0d613bd5e4f95dc21424f8c641) Importer(815301076,1909f56bfc062723c751e8b465ee728b)
Start importing Assets/Packages/FlexibleColorPicker/Sprites/FCP_VerticalBarKnob.png using Guid(0a48ae0d613bd5e4f95dc21424f8c641) Importer(815301076,1909f56bfc062723c751e8b465ee728b)  -> (artifact id: '6619da4605e8182d306c53b1aae34c45') in 0.013017 seconds
  Import took 0.015772 seconds .

========================================================================
Received Import Request.
  Time since last request: 0.000231 seconds.
  path: Assets/Media/Sprites/player_sprites/hair_bedhead_gradient_1.png
  artifactKey: Guid(ed26404ca9010a1498719e74260ac07c) Importer(815301076,1909f56bfc062723c751e8b465ee728b)
Start importing Assets/Media/Sprites/player_sprites/hair_bedhead_gradient_1.png using Guid(ed26404ca9010a1498719e74260ac07c) Importer(815301076,1909f56bfc062723c751e8b465ee728b)  -> (artifact id: '81d263a1e1930ca5044c16ee43a8740c') in 0.010465 seconds
  Import took 0.013004 seconds .

========================================================================
Received Import Request.
  Time since last request: 0.000199 seconds.
  path: Assets/Packages/FlexibleColorPicker/Sprites/FCP_RingKnob.png
  artifactKey: Guid(476753d246b82c043ba70a8faf3037ab) Importer(815301076,1909f56bfc062723c751e8b465ee728b)
Start importing Assets/Packages/FlexibleColorPicker/Sprites/FCP_RingKnob.png using Guid(476753d246b82c043ba70a8faf3037ab) Importer(815301076,1909f56bfc062723c751e8b465ee728b)  -> (artifact id: '1392f7b8103883544f3b19758e508b0c') in 0.010096 seconds
  Import took 0.012615 seconds .

========================================================================
Received Import Request.
  Time since last request: 0.000247 seconds.
  path: Assets/Packages/FlexibleColorPicker/Sprites/FCP_TopArrowKnob.png
  artifactKey: Guid(dbf5a320f0b56ba42a925f15459bf27d) Importer(815301076,1909f56bfc062723c751e8b465ee728b)
Start importing Assets/Packages/FlexibleColorPicker/Sprites/FCP_TopArrowKnob.png using Guid(dbf5a320f0b56ba42a925f15459bf27d) Importer(815301076,1909f56bfc062723c751e8b465ee728b)  -> (artifact id: '2ce425dda8f77ea0d6caf8f8233863f4') in 0.012428 seconds
  Import took 0.124418 seconds .

========================================================================
Received Import Request.
  Time since last request: 0.000474 seconds.
  path: Assets/Media/Sprites/player_sprites/hair_bedhead_base.png
  artifactKey: Guid(8c1c6cb6909f03d4482dc851f3deb040) Importer(815301076,1909f56bfc062723c751e8b465ee728b)
Start importing Assets/Media/Sprites/player_sprites/hair_bedhead_base.png using Guid(8c1c6cb6909f03d4482dc851f3deb040) Importer(815301076,1909f56bfc062723c751e8b465ee728b)  -> (artifact id: '275764111d55b6ae5052e5ed5dc6de6f') in 0.013742 seconds
  Import took 0.016459 seconds .

========================================================================
Received Import Request.
  Time since last request: 0.000359 seconds.
  path: Assets/Packages/FlexibleColorPicker/Sprites/FCP_RightArrowKnob.png
  artifactKey: Guid(e0c3f09037dd1644d982f8da2c4ed6ad) Importer(815301076,1909f56bfc062723c751e8b465ee728b)
Start importing Assets/Packages/FlexibleColorPicker/Sprites/FCP_RightArrowKnob.png using Guid(e0c3f09037dd1644d982f8da2c4ed6ad) Importer(815301076,1909f56bfc062723c751e8b465ee728b)  -> (artifact id: '37ed7917ecd55e814fd2464b0251c779') in 0.016533 seconds
  Import took 0.019782 seconds .

========================================================================
Received Import Request.
  Time since last request: 46.220733 seconds.
  path: Assets/Packages/FlexibleColorPicker/Sprites/FCP_MeshedSpriteLowDetail.png
  artifactKey: Guid(3f18f8476b7bfc642a7ba293296dc40f) Importer(815301076,1909f56bfc062723c751e8b465ee728b)
Start importing Assets/Packages/FlexibleColorPicker/Sprites/FCP_MeshedSpriteLowDetail.png using Guid(3f18f8476b7bfc642a7ba293296dc40f) Importer(815301076,1909f56bfc062723c751e8b465ee728b)  -> (artifact id: 'accd1ff1d92d03b8fdfcc157915258a0') in 0.012776 seconds
  Import took 0.016573 seconds .

========================================================================
Received Import Request.
  Time since last request: 0.015314 seconds.
  path: Assets/Packages/FlexibleColorPicker/Sprites/FCP_MeshedSpriteLowDetail.png
  artifactKey: Guid(3f18f8476b7bfc642a7ba293296dc40f) Importer(815301076,1909f56bfc062723c751e8b465ee728b)
Start importing Assets/Packages/FlexibleColorPicker/Sprites/FCP_MeshedSpriteLowDetail.png using Guid(3f18f8476b7bfc642a7ba293296dc40f) Importer(815301076,1909f56bfc062723c751e8b465ee728b)  -> (artifact id: 'accd1ff1d92d03b8fdfcc157915258a0') in 0.012545 seconds
  Import took 0.016126 seconds .

========================================================================
Received Import Request.
  Time since last request: 158.387743 seconds.
  path: Assets/Packages/FlexibleColorPicker/Sprites/DefGrad_SH.png
  artifactKey: Guid(8d715e03313d85d4bb6050236b75c861) Importer(815301076,1909f56bfc062723c751e8b465ee728b)
Start importing Assets/Packages/FlexibleColorPicker/Sprites/DefGrad_SH.png using Guid(8d715e03313d85d4bb6050236b75c861) Importer(815301076,1909f56bfc062723c751e8b465ee728b)  -> (artifact id: 'f85c7739cf5fe8ff5c2686947d5b5d48') in 0.015955 seconds
  Import took 0.018766 seconds .

========================================================================
Received Import Request.
  Time since last request: 0.000347 seconds.
  path: Assets/Packages/FlexibleColorPicker/Sprites/DefGrad_V_Hor.png
  artifactKey: Guid(37ca5b92906dcc14a8e63015bc575e28) Importer(815301076,1909f56bfc062723c751e8b465ee728b)
Start importing Assets/Packages/FlexibleColorPicker/Sprites/DefGrad_V_Hor.png using Guid(37ca5b92906dcc14a8e63015bc575e28) Importer(815301076,1909f56bfc062723c751e8b465ee728b)  -> (artifact id: '66cc8c6963e73b2b8d9774a3194cefe0') in 0.012005 seconds
  Import took 0.015017 seconds .

========================================================================
Received Import Request.
  Time since last request: 0.000365 seconds.
  path: Assets/Packages/FlexibleColorPicker/Sprites/DefGrad_VH.png
  artifactKey: Guid(7f7bf995d8f4ffc489061658bbbe371d) Importer(815301076,1909f56bfc062723c751e8b465ee728b)
Start importing Assets/Packages/FlexibleColorPicker/Sprites/DefGrad_VH.png using Guid(7f7bf995d8f4ffc489061658bbbe371d) Importer(815301076,1909f56bfc062723c751e8b465ee728b)  -> (artifact id: '5ae88c18eb134961d292725ae224f759') in 0.015344 seconds
  Import took 0.018004 seconds .

========================================================================
Received Import Request.
  Time since last request: 0.000387 seconds.
  path: Assets/Packages/FlexibleColorPicker/Sprites/DefGrad_SH.png
  artifactKey: Guid(8d715e03313d85d4bb6050236b75c861) Importer(815301076,1909f56bfc062723c751e8b465ee728b)
Start importing Assets/Packages/FlexibleColorPicker/Sprites/DefGrad_SH.png using Guid(8d715e03313d85d4bb6050236b75c861) Importer(815301076,1909f56bfc062723c751e8b465ee728b)  -> (artifact id: 'f85c7739cf5fe8ff5c2686947d5b5d48') in 0.012368 seconds
  Import took 0.015717 seconds .

========================================================================
Received Import Request.
  Time since last request: 0.000416 seconds.
  path: Assets/Packages/FlexibleColorPicker/Sprites/DefGrad_V_Ver.png
  artifactKey: Guid(3698d76f9da5da44c9d73aaa44f36ced) Importer(815301076,1909f56bfc062723c751e8b465ee728b)
Start importing Assets/Packages/FlexibleColorPicker/Sprites/DefGrad_V_Ver.png using Guid(3698d76f9da5da44c9d73aaa44f36ced) Importer(815301076,1909f56bfc062723c751e8b465ee728b)  -> (artifact id: 'dc392c081a87020b174204b3b04756cf') in 0.013836 seconds
  Import took 0.017143 seconds .

========================================================================
Received Import Request.
  Time since last request: 0.000384 seconds.
  path: Assets/Packages/FlexibleColorPicker/Sprites/DefGrad_SV.png
  artifactKey: Guid(dda233eaa062e434cae0d844b2310202) Importer(815301076,1909f56bfc062723c751e8b465ee728b)
Start importing Assets/Packages/FlexibleColorPicker/Sprites/DefGrad_SV.png using Guid(dda233eaa062e434cae0d844b2310202) Importer(815301076,1909f56bfc062723c751e8b465ee728b)  -> (artifact id: 'a7e10ca91d25111c7d27d1ab01c75759') in 0.014595 seconds
  Import took 0.017491 seconds .

========================================================================
Received Import Request.
  Time since last request: 0.000341 seconds.
  path: Assets/Packages/FlexibleColorPicker/Sprites/DefGrad_VS.png
  artifactKey: Guid(70f194dd3b5bc754d9a1153445b604f4) Importer(815301076,1909f56bfc062723c751e8b465ee728b)
Start importing Assets/Packages/FlexibleColorPicker/Sprites/DefGrad_VS.png using Guid(70f194dd3b5bc754d9a1153445b604f4) Importer(815301076,1909f56bfc062723c751e8b465ee728b)  -> (artifact id: '466713c07f10fa592c33cc356e1f5594') in 0.012929 seconds
  Import took 0.015762 seconds .

========================================================================
Received Import Request.
  Time since last request: 16.898835 seconds.
  path: Assets/Media/Fonts/TTF/dogica.asset
  artifactKey: Guid(95ec174fc46135343834664ee80265a6) Importer(815301076,1909f56bfc062723c751e8b465ee728b)
Start importing Assets/Media/Fonts/TTF/dogica.asset using Guid(95ec174fc46135343834664ee80265a6) Importer(815301076,1909f56bfc062723c751e8b465ee728b)  -> (artifact id: '9a84fb952c581139b0f3be3bd502a0a8') in 0.068535 seconds
  Import took 0.072276 seconds .

========================================================================
Received Import Request.
  Time since last request: 0.000280 seconds.
  path: Assets/Packages/FlexibleColorPicker/Materials/FCP_GPicker.mat
  artifactKey: Guid(cfcf9ea5967f09a40beea73edd8f599b) Importer(815301076,1909f56bfc062723c751e8b465ee728b)
Start importing Assets/Packages/FlexibleColorPicker/Materials/FCP_GPicker.mat using Guid(cfcf9ea5967f09a40beea73edd8f599b) Importer(815301076,1909f56bfc062723c751e8b465ee728b)  -> (artifact id: '61aa259427ed01e2ae29e6670caebe1f') in 0.056883 seconds
  Import took 0.059642 seconds .

========================================================================
Received Import Request.
  Time since last request: 0.000222 seconds.
  path: Assets/Packages/FlexibleColorPicker/Materials/FCP_APicker.mat
  artifactKey: Guid(a540fff03d36f4544af0317914bbebd6) Importer(815301076,1909f56bfc062723c751e8b465ee728b)
Start importing Assets/Packages/FlexibleColorPicker/Materials/FCP_APicker.mat using Guid(a540fff03d36f4544af0317914bbebd6) Importer(815301076,1909f56bfc062723c751e8b465ee728b)  -> (artifact id: '3d096e5a4e4ee30540e4c82baf137a21') in 0.009625 seconds
  Import took 0.011888 seconds .

========================================================================
Received Import Request.
  Time since last request: 0.000239 seconds.
  path: Assets/Media/Fonts/TTF/dogica.asset
  artifactKey: Guid(95ec174fc46135343834664ee80265a6) Importer(815301076,1909f56bfc062723c751e8b465ee728b)
Start importing Assets/Media/Fonts/TTF/dogica.asset using Guid(95ec174fc46135343834664ee80265a6) Importer(815301076,1909f56bfc062723c751e8b465ee728b)  -> (artifact id: '9a84fb952c581139b0f3be3bd502a0a8') in 0.025512 seconds
  Import took 0.028000 seconds .

========================================================================
Received Import Request.
  Time since last request: 0.000227 seconds.
  path: Assets/Packages/FlexibleColorPicker/Materials/FCP_BPicker.mat
  artifactKey: Guid(6dab8dd95d4139a45a42fc4dce6aaf8f) Importer(815301076,1909f56bfc062723c751e8b465ee728b)
Start importing Assets/Packages/FlexibleColorPicker/Materials/FCP_BPicker.mat using Guid(6dab8dd95d4139a45a42fc4dce6aaf8f) Importer(815301076,1909f56bfc062723c751e8b465ee728b)  -> (artifact id: '2efccbe1812521b6bd6766c0d64a1c91') in 0.010085 seconds
  Import took 0.012510 seconds .

========================================================================
Received Import Request.
  Time since last request: 0.000213 seconds.
  path: Assets/Packages/FlexibleColorPicker/ExampleScene/FCP_ExampleMaterial1.mat
  artifactKey: Guid(d965dfc1978715543ac01b7bc68cc71f) Importer(815301076,1909f56bfc062723c751e8b465ee728b)
Start importing Assets/Packages/FlexibleColorPicker/ExampleScene/FCP_ExampleMaterial1.mat using Guid(d965dfc1978715543ac01b7bc68cc71f) Importer(815301076,1909f56bfc062723c751e8b465ee728b)  -> (artifact id: 'c345363feafc51f0cbaaae6dd9876181') in 0.010383 seconds
  Import took 0.012466 seconds .

========================================================================
Received Import Request.
  Time since last request: 0.000210 seconds.
  path: Assets/Packages/FlexibleColorPicker/ExampleScene/FCP_ExampleMaterial2.mat
  artifactKey: Guid(a077ddba3ea22c345a4b9b9ce2fac2f6) Importer(815301076,1909f56bfc062723c751e8b465ee728b)
Start importing Assets/Packages/FlexibleColorPicker/ExampleScene/FCP_ExampleMaterial2.mat using Guid(a077ddba3ea22c345a4b9b9ce2fac2f6) Importer(815301076,1909f56bfc062723c751e8b465ee728b)  -> (artifact id: '248b38c0e10e544aa856b32dfd89a605') in 0.009719 seconds
  Import took 0.012234 seconds .

========================================================================
Received Import Request.
  Time since last request: 0.000355 seconds.
  path: Assets/Media/Fonts/TTF/dogicapixel.asset
  artifactKey: Guid(3f104a613fc9aab4b9da6f86049179e8) Importer(815301076,1909f56bfc062723c751e8b465ee728b)
Start importing Assets/Media/Fonts/TTF/dogicapixel.asset using Guid(3f104a613fc9aab4b9da6f86049179e8) Importer(815301076,1909f56bfc062723c751e8b465ee728b)  -> (artifact id: 'cd07be0d581ed9449cfc8625d4d854bb') in 0.016550 seconds
  Import took 0.018774 seconds .

========================================================================
Received Import Request.
  Time since last request: 0.000398 seconds.
  path: Assets/Packages/FlexibleColorPicker/Materials/FCP_AlphaPreview.mat
  artifactKey: Guid(d122a9ab83052a844bff54d706f46330) Importer(815301076,1909f56bfc062723c751e8b465ee728b)
Start importing Assets/Packages/FlexibleColorPicker/Materials/FCP_AlphaPreview.mat using Guid(d122a9ab83052a844bff54d706f46330) Importer(815301076,1909f56bfc062723c751e8b465ee728b)  -> (artifact id: '9a388c89364d8ea45e815c713a24f137') in 0.008584 seconds
  Import took 0.010884 seconds .

========================================================================
Received Import Request.
  Time since last request: 0.045714 seconds.
  path: Assets/Packages/FlexibleColorPicker/Materials/FCP_AlphaPreview.mat
  artifactKey: Guid(d122a9ab83052a844bff54d706f46330) Importer(815301076,1909f56bfc062723c751e8b465ee728b)
Start importing Assets/Packages/FlexibleColorPicker/Materials/FCP_AlphaPreview.mat using Guid(d122a9ab83052a844bff54d706f46330) Importer(815301076,1909f56bfc062723c751e8b465ee728b)  -> (artifact id: '9a388c89364d8ea45e815c713a24f137') in 0.010629 seconds
  Import took 0.013584 seconds .

========================================================================
Received Import Request.
  Time since last request: 4.741559 seconds.
  path: Assets/Packages/FlexibleColorPicker/Sprites/DefGrad_S_Hor.png
  artifactKey: Guid(84dcdd9406cd22242b9866f5bf40bad1) Importer(815301076,1909f56bfc062723c751e8b465ee728b)
Start importing Assets/Packages/FlexibleColorPicker/Sprites/DefGrad_S_Hor.png using Guid(84dcdd9406cd22242b9866f5bf40bad1) Importer(815301076,1909f56bfc062723c751e8b465ee728b)  -> (artifact id: '934e134ed64fde39ae5320644c4b316a') in 0.010666 seconds
  Import took 0.013658 seconds .

========================================================================
Received Import Request.
  Time since last request: 0.000387 seconds.
  path: Assets/Packages/FlexibleColorPicker/Sprites/DefGrad_S_Ver.png
  artifactKey: Guid(6c235027860285543abef7854f2753eb) Importer(815301076,1909f56bfc062723c751e8b465ee728b)
Start importing Assets/Packages/FlexibleColorPicker/Sprites/DefGrad_S_Ver.png using Guid(6c235027860285543abef7854f2753eb) Importer(815301076,1909f56bfc062723c751e8b465ee728b)  -> (artifact id: '8813976c6f5a444e386fb40e481c0ba5') in 0.009892 seconds
  Import took 0.012362 seconds .

========================================================================
Received Import Request.
  Time since last request: 0.036044 seconds.
  path: Assets/Packages/FlexibleColorPicker/Sprites/DefGrad_R_Ver.png
  artifactKey: Guid(105d974d9051ab648934ad37b726eae0) Importer(815301076,1909f56bfc062723c751e8b465ee728b)
Start importing Assets/Packages/FlexibleColorPicker/Sprites/DefGrad_R_Ver.png using Guid(105d974d9051ab648934ad37b726eae0) Importer(815301076,1909f56bfc062723c751e8b465ee728b)  -> (artifact id: 'fc2291303ca626d287f582dd7c8ed528') in 0.011286 seconds
  Import took 0.014660 seconds .

========================================================================
Received Import Request.
  Time since last request: 0.207337 seconds.
  path: Assets/Packages/FlexibleColorPicker/Sprites/DefGrad_B_Ver.png
  artifactKey: Guid(5dfa32a4a93d66c4a852930f0a0eec72) Importer(815301076,1909f56bfc062723c751e8b465ee728b)
Start importing Assets/Packages/FlexibleColorPicker/Sprites/DefGrad_B_Ver.png using Guid(5dfa32a4a93d66c4a852930f0a0eec72) Importer(815301076,1909f56bfc062723c751e8b465ee728b)  -> (artifact id: '939d4b4a2d0e286c36b014877b04b08a') in 0.011580 seconds
  Import took 0.015038 seconds .

========================================================================
Received Import Request.
  Time since last request: 0.000347 seconds.
  path: Assets/Packages/FlexibleColorPicker/Sprites/DefGrad_G_Ver.png
  artifactKey: Guid(64e41b89dacc6f34b88c92461a57ba6c) Importer(815301076,1909f56bfc062723c751e8b465ee728b)
Start importing Assets/Packages/FlexibleColorPicker/Sprites/DefGrad_G_Ver.png using Guid(64e41b89dacc6f34b88c92461a57ba6c) Importer(815301076,1909f56bfc062723c751e8b465ee728b)  -> (artifact id: '78bfff43cbccddbb70f2ebedad5d7c50') in 0.013534 seconds
  Import took 0.016889 seconds .

========================================================================
Received Import Request.
  Time since last request: 0.000354 seconds.
  path: Assets/Packages/FlexibleColorPicker/Sprites/DefGrad_A_Ver.png
  artifactKey: Guid(ba3ce9cf217f3794a9f6026c350ad6f2) Importer(815301076,1909f56bfc062723c751e8b465ee728b)
Start importing Assets/Packages/FlexibleColorPicker/Sprites/DefGrad_A_Ver.png using Guid(ba3ce9cf217f3794a9f6026c350ad6f2) Importer(815301076,1909f56bfc062723c751e8b465ee728b)  -> (artifact id: '88493ef81b37d9459d25ea4d463be217') in 0.011658 seconds
  Import took 0.014239 seconds .

========================================================================
Received Import Request.
  Time since last request: 31.375754 seconds.
  path: Assets/Resources/UI/Character Appearance Editor/ColorPicker 1.prefab
  artifactKey: Guid(4c6fe2b0ef0831e4f8139315c2ed8d48) Importer(815301076,1909f56bfc062723c751e8b465ee728b)
Start importing Assets/Resources/UI/Character Appearance Editor/ColorPicker 1.prefab using Guid(4c6fe2b0ef0831e4f8139315c2ed8d48) Importer(815301076,1909f56bfc062723c751e8b465ee728b)  -> (artifact id: '353334cd41c63d3c6616df5028ce439c') in 0.035954 seconds
  Import took 0.039225 seconds .

========================================================================
Received Import Request.
  Time since last request: 6.549035 seconds.
  path: Assets/Resources/UI/Character Appearance Editor/ColorPicker.prefab
  artifactKey: Guid(4c6fe2b0ef0831e4f8139315c2ed8d48) Importer(815301076,1909f56bfc062723c751e8b465ee728b)
Start importing Assets/Resources/UI/Character Appearance Editor/ColorPicker.prefab using Guid(4c6fe2b0ef0831e4f8139315c2ed8d48) Importer(815301076,1909f56bfc062723c751e8b465ee728b)  -> (artifact id: '1e123d36cf032c8a98f60f61e0de22f4') in 0.043279 seconds
  Import took 0.047344 seconds .

========================================================================
Received Import Request.
  Time since last request: 15.589970 seconds.
  path: Assets/ScriptableObjects/Entities/PlayerAppearanceItems/Body.asset
  artifactKey: Guid(dbf496d5720aebe449add5eb7952e720) Importer(815301076,1909f56bfc062723c751e8b465ee728b)
Start importing Assets/ScriptableObjects/Entities/PlayerAppearanceItems/Body.asset using Guid(dbf496d5720aebe449add5eb7952e720) Importer(815301076,1909f56bfc062723c751e8b465ee728b)  -> (artifact id: 'e76f7b37c055360cbe0bf69fd7714c82') in 0.005566 seconds
  Import took 0.008059 seconds .

========================================================================
Received Import Request.
  Time since last request: 0.683612 seconds.
  path: Assets/ScriptableObjects/Entities/PlayerAppearanceItems/Wing.asset
  artifactKey: Guid(92324ac7933980b42889444864850c9b) Importer(815301076,1909f56bfc062723c751e8b465ee728b)
Start importing Assets/ScriptableObjects/Entities/PlayerAppearanceItems/Wing.asset using Guid(92324ac7933980b42889444864850c9b) Importer(815301076,1909f56bfc062723c751e8b465ee728b)  -> (artifact id: '215331c484261b4e6ae05f164158018d') in 0.004915 seconds
  Import took 0.008639 seconds .

========================================================================
Received Prepare
Registering precompiled user dll's ...
Registered in 0.000944 seconds.
Begin MonoManager ReloadAssembly
Native extension for LinuxStandalone target not found
Native extension for WindowsStandalone target not found
Native extension for OSXStandalone target not found
Refreshing native plugins compatible for Editor in 0.24 ms, found 0 plugins.
Preloading 0 native plugins for Editor in 0.00 ms.
Mono: successfully reloaded assembly
- Completed reload, in  1.076 seconds
Platform modules already initialized, skipping
Refreshing native plugins compatible for Editor in 0.46 ms, found 0 plugins.
Preloading 0 native plugins for Editor in 0.00 ms.
Unloading 1252 Unused Serialized files (Serialized files now loaded: 0)
System memory in use before: 67.0 MB.
System memory in use after: 67.1 MB.

Unloading 4 unused Assets to reduce memory usage. Loaded Objects now: 1927.
Total: 3.002500 ms (FindLiveObjects: 0.305700 ms CreateObjectMapping: 0.177200 ms MarkObjects: 2.464400 ms  DeleteObjects: 0.039300 ms)

========================================================================
Received Import Request.
  Time since last request: 143.001964 seconds.
  path: Assets/Packages/FlexibleColorPicker/Materials/FCP_HPicker.mat
  artifactKey: Guid(9792630606da3c24da6fa1d0b99ce0be) Importer(815301076,1909f56bfc062723c751e8b465ee728b)
Start importing Assets/Packages/FlexibleColorPicker/Materials/FCP_HPicker.mat using Guid(9792630606da3c24da6fa1d0b99ce0be) Importer(815301076,1909f56bfc062723c751e8b465ee728b)  -> (artifact id: 'f5bb0defcfdefc50af0d9c11f8b5478d') in 0.080603 seconds
  Import took 0.084579 seconds .

========================================================================
Received Import Request.
  Time since last request: 0.000754 seconds.
  path: Assets/Media/Fonts/TTF/dogicabold.ttf
  artifactKey: Guid(05fc036fbd792c34d833d074b4238989) Importer(815301076,1909f56bfc062723c751e8b465ee728b)
Start importing Assets/Media/Fonts/TTF/dogicabold.ttf using Guid(05fc036fbd792c34d833d074b4238989) Importer(815301076,1909f56bfc062723c751e8b465ee728b)  -> (artifact id: '523d6b00fa8d87fade49478907453388') in 0.018773 seconds
  Import took 0.021494 seconds .

========================================================================
Received Import Request.
  Time since last request: 0.000400 seconds.
  path: Assets/Packages/FlexibleColorPicker/Materials/FCP_RPicker.mat
  artifactKey: Guid(6eb6019ca127d14498e17d16878735d3) Importer(815301076,1909f56bfc062723c751e8b465ee728b)
Start importing Assets/Packages/FlexibleColorPicker/Materials/FCP_RPicker.mat using Guid(6eb6019ca127d14498e17d16878735d3) Importer(815301076,1909f56bfc062723c751e8b465ee728b)  -> (artifact id: '036add9f1875dd878627a86c5e9f81da') in 0.014430 seconds
  Import took 0.017473 seconds .

========================================================================
Received Import Request.
  Time since last request: 0.000383 seconds.
  path: Assets/Packages/FlexibleColorPicker/Materials/FCP_SPicker.mat
  artifactKey: Guid(d8552a1e19dbe4a4b8ce9d73fc9898e2) Importer(815301076,1909f56bfc062723c751e8b465ee728b)
Start importing Assets/Packages/FlexibleColorPicker/Materials/FCP_SPicker.mat using Guid(d8552a1e19dbe4a4b8ce9d73fc9898e2) Importer(815301076,1909f56bfc062723c751e8b465ee728b)  -> (artifact id: '056c8f501528d66260866ef315df3e72') in 0.010359 seconds
  Import took 0.014289 seconds .

========================================================================
Received Import Request.
  Time since last request: 0.000327 seconds.
  path: Assets/Packages/FlexibleColorPicker/Materials/FCP_MainPicker.mat
  artifactKey: Guid(5a7edd6b3c7402d4fbbce95f42cb4e59) Importer(815301076,1909f56bfc062723c751e8b465ee728b)
Start importing Assets/Packages/FlexibleColorPicker/Materials/FCP_MainPicker.mat using Guid(5a7edd6b3c7402d4fbbce95f42cb4e59) Importer(815301076,1909f56bfc062723c751e8b465ee728b)  -> (artifact id: 'cfd4c1b93438c51501c4d7801547e66a') in 0.011600 seconds
  Import took 0.014174 seconds .

========================================================================
Received Import Request.
  Time since last request: 0.001972 seconds.
  path: Assets/Media/Materials/floor_texture.mat
  artifactKey: Guid(8fe9634b84f9b3a44a5cdde6cc48c30e) Importer(815301076,1909f56bfc062723c751e8b465ee728b)
Start importing Assets/Media/Materials/floor_texture.mat using Guid(8fe9634b84f9b3a44a5cdde6cc48c30e) Importer(815301076,1909f56bfc062723c751e8b465ee728b)  -> (artifact id: '1f6fdae0221f6ec62a59742d4d31fe73') in 0.044720 seconds
  Import took 0.048247 seconds .

========================================================================
Received Import Request.
  Time since last request: 0.000349 seconds.
  path: Assets/Packages/FlexibleColorPicker/Materials/FCP_Preview.mat
  artifactKey: Guid(bc7178f404a41c442b1e62a08fb9fa7d) Importer(815301076,1909f56bfc062723c751e8b465ee728b)
Start importing Assets/Packages/FlexibleColorPicker/Materials/FCP_Preview.mat using Guid(bc7178f404a41c442b1e62a08fb9fa7d) Importer(815301076,1909f56bfc062723c751e8b465ee728b)  -> (artifact id: '84c0d4983ff8dcfde7278a72749fbd2c') in 0.011192 seconds
  Import took 0.014848 seconds .

========================================================================
Received Import Request.
  Time since last request: 0.000439 seconds.
  path: Assets/Media/Fonts/TTF/dogicapixel.ttf
  artifactKey: Guid(82727462404b2e54590087602476bf56) Importer(815301076,1909f56bfc062723c751e8b465ee728b)
Start importing Assets/Media/Fonts/TTF/dogicapixel.ttf using Guid(82727462404b2e54590087602476bf56) Importer(815301076,1909f56bfc062723c751e8b465ee728b)  -> (artifact id: '4bfa8c0db15d332103ca48f5a6ea7ed6') in 0.014349 seconds
  Import took 0.016814 seconds .

========================================================================
Received Import Request.
  Time since last request: 0.000302 seconds.
  path: Assets/Packages/FlexibleColorPicker/Materials/FCP_VPicker.mat
  artifactKey: Guid(b41123d4b01adad489a444189028560f) Importer(815301076,1909f56bfc062723c751e8b465ee728b)
Start importing Assets/Packages/FlexibleColorPicker/Materials/FCP_VPicker.mat using Guid(b41123d4b01adad489a444189028560f) Importer(815301076,1909f56bfc062723c751e8b465ee728b)  -> (artifact id: 'e348c7fc5a085d606c6cd75a9e909aed') in 0.013955 seconds
  Import took 0.017224 seconds .

========================================================================
Received Import Request.
  Time since last request: 0.011459 seconds.
  path: Assets/Packages/FlexibleColorPicker/Materials/FCP_VPicker.mat
  artifactKey: Guid(b41123d4b01adad489a444189028560f) Importer(815301076,1909f56bfc062723c751e8b465ee728b)
Start importing Assets/Packages/FlexibleColorPicker/Materials/FCP_VPicker.mat using Guid(b41123d4b01adad489a444189028560f) Importer(815301076,1909f56bfc062723c751e8b465ee728b)  -> (artifact id: 'e348c7fc5a085d606c6cd75a9e909aed') in 0.011234 seconds
  Import took 0.014437 seconds .

========================================================================
Received Prepare
Registering precompiled user dll's ...
Registered in 0.001017 seconds.
Begin MonoManager ReloadAssembly
Native extension for LinuxStandalone target not found
Native extension for WindowsStandalone target not found
Native extension for OSXStandalone target not found
Refreshing native plugins compatible for Editor in 0.41 ms, found 0 plugins.
Preloading 0 native plugins for Editor in 0.00 ms.
Mono: successfully reloaded assembly
- Completed reload, in  1.092 seconds
Platform modules already initialized, skipping
Refreshing native plugins compatible for Editor in 0.26 ms, found 0 plugins.
Preloading 0 native plugins for Editor in 0.00 ms.
Unloading 1252 Unused Serialized files (Serialized files now loaded: 0)
System memory in use before: 67.0 MB.
System memory in use after: 67.1 MB.

Unloading 4 unused Assets to reduce memory usage. Loaded Objects now: 1932.
Total: 2.843600 ms (FindLiveObjects: 0.367600 ms CreateObjectMapping: 0.077800 ms MarkObjects: 2.342600 ms  DeleteObjects: 0.054400 ms)

========================================================================
Received Prepare
Registering precompiled user dll's ...
Registered in 0.001051 seconds.
Begin MonoManager ReloadAssembly
Native extension for LinuxStandalone target not found
Native extension for WindowsStandalone target not found
Native extension for OSXStandalone target not found
Refreshing native plugins compatible for Editor in 0.24 ms, found 0 plugins.
Preloading 0 native plugins for Editor in 0.00 ms.
Mono: successfully reloaded assembly
- Completed reload, in  1.079 seconds
Platform modules already initialized, skipping
Refreshing native plugins compatible for Editor in 0.34 ms, found 0 plugins.
Preloading 0 native plugins for Editor in 0.00 ms.
Unloading 1252 Unused Serialized files (Serialized files now loaded: 0)
System memory in use before: 67.0 MB.
System memory in use after: 67.1 MB.

Unloading 4 unused Assets to reduce memory usage. Loaded Objects now: 1935.
Total: 2.083700 ms (FindLiveObjects: 0.256400 ms CreateObjectMapping: 0.046300 ms MarkObjects: 1.764500 ms  DeleteObjects: 0.015400 ms)

========================================================================
Received Prepare
Registering precompiled user dll's ...
Registered in 0.001029 seconds.
Begin MonoManager ReloadAssembly
Native extension for LinuxStandalone target not found
Native extension for WindowsStandalone target not found
Native extension for OSXStandalone target not found
Refreshing native plugins compatible for Editor in 0.47 ms, found 0 plugins.
Preloading 0 native plugins for Editor in 0.00 ms.
Mono: successfully reloaded assembly
- Completed reload, in  1.087 seconds
Platform modules already initialized, skipping
Refreshing native plugins compatible for Editor in 0.28 ms, found 0 plugins.
Preloading 0 native plugins for Editor in 0.00 ms.
Unloading 1252 Unused Serialized files (Serialized files now loaded: 0)
System memory in use before: 67.0 MB.
System memory in use after: 67.1 MB.

Unloading 4 unused Assets to reduce memory usage. Loaded Objects now: 1938.
Total: 2.272100 ms (FindLiveObjects: 0.284900 ms CreateObjectMapping: 0.088200 ms MarkObjects: 1.877400 ms  DeleteObjects: 0.019900 ms)

========================================================================
Received Import Request.
  Time since last request: 141.312801 seconds.
  path: Assets/Resources/UI/Character Appearance Editor/ColorPicker.prefab
  artifactKey: Guid(4c6fe2b0ef0831e4f8139315c2ed8d48) Importer(815301076,1909f56bfc062723c751e8b465ee728b)
Start importing Assets/Resources/UI/Character Appearance Editor/ColorPicker.prefab using Guid(4c6fe2b0ef0831e4f8139315c2ed8d48) Importer(815301076,1909f56bfc062723c751e8b465ee728b)  -> (artifact id: '8958eb9d003926dba9755a0565edf529') in 0.138710 seconds
  Import took 0.142695 seconds .

========================================================================
Received Import Request.
  Time since last request: 0.039083 seconds.
  path: Assets/Resources/UI/Character Appearance Editor/ColorPicker.prefab
  artifactKey: Guid(4c6fe2b0ef0831e4f8139315c2ed8d48) Importer(815301076,1909f56bfc062723c751e8b465ee728b)
Start importing Assets/Resources/UI/Character Appearance Editor/ColorPicker.prefab using Guid(4c6fe2b0ef0831e4f8139315c2ed8d48) Importer(815301076,1909f56bfc062723c751e8b465ee728b)  -> (artifact id: '8958eb9d003926dba9755a0565edf529') in 0.033910 seconds
  Import took 0.037117 seconds .

========================================================================
Received Import Request.
  Time since last request: 150.948809 seconds.
  path: Assets/Packages/FlexibleColorPicker/FlexibleColorPicker.prefab
  artifactKey: Guid(4214b57e615806c448ba9d993d629531) Importer(815301076,1909f56bfc062723c751e8b465ee728b)
Start importing Assets/Packages/FlexibleColorPicker/FlexibleColorPicker.prefab using Guid(4214b57e615806c448ba9d993d629531) Importer(815301076,1909f56bfc062723c751e8b465ee728b)  -> (artifact id: '67a9147b0d49c76e605adab13f0ee8d3') in 0.058040 seconds
  Import took 0.061598 seconds .

========================================================================
Received Import Request.
  Time since last request: 0.092705 seconds.
  path: Assets/Packages/FlexibleColorPicker/FlexibleColorPicker.prefab
  artifactKey: Guid(4214b57e615806c448ba9d993d629531) Importer(815301076,1909f56bfc062723c751e8b465ee728b)
Start importing Assets/Packages/FlexibleColorPicker/FlexibleColorPicker.prefab using Guid(4214b57e615806c448ba9d993d629531) Importer(815301076,1909f56bfc062723c751e8b465ee728b)  -> (artifact id: '67a9147b0d49c76e605adab13f0ee8d3') in 0.031384 seconds
  Import took 0.036033 seconds .

========================================================================
Received Import Request.
  Time since last request: 2.498715 seconds.
  path: Assets/Resources/UI/Character Appearance Editor/ColorPicker.prefab
  artifactKey: Guid(4c6fe2b0ef0831e4f8139315c2ed8d48) Importer(815301076,1909f56bfc062723c751e8b465ee728b)
Start importing Assets/Resources/UI/Character Appearance Editor/ColorPicker.prefab using Guid(4c6fe2b0ef0831e4f8139315c2ed8d48) Importer(815301076,1909f56bfc062723c751e8b465ee728b)  -> (artifact id: 'c5bda26b005364723f9249a11097d12b') in 0.040817 seconds
  Import took 0.045612 seconds .

========================================================================
Received Prepare
Registering precompiled user dll's ...
Registered in 0.001157 seconds.
Begin MonoManager ReloadAssembly
Native extension for LinuxStandalone target not found
Native extension for WindowsStandalone target not found
Native extension for OSXStandalone target not found
Refreshing native plugins compatible for Editor in 0.28 ms, found 0 plugins.
Preloading 0 native plugins for Editor in 0.00 ms.
Mono: successfully reloaded assembly
- Completed reload, in  1.078 seconds
Platform modules already initialized, skipping
Refreshing native plugins compatible for Editor in 0.75 ms, found 0 plugins.
Preloading 0 native plugins for Editor in 0.00 ms.
Unloading 1252 Unused Serialized files (Serialized files now loaded: 0)
System memory in use before: 67.1 MB.
System memory in use after: 67.2 MB.

Unloading 9 unused Assets to reduce memory usage. Loaded Objects now: 1941.
Total: 3.045700 ms (FindLiveObjects: 0.264200 ms CreateObjectMapping: 0.046400 ms MarkObjects: 2.667700 ms  DeleteObjects: 0.066300 ms)

========================================================================
Received Prepare
Registering precompiled user dll's ...
Registered in 0.000998 seconds.
Begin MonoManager ReloadAssembly
Native extension for LinuxStandalone target not found
Native extension for WindowsStandalone target not found
Native extension for OSXStandalone target not found
Refreshing native plugins compatible for Editor in 0.30 ms, found 0 plugins.
Preloading 0 native plugins for Editor in 0.00 ms.
Mono: successfully reloaded assembly
- Completed reload, in  1.063 seconds
Platform modules already initialized, skipping
Refreshing native plugins compatible for Editor in 0.51 ms, found 0 plugins.
Preloading 0 native plugins for Editor in 0.00 ms.
Unloading 1252 Unused Serialized files (Serialized files now loaded: 0)
System memory in use before: 67.1 MB.
System memory in use after: 67.2 MB.

Unloading 4 unused Assets to reduce memory usage. Loaded Objects now: 1944.
Total: 2.917700 ms (FindLiveObjects: 0.208300 ms CreateObjectMapping: 0.072900 ms MarkObjects: 2.580200 ms  DeleteObjects: 0.054400 ms)

========================================================================
Received Prepare
Registering precompiled user dll's ...
Registered in 0.000933 seconds.
Begin MonoManager ReloadAssembly
Native extension for LinuxStandalone target not found
Native extension for WindowsStandalone target not found
Native extension for OSXStandalone target not found
Refreshing native plugins compatible for Editor in 0.28 ms, found 0 plugins.
Preloading 0 native plugins for Editor in 0.00 ms.
Mono: successfully reloaded assembly
- Completed reload, in  1.082 seconds
Platform modules already initialized, skipping
Refreshing native plugins compatible for Editor in 0.33 ms, found 0 plugins.
Preloading 0 native plugins for Editor in 0.00 ms.
Unloading 1252 Unused Serialized files (Serialized files now loaded: 0)
System memory in use before: 67.1 MB.
System memory in use after: 67.2 MB.

Unloading 4 unused Assets to reduce memory usage. Loaded Objects now: 1947.
Total: 2.499400 ms (FindLiveObjects: 0.302000 ms CreateObjectMapping: 0.145500 ms MarkObjects: 2.017500 ms  DeleteObjects: 0.033100 ms)

========================================================================
Received Import Request.
  Time since last request: 141.543520 seconds.
  path: Assets/ScriptableObjects/Entities/PlayerAppearanceItems/Body.asset
  artifactKey: Guid(dbf496d5720aebe449add5eb7952e720) Importer(815301076,1909f56bfc062723c751e8b465ee728b)
Start importing Assets/ScriptableObjects/Entities/PlayerAppearanceItems/Body.asset using Guid(dbf496d5720aebe449add5eb7952e720) Importer(815301076,1909f56bfc062723c751e8b465ee728b)  -> (artifact id: '587a563fa274b01b44d9c1e830b22174') in 0.182044 seconds
  Import took 0.186452 seconds .

========================================================================
Received Import Request.
  Time since last request: 0.408177 seconds.
  path: Assets/ScriptableObjects/Entities/PlayerAppearanceItems/Wing.asset
  artifactKey: Guid(92324ac7933980b42889444864850c9b) Importer(815301076,1909f56bfc062723c751e8b465ee728b)
Start importing Assets/ScriptableObjects/Entities/PlayerAppearanceItems/Wing.asset using Guid(92324ac7933980b42889444864850c9b) Importer(815301076,1909f56bfc062723c751e8b465ee728b)  -> (artifact id: 'b07dbd28359f65652e26b21b95f30244') in 0.049350 seconds
  Import took 0.054098 seconds .

========================================================================
Received Prepare
Registering precompiled user dll's ...
Registered in 0.000993 seconds.
Begin MonoManager ReloadAssembly
Native extension for LinuxStandalone target not found
Native extension for WindowsStandalone target not found
Native extension for OSXStandalone target not found
Refreshing native plugins compatible for Editor in 0.28 ms, found 0 plugins.
Preloading 0 native plugins for Editor in 0.00 ms.
Mono: successfully reloaded assembly
- Completed reload, in  1.087 seconds
Platform modules already initialized, skipping
Refreshing native plugins compatible for Editor in 0.28 ms, found 0 plugins.
Preloading 0 native plugins for Editor in 0.00 ms.
Unloading 1252 Unused Serialized files (Serialized files now loaded: 0)
System memory in use before: 67.1 MB.
System memory in use after: 67.2 MB.

Unloading 4 unused Assets to reduce memory usage. Loaded Objects now: 1950.
Total: 2.983900 ms (FindLiveObjects: 0.212500 ms CreateObjectMapping: 0.054100 ms MarkObjects: 2.682200 ms  DeleteObjects: 0.033600 ms)

========================================================================
Received Prepare
Registering precompiled user dll's ...
Registered in 0.000959 seconds.
Begin MonoManager ReloadAssembly
Native extension for LinuxStandalone target not found
Native extension for WindowsStandalone target not found
Native extension for OSXStandalone target not found
Refreshing native plugins compatible for Editor in 0.34 ms, found 0 plugins.
Preloading 0 native plugins for Editor in 0.00 ms.
Mono: successfully reloaded assembly
- Completed reload, in  1.157 seconds
Platform modules already initialized, skipping
Refreshing native plugins compatible for Editor in 0.57 ms, found 0 plugins.
Preloading 0 native plugins for Editor in 0.00 ms.
Unloading 1252 Unused Serialized files (Serialized files now loaded: 0)
System memory in use before: 67.1 MB.
System memory in use after: 67.2 MB.

Unloading 4 unused Assets to reduce memory usage. Loaded Objects now: 1953.
Total: 2.229000 ms (FindLiveObjects: 0.177500 ms CreateObjectMapping: 0.049700 ms MarkObjects: 1.953800 ms  DeleteObjects: 0.046600 ms)

========================================================================
Received Prepare
Registering precompiled user dll's ...
Registered in 0.000992 seconds.
Begin MonoManager ReloadAssembly
Native extension for LinuxStandalone target not found
Native extension for WindowsStandalone target not found
Native extension for OSXStandalone target not found
Refreshing native plugins compatible for Editor in 0.24 ms, found 0 plugins.
Preloading 0 native plugins for Editor in 0.00 ms.
Mono: successfully reloaded assembly
- Completed reload, in  1.063 seconds
Platform modules already initialized, skipping
Refreshing native plugins compatible for Editor in 0.32 ms, found 0 plugins.
Preloading 0 native plugins for Editor in 0.00 ms.
Unloading 1252 Unused Serialized files (Serialized files now loaded: 0)
System memory in use before: 67.1 MB.
System memory in use after: 67.2 MB.

Unloading 4 unused Assets to reduce memory usage. Loaded Objects now: 1956.
Total: 2.510600 ms (FindLiveObjects: 0.172600 ms CreateObjectMapping: 0.046500 ms MarkObjects: 2.240200 ms  DeleteObjects: 0.050100 ms)

========================================================================
Received Prepare
Registering precompiled user dll's ...
Registered in 0.000936 seconds.
Begin MonoManager ReloadAssembly
Native extension for LinuxStandalone target not found
Native extension for WindowsStandalone target not found
Native extension for OSXStandalone target not found
Refreshing native plugins compatible for Editor in 0.36 ms, found 0 plugins.
Preloading 0 native plugins for Editor in 0.00 ms.
Mono: successfully reloaded assembly
- Completed reload, in  1.205 seconds
Platform modules already initialized, skipping
Refreshing native plugins compatible for Editor in 0.44 ms, found 0 plugins.
Preloading 0 native plugins for Editor in 0.00 ms.
Unloading 1252 Unused Serialized files (Serialized files now loaded: 0)
System memory in use before: 67.1 MB.
System memory in use after: 67.2 MB.

Unloading 4 unused Assets to reduce memory usage. Loaded Objects now: 1959.
Total: 2.319200 ms (FindLiveObjects: 0.297100 ms CreateObjectMapping: 0.042200 ms MarkObjects: 1.963900 ms  DeleteObjects: 0.014700 ms)

========================================================================
Received Import Request.
  Time since last request: 514.956316 seconds.
  path: Assets/ScriptableObjects/Entities/PlayerAppearanceItems/Eyes.asset
  artifactKey: Guid(a0085cd2ec461e740aefd1aee1e1dea5) Importer(815301076,1909f56bfc062723c751e8b465ee728b)
Start importing Assets/ScriptableObjects/Entities/PlayerAppearanceItems/Eyes.asset using Guid(a0085cd2ec461e740aefd1aee1e1dea5) Importer(815301076,1909f56bfc062723c751e8b465ee728b)  -> (artifact id: '5f9d2a434c02e6724e706edf70a46e23') in 0.117978 seconds
  Import took 0.121453 seconds .

========================================================================
Received Import Request.
  Time since last request: 6.803252 seconds.
  path: Assets/ScriptableObjects/Entities/PlayerAppearanceItems/EyeShine.asset
  artifactKey: Guid(8cb2de79885966f4ab122de8e7b04743) Importer(815301076,1909f56bfc062723c751e8b465ee728b)
Start importing Assets/ScriptableObjects/Entities/PlayerAppearanceItems/EyeShine.asset using Guid(8cb2de79885966f4ab122de8e7b04743) Importer(815301076,1909f56bfc062723c751e8b465ee728b)  -> (artifact id: 'b6854cd9500b15501d1540c360a6a928') in 0.038539 seconds
  Import took 0.042028 seconds .

========================================================================
Received Import Request.
  Time since last request: 16.712603 seconds.
  path: Assets/ScriptableObjects/Entities/PlayerAppearanceItems/Tail_Uniform_Base.asset
  artifactKey: Guid(802437a081877944daca12567c8cb2d6) Importer(815301076,1909f56bfc062723c751e8b465ee728b)
Start importing Assets/ScriptableObjects/Entities/PlayerAppearanceItems/Tail_Uniform_Base.asset using Guid(802437a081877944daca12567c8cb2d6) Importer(815301076,1909f56bfc062723c751e8b465ee728b)  -> (artifact id: '7683613f59c0c3afe30262821c3682b6') in 0.041079 seconds
  Import took 0.044512 seconds .

========================================================================
Received Import Request.
  Time since last request: 7.314117 seconds.
  path: Assets/ScriptableObjects/Entities/PlayerAppearanceItems/Head.asset
  artifactKey: Guid(8473966246c6eb446a9076cf81680b3b) Importer(815301076,1909f56bfc062723c751e8b465ee728b)
Start importing Assets/ScriptableObjects/Entities/PlayerAppearanceItems/Head.asset using Guid(8473966246c6eb446a9076cf81680b3b) Importer(815301076,1909f56bfc062723c751e8b465ee728b)  -> (artifact id: 'df204abce90dbdeb27df69520bf1f0cf') in 0.041300 seconds
  Import took 0.045223 seconds .

========================================================================
Received Import Request.
  Time since last request: 8.052490 seconds.
  path: Assets/ScriptableObjects/Entities/PlayerAppearanceItems/Mane_Uniform_Base.asset
  artifactKey: Guid(9f9ae021123119740afee9d815822b25) Importer(815301076,1909f56bfc062723c751e8b465ee728b)
Start importing Assets/ScriptableObjects/Entities/PlayerAppearanceItems/Mane_Uniform_Base.asset using Guid(9f9ae021123119740afee9d815822b25) Importer(815301076,1909f56bfc062723c751e8b465ee728b)  -> (artifact id: '67b3a886692d6082ee9a199309904b88') in 0.038697 seconds
  Import took 0.041837 seconds .

========================================================================
Received Import Request.
  Time since last request: 0.866513 seconds.
  path: Assets/ScriptableObjects/Entities/PlayerAppearanceItems/Mane_Uniform_Gradient_1.asset
  artifactKey: Guid(0b4a55f7900d9f548a4fa6aa0551d2aa) Importer(815301076,1909f56bfc062723c751e8b465ee728b)
Start importing Assets/ScriptableObjects/Entities/PlayerAppearanceItems/Mane_Uniform_Gradient_1.asset using Guid(0b4a55f7900d9f548a4fa6aa0551d2aa) Importer(815301076,1909f56bfc062723c751e8b465ee728b)  -> (artifact id: 'ec03d0457487e3b1a462e2d484a87db4') in 0.040450 seconds
  Import took 0.044079 seconds .

========================================================================
Received Import Request.
  Time since last request: 1.141495 seconds.
  path: Assets/ScriptableObjects/Entities/PlayerAppearanceItems/Mane_Uniform_Gradient_2.asset
  artifactKey: Guid(c231094cb6b0cd0428d37e7581f7e461) Importer(815301076,1909f56bfc062723c751e8b465ee728b)
Start importing Assets/ScriptableObjects/Entities/PlayerAppearanceItems/Mane_Uniform_Gradient_2.asset using Guid(c231094cb6b0cd0428d37e7581f7e461) Importer(815301076,1909f56bfc062723c751e8b465ee728b)  -> (artifact id: 'dc5c0ea51afd31e623431d3ed996df44') in 0.039236 seconds
  Import took 0.042626 seconds .

========================================================================
Received Import Request.
  Time since last request: 2.188222 seconds.
  path: Assets/ScriptableObjects/Entities/PlayerAppearanceItems/Shadow.asset
  artifactKey: Guid(626d94a7f9ccf5946856323b5b24c5fc) Importer(815301076,1909f56bfc062723c751e8b465ee728b)
Start importing Assets/ScriptableObjects/Entities/PlayerAppearanceItems/Shadow.asset using Guid(626d94a7f9ccf5946856323b5b24c5fc) Importer(815301076,1909f56bfc062723c751e8b465ee728b)  -> (artifact id: '5a25832f8862f65058140b709ce64d89') in 0.038407 seconds
  Import took 0.041644 seconds .

========================================================================
Received Import Request.
  Time since last request: 11.475584 seconds.
  path: Assets/ScriptableObjects/Entities/PlayerAppearanceItems/Wing.asset
  artifactKey: Guid(92324ac7933980b42889444864850c9b) Importer(815301076,1909f56bfc062723c751e8b465ee728b)
Start importing Assets/ScriptableObjects/Entities/PlayerAppearanceItems/Wing.asset using Guid(92324ac7933980b42889444864850c9b) Importer(815301076,1909f56bfc062723c751e8b465ee728b)  -> (artifact id: '5a5cf4440024144ce223f558721ce0b3') in 0.042159 seconds
  Import took 0.045448 seconds .

========================================================================
Received Prepare
Registering precompiled user dll's ...
Registered in 0.001457 seconds.
Begin MonoManager ReloadAssembly
Native extension for LinuxStandalone target not found
Native extension for WindowsStandalone target not found
Native extension for OSXStandalone target not found
Refreshing native plugins compatible for Editor in 0.26 ms, found 0 plugins.
Preloading 0 native plugins for Editor in 0.00 ms.
Mono: successfully reloaded assembly
- Completed reload, in  1.101 seconds
Platform modules already initialized, skipping
Refreshing native plugins compatible for Editor in 0.27 ms, found 0 plugins.
Preloading 0 native plugins for Editor in 0.00 ms.
Unloading 1252 Unused Serialized files (Serialized files now loaded: 0)
System memory in use before: 67.1 MB.
System memory in use after: 67.2 MB.

Unloading 4 unused Assets to reduce memory usage. Loaded Objects now: 1962.
Total: 2.165800 ms (FindLiveObjects: 0.228400 ms CreateObjectMapping: 0.043000 ms MarkObjects: 1.878000 ms  DeleteObjects: 0.015600 ms)

========================================================================
Received Prepare
Registering precompiled user dll's ...
Registered in 0.001186 seconds.
Begin MonoManager ReloadAssembly
Native extension for LinuxStandalone target not found
Native extension for WindowsStandalone target not found
Native extension for OSXStandalone target not found
Refreshing native plugins compatible for Editor in 0.30 ms, found 0 plugins.
Preloading 0 native plugins for Editor in 0.00 ms.
Mono: successfully reloaded assembly
- Completed reload, in  1.097 seconds
Platform modules already initialized, skipping
Refreshing native plugins compatible for Editor in 0.27 ms, found 0 plugins.
Preloading 0 native plugins for Editor in 0.00 ms.
Unloading 1252 Unused Serialized files (Serialized files now loaded: 0)
System memory in use before: 67.1 MB.
System memory in use after: 67.2 MB.

Unloading 4 unused Assets to reduce memory usage. Loaded Objects now: 1965.
Total: 2.460300 ms (FindLiveObjects: 0.160500 ms CreateObjectMapping: 0.042000 ms MarkObjects: 2.241400 ms  DeleteObjects: 0.015300 ms)

========================================================================
Received Import Request.
  Time since last request: 80.846798 seconds.
  path: Assets/ScriptableObjects/Entities/PlayerAppearanceItems/Mane_Uniform_Gradient_2.asset
  artifactKey: Guid(c231094cb6b0cd0428d37e7581f7e461) Importer(815301076,1909f56bfc062723c751e8b465ee728b)
Start importing Assets/ScriptableObjects/Entities/PlayerAppearanceItems/Mane_Uniform_Gradient_2.asset using Guid(c231094cb6b0cd0428d37e7581f7e461) Importer(815301076,1909f56bfc062723c751e8b465ee728b)  -> (artifact id: '16c128cb0a7d0715bfac9e68e0151689') in 0.135236 seconds
  Import took 0.139874 seconds .

========================================================================
Received Import Request.
  Time since last request: 4.148284 seconds.
  path: Assets/ScriptableObjects/Entities/PlayerAppearanceItems/ItemLists
  artifactKey: Guid(9db1dfb309be5e64bafb3b34488a434b) Importer(815301076,1909f56bfc062723c751e8b465ee728b)
Start importing Assets/ScriptableObjects/Entities/PlayerAppearanceItems/ItemLists using Guid(9db1dfb309be5e64bafb3b34488a434b) Importer(815301076,1909f56bfc062723c751e8b465ee728b)  -> (artifact id: 'de34b6ae3ccec5ce23b1bd1b7c098fe7') in 0.003193 seconds
  Import took 0.005714 seconds .

========================================================================
Received Prepare
Registering precompiled user dll's ...
Registered in 0.001023 seconds.
Begin MonoManager ReloadAssembly
Native extension for LinuxStandalone target not found
Native extension for WindowsStandalone target not found
Native extension for OSXStandalone target not found
Refreshing native plugins compatible for Editor in 0.54 ms, found 0 plugins.
Preloading 0 native plugins for Editor in 0.00 ms.
Mono: successfully reloaded assembly
- Completed reload, in  1.180 seconds
Platform modules already initialized, skipping
Refreshing native plugins compatible for Editor in 0.25 ms, found 0 plugins.
Preloading 0 native plugins for Editor in 0.00 ms.
Unloading 1252 Unused Serialized files (Serialized files now loaded: 0)
System memory in use before: 67.1 MB.
System memory in use after: 67.2 MB.

Unloading 4 unused Assets to reduce memory usage. Loaded Objects now: 1968.
Total: 3.112200 ms (FindLiveObjects: 0.355400 ms CreateObjectMapping: 0.043600 ms MarkObjects: 2.663200 ms  DeleteObjects: 0.048500 ms)

========================================================================
Received Import Request.
  Time since last request: 21.888093 seconds.
  path: Assets/ScriptableObjects/Entities/PlayerAppearanceItems/ItemLists/Default Body.asset
  artifactKey: Guid(978eddd49ec6c1d458bd54dd7ac112bb) Importer(815301076,1909f56bfc062723c751e8b465ee728b)
Start importing Assets/ScriptableObjects/Entities/PlayerAppearanceItems/ItemLists/Default Body.asset using Guid(978eddd49ec6c1d458bd54dd7ac112bb) Importer(815301076,1909f56bfc062723c751e8b465ee728b)  -> (artifact id: '9d156fd72236a4bfdfdfd4728b00a7e6') in 0.008425 seconds
  Import took 0.012137 seconds .

========================================================================
Received Import Request.
  Time since last request: 0.002063 seconds.
  path: Assets/ScriptableObjects/Entities/PlayerAppearanceItems/ItemLists/Default Body.asset
  artifactKey: Guid(978eddd49ec6c1d458bd54dd7ac112bb) Importer(815301076,1909f56bfc062723c751e8b465ee728b)
Start importing Assets/ScriptableObjects/Entities/PlayerAppearanceItems/ItemLists/Default Body.asset using Guid(978eddd49ec6c1d458bd54dd7ac112bb) Importer(815301076,1909f56bfc062723c751e8b465ee728b)  -> (artifact id: '9d156fd72236a4bfdfdfd4728b00a7e6') in 0.004111 seconds
  Import took 0.006869 seconds .

========================================================================
Received Import Request.
  Time since last request: 32.856850 seconds.
  path: Assets/ScriptableObjects/Entities/PlayerAppearanceItems/ItemLists/Mane_Uniform.asset
  artifactKey: Guid(f59d89275989dbe49acaf964ac57fcdf) Importer(815301076,1909f56bfc062723c751e8b465ee728b)
Start importing Assets/ScriptableObjects/Entities/PlayerAppearanceItems/ItemLists/Mane_Uniform.asset using Guid(f59d89275989dbe49acaf964ac57fcdf) Importer(815301076,1909f56bfc062723c751e8b465ee728b)  -> (artifact id: '296ed88b5ccdf84536a22f7b3e996d39') in 0.004858 seconds
  Import took 0.008199 seconds .

========================================================================
Received Import Request.
  Time since last request: 18.217483 seconds.
  path: Assets/ScriptableObjects/Entities/PlayerAppearanceItems/ItemLists/Mane_Uniform_Gradient.asset
  artifactKey: Guid(a8a022788577cb140889e8c2da6f6b7b) Importer(815301076,1909f56bfc062723c751e8b465ee728b)
Start importing Assets/ScriptableObjects/Entities/PlayerAppearanceItems/ItemLists/Mane_Uniform_Gradient.asset using Guid(a8a022788577cb140889e8c2da6f6b7b) Importer(815301076,1909f56bfc062723c751e8b465ee728b)  -> (artifact id: '2eb3e04d545aa9d0bfc8a41a4cebe3af') in 0.004094 seconds
  Import took 0.102306 seconds .

========================================================================
Received Import Request.
  Time since last request: 13.083581 seconds.
  path: Assets/ScriptableObjects/Entities/PlayerAppearanceItems/ItemLists/Tail_Uniform.asset
  artifactKey: Guid(db3644cfc101c494c81cee8f2c330e07) Importer(815301076,1909f56bfc062723c751e8b465ee728b)
Start importing Assets/ScriptableObjects/Entities/PlayerAppearanceItems/ItemLists/Tail_Uniform.asset using Guid(db3644cfc101c494c81cee8f2c330e07) Importer(815301076,1909f56bfc062723c751e8b465ee728b)  -> (artifact id: '2f3974254c53e137f8ed8355bb013fa1') in 0.010004 seconds
  Import took 0.014878 seconds .

========================================================================
Received Import Request.
  Time since last request: 58.976266 seconds.
  path: Assets/ScriptableObjects/Entities/PlayerAppearanceItems/ItemLists/Mane_Uniform.asset
  artifactKey: Guid(f59d89275989dbe49acaf964ac57fcdf) Importer(815301076,1909f56bfc062723c751e8b465ee728b)
Start importing Assets/ScriptableObjects/Entities/PlayerAppearanceItems/ItemLists/Mane_Uniform.asset using Guid(f59d89275989dbe49acaf964ac57fcdf) Importer(815301076,1909f56bfc062723c751e8b465ee728b)  -> (artifact id: '7d37d804d8efbe924426e8ee30e960a6') in 0.004339 seconds
  Import took 0.007182 seconds .

========================================================================
Received Import Request.
  Time since last request: 36.729157 seconds.
  path: Assets/Scripts/UI/PlayerAppearanceItemCluster.cs
  artifactKey: Guid(87be52af1a5d18e429647f1e405130fb) Importer(815301076,1909f56bfc062723c751e8b465ee728b)
Start importing Assets/Scripts/UI/PlayerAppearanceItemCluster.cs using Guid(87be52af1a5d18e429647f1e405130fb) Importer(815301076,1909f56bfc062723c751e8b465ee728b)  -> (artifact id: 'e266c90530ce6cf32b1b5ae5842f0ee2') in 0.005054 seconds
  Import took 0.008260 seconds .

========================================================================
Received Import Request.
  Time since last request: 0.002807 seconds.
  path: Assets/Scripts/UI/PlayerAppearanceItemCluster.cs
  artifactKey: Guid(87be52af1a5d18e429647f1e405130fb) Importer(815301076,1909f56bfc062723c751e8b465ee728b)
Start importing Assets/Scripts/UI/PlayerAppearanceItemCluster.cs using Guid(87be52af1a5d18e429647f1e405130fb) Importer(815301076,1909f56bfc062723c751e8b465ee728b)  -> (artifact id: 'e266c90530ce6cf32b1b5ae5842f0ee2') in 0.004515 seconds
  Import took 0.007970 seconds .

========================================================================
Received Prepare
Registering precompiled user dll's ...
Registered in 0.001542 seconds.
Begin MonoManager ReloadAssembly
Native extension for LinuxStandalone target not found
Native extension for WindowsStandalone target not found
Native extension for OSXStandalone target not found
Refreshing native plugins compatible for Editor in 0.26 ms, found 0 plugins.
Preloading 0 native plugins for Editor in 0.00 ms.
Mono: successfully reloaded assembly
- Completed reload, in  1.159 seconds
Platform modules already initialized, skipping
Refreshing native plugins compatible for Editor in 0.43 ms, found 0 plugins.
Preloading 0 native plugins for Editor in 0.00 ms.
Unloading 1253 Unused Serialized files (Serialized files now loaded: 0)
System memory in use before: 67.2 MB.
System memory in use after: 67.3 MB.

Unloading 4 unused Assets to reduce memory usage. Loaded Objects now: 1972.
Total: 2.436400 ms (FindLiveObjects: 0.187000 ms CreateObjectMapping: 0.049400 ms MarkObjects: 2.160500 ms  DeleteObjects: 0.017100 ms)

========================================================================
Received Prepare
Registering precompiled user dll's ...
Registered in 0.002121 seconds.
Begin MonoManager ReloadAssembly
Native extension for LinuxStandalone target not found
Native extension for WindowsStandalone target not found
Native extension for OSXStandalone target not found
Refreshing native plugins compatible for Editor in 0.24 ms, found 0 plugins.
Preloading 0 native plugins for Editor in 0.00 ms.
Mono: successfully reloaded assembly
- Completed reload, in  1.126 seconds
Platform modules already initialized, skipping
Refreshing native plugins compatible for Editor in 0.45 ms, found 0 plugins.
Preloading 0 native plugins for Editor in 0.00 ms.
Unloading 1253 Unused Serialized files (Serialized files now loaded: 0)
System memory in use before: 67.2 MB.
System memory in use after: 67.3 MB.

Unloading 4 unused Assets to reduce memory usage. Loaded Objects now: 1975.
Total: 2.169600 ms (FindLiveObjects: 0.183600 ms CreateObjectMapping: 0.045800 ms MarkObjects: 1.893500 ms  DeleteObjects: 0.045400 ms)

========================================================================
Received Import Request.
  Time since last request: 21.243793 seconds.
  path: Assets/Scripts/UI/PlayerAppearanceItemCluster.cs
  artifactKey: Guid(87be52af1a5d18e429647f1e405130fb) Importer(815301076,1909f56bfc062723c751e8b465ee728b)
Start importing Assets/Scripts/UI/PlayerAppearanceItemCluster.cs using Guid(87be52af1a5d18e429647f1e405130fb) Importer(815301076,1909f56bfc062723c751e8b465ee728b)  -> (artifact id: 'ce17e749167795c2a82fbe280e563404') in 0.005187 seconds
  Import took 0.007536 seconds .

========================================================================
Received Import Request.
  Time since last request: 2.431021 seconds.
  path: Assets/ScriptableObjects/Entities/PlayerAppearanceItems/ItemLists/Mane_Uniform_Gradient.asset
  artifactKey: Guid(a8a022788577cb140889e8c2da6f6b7b) Importer(815301076,1909f56bfc062723c751e8b465ee728b)
Start importing Assets/ScriptableObjects/Entities/PlayerAppearanceItems/ItemLists/Mane_Uniform_Gradient.asset using Guid(a8a022788577cb140889e8c2da6f6b7b) Importer(815301076,1909f56bfc062723c751e8b465ee728b)  -> (artifact id: '7d2be6ff430ec61eeda6535c58bf01fb') in 0.005539 seconds
  Import took 0.008148 seconds .

========================================================================
Received Import Request.
  Time since last request: 20.472166 seconds.
  path: Assets/Scripts/UI/PlayerAppearanceSelectorUI.cs
  artifactKey: Guid(d89f79df694cdbb4091751ce3e4911f4) Importer(815301076,1909f56bfc062723c751e8b465ee728b)
Start importing Assets/Scripts/UI/PlayerAppearanceSelectorUI.cs using Guid(d89f79df694cdbb4091751ce3e4911f4) Importer(815301076,1909f56bfc062723c751e8b465ee728b)  -> (artifact id: '7b4d42f5be57a704c27f7d3b01832e5a') in 0.003134 seconds
  Import took 0.006324 seconds .

========================================================================
Received Import Request.
  Time since last request: 0.000738 seconds.
  path: Assets/Scripts/UI/PlayerAppearanceSelectorUI.cs
  artifactKey: Guid(d89f79df694cdbb4091751ce3e4911f4) Importer(815301076,1909f56bfc062723c751e8b465ee728b)
Start importing Assets/Scripts/UI/PlayerAppearanceSelectorUI.cs using Guid(d89f79df694cdbb4091751ce3e4911f4) Importer(815301076,1909f56bfc062723c751e8b465ee728b)  -> (artifact id: '7b4d42f5be57a704c27f7d3b01832e5a') in 0.003685 seconds
  Import took 0.006905 seconds .

========================================================================
Received Import Request.
  Time since last request: 5.037607 seconds.
  path: Assets/Scripts/UI/PlayerAppearanceItemList.cs
  artifactKey: Guid(87be52af1a5d18e429647f1e405130fb) Importer(815301076,1909f56bfc062723c751e8b465ee728b)
Start importing Assets/Scripts/UI/PlayerAppearanceItemList.cs using Guid(87be52af1a5d18e429647f1e405130fb) Importer(815301076,1909f56bfc062723c751e8b465ee728b)  -> (artifact id: '1e1b23048d4ad1b9833fd14b0492f501') in 0.003131 seconds
  Import took 0.006156 seconds .

========================================================================
Received Prepare
Registering precompiled user dll's ...
Registered in 0.000923 seconds.
Begin MonoManager ReloadAssembly
Native extension for LinuxStandalone target not found
Native extension for WindowsStandalone target not found
Native extension for OSXStandalone target not found
Refreshing native plugins compatible for Editor in 0.33 ms, found 0 plugins.
Preloading 0 native plugins for Editor in 0.00 ms.
Mono: successfully reloaded assembly
- Completed reload, in  1.144 seconds
Platform modules already initialized, skipping
Refreshing native plugins compatible for Editor in 0.30 ms, found 0 plugins.
Preloading 0 native plugins for Editor in 0.00 ms.
Unloading 1253 Unused Serialized files (Serialized files now loaded: 0)
System memory in use before: 67.2 MB.
System memory in use after: 67.3 MB.

Unloading 4 unused Assets to reduce memory usage. Loaded Objects now: 1978.
Total: 2.421400 ms (FindLiveObjects: 0.274900 ms CreateObjectMapping: 0.060900 ms MarkObjects: 2.063600 ms  DeleteObjects: 0.020700 ms)

========================================================================
Received Prepare
Registering precompiled user dll's ...
Registered in 0.001244 seconds.
Begin MonoManager ReloadAssembly
Native extension for LinuxStandalone target not found
Native extension for WindowsStandalone target not found
Native extension for OSXStandalone target not found
Refreshing native plugins compatible for Editor in 0.24 ms, found 0 plugins.
Preloading 0 native plugins for Editor in 0.00 ms.
Mono: successfully reloaded assembly
- Completed reload, in  1.054 seconds
Platform modules already initialized, skipping
Refreshing native plugins compatible for Editor in 0.24 ms, found 0 plugins.
Preloading 0 native plugins for Editor in 0.00 ms.
Unloading 1253 Unused Serialized files (Serialized files now loaded: 0)
System memory in use before: 67.2 MB.
System memory in use after: 67.3 MB.

Unloading 4 unused Assets to reduce memory usage. Loaded Objects now: 1981.
Total: 2.146300 ms (FindLiveObjects: 0.152500 ms CreateObjectMapping: 0.038700 ms MarkObjects: 1.937600 ms  DeleteObjects: 0.016500 ms)

========================================================================
Received Import Request.
  Time since last request: 51.350914 seconds.
  path: Assets/Scripts/UI/PlayerAppearanceItemList.cs
  artifactKey: Guid(87be52af1a5d18e429647f1e405130fb) Importer(815301076,1909f56bfc062723c751e8b465ee728b)
Start importing Assets/Scripts/UI/PlayerAppearanceItemList.cs using Guid(87be52af1a5d18e429647f1e405130fb) Importer(815301076,1909f56bfc062723c751e8b465ee728b)  -> (artifact id: '22af22e57d9f311caf18f574873fe1df') in 0.005115 seconds
  Import took 0.008365 seconds .

========================================================================
Received Import Request.
  Time since last request: 7.833554 seconds.
  path: Assets/ScriptableObjects/Entities/PlayerAppearanceItems/ItemLists/Default Body.asset
  artifactKey: Guid(978eddd49ec6c1d458bd54dd7ac112bb) Importer(815301076,1909f56bfc062723c751e8b465ee728b)
Start importing Assets/ScriptableObjects/Entities/PlayerAppearanceItems/ItemLists/Default Body.asset using Guid(978eddd49ec6c1d458bd54dd7ac112bb) Importer(815301076,1909f56bfc062723c751e8b465ee728b)  -> (artifact id: '3340468db123720db5babedfb77e5faf') in 0.005369 seconds
  Import took 0.009693 seconds .

========================================================================
Received Import Request.
  Time since last request: 9.477017 seconds.
  path: Assets/ScriptableObjects/Entities/PlayerAppearanceItems/ItemLists/Mane_Uniform.asset
  artifactKey: Guid(f59d89275989dbe49acaf964ac57fcdf) Importer(815301076,1909f56bfc062723c751e8b465ee728b)
Start importing Assets/ScriptableObjects/Entities/PlayerAppearanceItems/ItemLists/Mane_Uniform.asset using Guid(f59d89275989dbe49acaf964ac57fcdf) Importer(815301076,1909f56bfc062723c751e8b465ee728b)  -> (artifact id: 'd94e23e860cf6cf1ee5691a7ffd70466') in 0.016668 seconds
  Import took 0.019716 seconds .

========================================================================
Received Import Request.
  Time since last request: 0.005210 seconds.
  path: Assets/ScriptableObjects/Entities/PlayerAppearanceItems/ItemLists/Mane_Uniform.asset
  artifactKey: Guid(f59d89275989dbe49acaf964ac57fcdf) Importer(815301076,1909f56bfc062723c751e8b465ee728b)
Start importing Assets/ScriptableObjects/Entities/PlayerAppearanceItems/ItemLists/Mane_Uniform.asset using Guid(f59d89275989dbe49acaf964ac57fcdf) Importer(815301076,1909f56bfc062723c751e8b465ee728b)  -> (artifact id: 'd94e23e860cf6cf1ee5691a7ffd70466') in 0.003580 seconds
  Import took 0.006216 seconds .

========================================================================
Received Import Request.
  Time since last request: 8.644978 seconds.
  path: Assets/ScriptableObjects/Entities/PlayerAppearanceItems/ItemLists/Mane_Uniform_Gradient.asset
  artifactKey: Guid(a8a022788577cb140889e8c2da6f6b7b) Importer(815301076,1909f56bfc062723c751e8b465ee728b)
Start importing Assets/ScriptableObjects/Entities/PlayerAppearanceItems/ItemLists/Mane_Uniform_Gradient.asset using Guid(a8a022788577cb140889e8c2da6f6b7b) Importer(815301076,1909f56bfc062723c751e8b465ee728b)  -> (artifact id: 'f5e78b9a3a44d0df95c81016fbf56482') in 0.004663 seconds
  Import took 0.007918 seconds .

========================================================================
Received Import Request.
  Time since last request: 9.148735 seconds.
  path: Assets/ScriptableObjects/Entities/PlayerAppearanceItems/ItemLists/Mane_Uniform_Striped.asset
  artifactKey: Guid(1c3702e7b814b22438376ca6043300cf) Importer(815301076,1909f56bfc062723c751e8b465ee728b)
Start importing Assets/ScriptableObjects/Entities/PlayerAppearanceItems/ItemLists/Mane_Uniform_Striped.asset using Guid(1c3702e7b814b22438376ca6043300cf) Importer(815301076,1909f56bfc062723c751e8b465ee728b)  -> (artifact id: '8acff5bf13907d29ea171a5591ec55dc') in 0.005883 seconds
  Import took 0.009798 seconds .

========================================================================
Received Import Request.
  Time since last request: 6.740100 seconds.
  path: Assets/ScriptableObjects/Entities/PlayerAppearanceItems/ItemLists/Tail_Uniform.asset
  artifactKey: Guid(db3644cfc101c494c81cee8f2c330e07) Importer(815301076,1909f56bfc062723c751e8b465ee728b)
Start importing Assets/ScriptableObjects/Entities/PlayerAppearanceItems/ItemLists/Tail_Uniform.asset using Guid(db3644cfc101c494c81cee8f2c330e07) Importer(815301076,1909f56bfc062723c751e8b465ee728b)  -> (artifact id: 'c02685989a04fa78d5fdb922ec7eca97') in 0.003612 seconds
  Import took 0.006842 seconds .

========================================================================
Received Import Request.
  Time since last request: 66.791262 seconds.
  path: Assets/ScriptableObjects/Entities/PlayerAppearanceItems/ItemLists/Tail_Uniform.asset
  artifactKey: Guid(db3644cfc101c494c81cee8f2c330e07) Importer(815301076,1909f56bfc062723c751e8b465ee728b)
Start importing Assets/ScriptableObjects/Entities/PlayerAppearanceItems/ItemLists/Tail_Uniform.asset using Guid(db3644cfc101c494c81cee8f2c330e07) Importer(815301076,1909f56bfc062723c751e8b465ee728b)  -> (artifact id: '5a62ae57a6772da0c8afa72e6a31450f') in 0.124606 seconds
  Import took 0.128544 seconds .

========================================================================
Received Prepare
Registering precompiled user dll's ...
Registered in 0.000944 seconds.
Begin MonoManager ReloadAssembly
Native extension for LinuxStandalone target not found
Native extension for WindowsStandalone target not found
Native extension for OSXStandalone target not found
Refreshing native plugins compatible for Editor in 0.25 ms, found 0 plugins.
Preloading 0 native plugins for Editor in 0.00 ms.
Mono: successfully reloaded assembly
- Completed reload, in  1.209 seconds
Platform modules already initialized, skipping
Refreshing native plugins compatible for Editor in 0.48 ms, found 0 plugins.
Preloading 0 native plugins for Editor in 0.00 ms.
Unloading 1253 Unused Serialized files (Serialized files now loaded: 0)
System memory in use before: 67.2 MB.
System memory in use after: 67.3 MB.

Unloading 4 unused Assets to reduce memory usage. Loaded Objects now: 1984.
Total: 2.220200 ms (FindLiveObjects: 0.148400 ms CreateObjectMapping: 0.038400 ms MarkObjects: 2.016600 ms  DeleteObjects: 0.015800 ms)

========================================================================
Received Prepare
Registering precompiled user dll's ...
Registered in 0.000971 seconds.
Begin MonoManager ReloadAssembly
Native extension for LinuxStandalone target not found
Native extension for WindowsStandalone target not found
Native extension for OSXStandalone target not found
Refreshing native plugins compatible for Editor in 0.47 ms, found 0 plugins.
Preloading 0 native plugins for Editor in 0.00 ms.
Mono: successfully reloaded assembly
- Completed reload, in  1.258 seconds
Platform modules already initialized, skipping
Refreshing native plugins compatible for Editor in 0.45 ms, found 0 plugins.
Preloading 0 native plugins for Editor in 0.00 ms.
Unloading 1253 Unused Serialized files (Serialized files now loaded: 0)
System memory in use before: 67.2 MB.
System memory in use after: 67.3 MB.

Unloading 4 unused Assets to reduce memory usage. Loaded Objects now: 1987.
Total: 2.588700 ms (FindLiveObjects: 0.248000 ms CreateObjectMapping: 0.069700 ms MarkObjects: 2.229100 ms  DeleteObjects: 0.040000 ms)

========================================================================
Received Prepare
Registering precompiled user dll's ...
Registered in 0.001291 seconds.
Begin MonoManager ReloadAssembly
Native extension for LinuxStandalone target not found
Native extension for WindowsStandalone target not found
Native extension for OSXStandalone target not found
Refreshing native plugins compatible for Editor in 0.25 ms, found 0 plugins.
Preloading 0 native plugins for Editor in 0.00 ms.
Mono: successfully reloaded assembly
- Completed reload, in  1.166 seconds
Platform modules already initialized, skipping
Refreshing native plugins compatible for Editor in 0.42 ms, found 0 plugins.
Preloading 0 native plugins for Editor in 0.00 ms.
Unloading 1253 Unused Serialized files (Serialized files now loaded: 0)
System memory in use before: 67.2 MB.
System memory in use after: 67.3 MB.

Unloading 4 unused Assets to reduce memory usage. Loaded Objects now: 1990.
Total: 2.936300 ms (FindLiveObjects: 0.391900 ms CreateObjectMapping: 0.159700 ms MarkObjects: 2.364400 ms  DeleteObjects: 0.018600 ms)

========================================================================
Received Prepare
Registering precompiled user dll's ...
Registered in 0.001215 seconds.
Begin MonoManager ReloadAssembly
Native extension for LinuxStandalone target not found
Native extension for WindowsStandalone target not found
Native extension for OSXStandalone target not found
Refreshing native plugins compatible for Editor in 0.41 ms, found 0 plugins.
Preloading 0 native plugins for Editor in 0.00 ms.
Mono: successfully reloaded assembly
- Completed reload, in  1.089 seconds
Platform modules already initialized, skipping
Refreshing native plugins compatible for Editor in 0.36 ms, found 0 plugins.
Preloading 0 native plugins for Editor in 0.00 ms.
Unloading 1253 Unused Serialized files (Serialized files now loaded: 0)
System memory in use before: 67.2 MB.
System memory in use after: 67.3 MB.

Unloading 4 unused Assets to reduce memory usage. Loaded Objects now: 1993.
Total: 1.951300 ms (FindLiveObjects: 0.174000 ms CreateObjectMapping: 0.047400 ms MarkObjects: 1.683000 ms  DeleteObjects: 0.045900 ms)

========================================================================
Received Prepare
Registering precompiled user dll's ...
Registered in 0.000967 seconds.
Begin MonoManager ReloadAssembly
Native extension for LinuxStandalone target not found
Native extension for WindowsStandalone target not found
Native extension for OSXStandalone target not found
Refreshing native plugins compatible for Editor in 0.32 ms, found 0 plugins.
Preloading 0 native plugins for Editor in 0.00 ms.
Mono: successfully reloaded assembly
- Completed reload, in  1.121 seconds
Platform modules already initialized, skipping
Refreshing native plugins compatible for Editor in 0.36 ms, found 0 plugins.
Preloading 0 native plugins for Editor in 0.00 ms.
Unloading 1253 Unused Serialized files (Serialized files now loaded: 0)
System memory in use before: 67.2 MB.
System memory in use after: 67.3 MB.

Unloading 4 unused Assets to reduce memory usage. Loaded Objects now: 1996.
Total: 2.087700 ms (FindLiveObjects: 0.189100 ms CreateObjectMapping: 0.058600 ms MarkObjects: 1.810000 ms  DeleteObjects: 0.028800 ms)

========================================================================
Received Import Request.
  Time since last request: 299.707409 seconds.
  path: Assets/Resources/UI/Character Appearance Editor/ColorPicker.prefab
  artifactKey: Guid(4c6fe2b0ef0831e4f8139315c2ed8d48) Importer(815301076,1909f56bfc062723c751e8b465ee728b)
Start importing Assets/Resources/UI/Character Appearance Editor/ColorPicker.prefab using Guid(4c6fe2b0ef0831e4f8139315c2ed8d48) Importer(815301076,1909f56bfc062723c751e8b465ee728b)  -> (artifact id: 'e3b8c5c1ed8849d833daa1172956d0b5') in 0.152556 seconds
  Import took 0.156437 seconds .

========================================================================
Received Import Request.
  Time since last request: 50.323191 seconds.
  path: Assets/Resources/UI/Character Appearance Editor/ColorPicker.prefab
  artifactKey: Guid(4c6fe2b0ef0831e4f8139315c2ed8d48) Importer(815301076,1909f56bfc062723c751e8b465ee728b)
Start importing Assets/Resources/UI/Character Appearance Editor/ColorPicker.prefab using Guid(4c6fe2b0ef0831e4f8139315c2ed8d48) Importer(815301076,1909f56bfc062723c751e8b465ee728b)  -> (artifact id: '17244236dfc8d7bbec428f66ff54a7e8') in 0.040811 seconds
  Import took 0.045388 seconds .

========================================================================
Received Import Request.
  Time since last request: 0.098307 seconds.
  path: Assets/Resources/UI/Character Appearance Editor/ColorPicker.prefab
  artifactKey: Guid(4c6fe2b0ef0831e4f8139315c2ed8d48) Importer(815301076,1909f56bfc062723c751e8b465ee728b)
Start importing Assets/Resources/UI/Character Appearance Editor/ColorPicker.prefab using Guid(4c6fe2b0ef0831e4f8139315c2ed8d48) Importer(815301076,1909f56bfc062723c751e8b465ee728b)  -> (artifact id: '17244236dfc8d7bbec428f66ff54a7e8') in 0.039174 seconds
  Import took 0.043309 seconds .

========================================================================
Received Prepare
Registering precompiled user dll's ...
Registered in 0.000999 seconds.
Begin MonoManager ReloadAssembly
Native extension for LinuxStandalone target not found
Native extension for WindowsStandalone target not found
Native extension for OSXStandalone target not found
Refreshing native plugins compatible for Editor in 0.49 ms, found 0 plugins.
Preloading 0 native plugins for Editor in 0.00 ms.
Mono: successfully reloaded assembly
- Completed reload, in  1.242 seconds
Platform modules already initialized, skipping
Refreshing native plugins compatible for Editor in 0.36 ms, found 0 plugins.
Preloading 0 native plugins for Editor in 0.00 ms.
Unloading 1253 Unused Serialized files (Serialized files now loaded: 0)
System memory in use before: 67.2 MB.
System memory in use after: 67.3 MB.

Unloading 4 unused Assets to reduce memory usage. Loaded Objects now: 1999.
Total: 2.169400 ms (FindLiveObjects: 0.199200 ms CreateObjectMapping: 0.053900 ms MarkObjects: 1.898100 ms  DeleteObjects: 0.016500 ms)

========================================================================
Received Prepare
Registering precompiled user dll's ...
Registered in 0.000991 seconds.
Begin MonoManager ReloadAssembly
Native extension for LinuxStandalone target not found
Native extension for WindowsStandalone target not found
Native extension for OSXStandalone target not found
Refreshing native plugins compatible for Editor in 0.27 ms, found 0 plugins.
Preloading 0 native plugins for Editor in 0.00 ms.
Mono: successfully reloaded assembly
- Completed reload, in  1.111 seconds
Platform modules already initialized, skipping
Refreshing native plugins compatible for Editor in 0.41 ms, found 0 plugins.
Preloading 0 native plugins for Editor in 0.00 ms.
Unloading 1253 Unused Serialized files (Serialized files now loaded: 0)
System memory in use before: 67.2 MB.
System memory in use after: 67.3 MB.

Unloading 4 unused Assets to reduce memory usage. Loaded Objects now: 2002.
Total: 3.011600 ms (FindLiveObjects: 0.372400 ms CreateObjectMapping: 0.090600 ms MarkObjects: 2.500500 ms  DeleteObjects: 0.046300 ms)

========================================================================
Received Prepare
Registering precompiled user dll's ...
Registered in 0.001067 seconds.
Begin MonoManager ReloadAssembly
Native extension for LinuxStandalone target not found
Native extension for WindowsStandalone target not found
Native extension for OSXStandalone target not found
Refreshing native plugins compatible for Editor in 0.30 ms, found 0 plugins.
Preloading 0 native plugins for Editor in 0.00 ms.
Mono: successfully reloaded assembly
- Completed reload, in  1.217 seconds
Platform modules already initialized, skipping
Refreshing native plugins compatible for Editor in 0.33 ms, found 0 plugins.
Preloading 0 native plugins for Editor in 0.00 ms.
Unloading 1253 Unused Serialized files (Serialized files now loaded: 0)
System memory in use before: 67.2 MB.
System memory in use after: 67.3 MB.

Unloading 4 unused Assets to reduce memory usage. Loaded Objects now: 2005.
Total: 2.563700 ms (FindLiveObjects: 0.336900 ms CreateObjectMapping: 0.069600 ms MarkObjects: 2.130600 ms  DeleteObjects: 0.024500 ms)

========================================================================
Received Import Request.
  Time since last request: 368.347984 seconds.
  path: Assets/Resources/UI/Character Appearance Editor/ColorPicker.prefab
  artifactKey: Guid(4c6fe2b0ef0831e4f8139315c2ed8d48) Importer(815301076,1909f56bfc062723c751e8b465ee728b)
Start importing Assets/Resources/UI/Character Appearance Editor/ColorPicker.prefab using Guid(4c6fe2b0ef0831e4f8139315c2ed8d48) Importer(815301076,1909f56bfc062723c751e8b465ee728b)  -> (artifact id: '6cdaf0abcd6ad8151e29f54d9f22107a') in 0.242061 seconds
  Import took 0.246046 seconds .

========================================================================
Received Prepare
Registering precompiled user dll's ...
Registered in 0.001015 seconds.
Begin MonoManager ReloadAssembly
Native extension for LinuxStandalone target not found
Native extension for WindowsStandalone target not found
Native extension for OSXStandalone target not found
Refreshing native plugins compatible for Editor in 0.30 ms, found 0 plugins.
Preloading 0 native plugins for Editor in 0.00 ms.
Mono: successfully reloaded assembly
- Completed reload, in  1.208 seconds
Platform modules already initialized, skipping
Refreshing native plugins compatible for Editor in 0.40 ms, found 0 plugins.
Preloading 0 native plugins for Editor in 0.00 ms.
Unloading 1253 Unused Serialized files (Serialized files now loaded: 0)
System memory in use before: 67.2 MB.
System memory in use after: 67.3 MB.

Unloading 4 unused Assets to reduce memory usage. Loaded Objects now: 2008.
Total: 3.405000 ms (FindLiveObjects: 0.348400 ms CreateObjectMapping: 0.099300 ms MarkObjects: 2.936700 ms  DeleteObjects: 0.018300 ms)

========================================================================
Received Prepare
Registering precompiled user dll's ...
Registered in 0.000947 seconds.
Begin MonoManager ReloadAssembly
Native extension for LinuxStandalone target not found
Native extension for WindowsStandalone target not found
Native extension for OSXStandalone target not found
Refreshing native plugins compatible for Editor in 0.39 ms, found 0 plugins.
Preloading 0 native plugins for Editor in 0.00 ms.
Mono: successfully reloaded assembly
- Completed reload, in  1.169 seconds
Platform modules already initialized, skipping
Refreshing native plugins compatible for Editor in 0.36 ms, found 0 plugins.
Preloading 0 native plugins for Editor in 0.00 ms.
Unloading 1253 Unused Serialized files (Serialized files now loaded: 0)
System memory in use before: 67.3 MB.
System memory in use after: 67.4 MB.

Unloading 4 unused Assets to reduce memory usage. Loaded Objects now: 2011.
Total: 3.274900 ms (FindLiveObjects: 0.352900 ms CreateObjectMapping: 0.063000 ms MarkObjects: 2.811700 ms  DeleteObjects: 0.045300 ms)

========================================================================
Received Prepare
Registering precompiled user dll's ...
Registered in 0.001011 seconds.
Begin MonoManager ReloadAssembly
Native extension for LinuxStandalone target not found
Native extension for WindowsStandalone target not found
Native extension for OSXStandalone target not found
Refreshing native plugins compatible for Editor in 0.24 ms, found 0 plugins.
Preloading 0 native plugins for Editor in 0.00 ms.
Mono: successfully reloaded assembly
- Completed reload, in  1.081 seconds
Platform modules already initialized, skipping
Refreshing native plugins compatible for Editor in 0.53 ms, found 0 plugins.
Preloading 0 native plugins for Editor in 0.00 ms.
Unloading 1253 Unused Serialized files (Serialized files now loaded: 0)
System memory in use before: 67.3 MB.
System memory in use after: 67.4 MB.

Unloading 4 unused Assets to reduce memory usage. Loaded Objects now: 2014.
Total: 2.025100 ms (FindLiveObjects: 0.255200 ms CreateObjectMapping: 0.071200 ms MarkObjects: 1.680600 ms  DeleteObjects: 0.017100 ms)

========================================================================
Received Prepare
Registering precompiled user dll's ...
Registered in 0.000955 seconds.
Begin MonoManager ReloadAssembly
Native extension for LinuxStandalone target not found
Native extension for WindowsStandalone target not found
Native extension for OSXStandalone target not found
Refreshing native plugins compatible for Editor in 0.36 ms, found 0 plugins.
Preloading 0 native plugins for Editor in 0.00 ms.
Mono: successfully reloaded assembly
- Completed reload, in  1.045 seconds
Platform modules already initialized, skipping
Refreshing native plugins compatible for Editor in 0.27 ms, found 0 plugins.
Preloading 0 native plugins for Editor in 0.00 ms.
Unloading 1253 Unused Serialized files (Serialized files now loaded: 0)
System memory in use before: 67.3 MB.
System memory in use after: 67.4 MB.

Unloading 4 unused Assets to reduce memory usage. Loaded Objects now: 2017.
Total: 3.442400 ms (FindLiveObjects: 0.344800 ms CreateObjectMapping: 0.103700 ms MarkObjects: 2.930700 ms  DeleteObjects: 0.061500 ms)

========================================================================
Received Prepare
Registering precompiled user dll's ...
Registered in 0.001165 seconds.
Begin MonoManager ReloadAssembly
Native extension for LinuxStandalone target not found
Native extension for WindowsStandalone target not found
Native extension for OSXStandalone target not found
Refreshing native plugins compatible for Editor in 0.31 ms, found 0 plugins.
Preloading 0 native plugins for Editor in 0.00 ms.
Mono: successfully reloaded assembly
- Completed reload, in  1.040 seconds
Platform modules already initialized, skipping
Refreshing native plugins compatible for Editor in 0.30 ms, found 0 plugins.
Preloading 0 native plugins for Editor in 0.00 ms.
Unloading 1253 Unused Serialized files (Serialized files now loaded: 0)
System memory in use before: 67.3 MB.
System memory in use after: 67.4 MB.

Unloading 4 unused Assets to reduce memory usage. Loaded Objects now: 2020.
Total: 2.218200 ms (FindLiveObjects: 0.425400 ms CreateObjectMapping: 0.041200 ms MarkObjects: 1.736900 ms  DeleteObjects: 0.013700 ms)

========================================================================
Received Prepare
Registering precompiled user dll's ...
Registered in 0.001052 seconds.
Begin MonoManager ReloadAssembly
Native extension for LinuxStandalone target not found
Native extension for WindowsStandalone target not found
Native extension for OSXStandalone target not found
Refreshing native plugins compatible for Editor in 0.24 ms, found 0 plugins.
Preloading 0 native plugins for Editor in 0.00 ms.
Mono: successfully reloaded assembly
- Completed reload, in  1.084 seconds
Platform modules already initialized, skipping
Refreshing native plugins compatible for Editor in 0.27 ms, found 0 plugins.
Preloading 0 native plugins for Editor in 0.00 ms.
Unloading 1253 Unused Serialized files (Serialized files now loaded: 0)
System memory in use before: 67.3 MB.
System memory in use after: 67.4 MB.

Unloading 4 unused Assets to reduce memory usage. Loaded Objects now: 2023.
Total: 2.140200 ms (FindLiveObjects: 0.255200 ms CreateObjectMapping: 0.072400 ms MarkObjects: 1.795500 ms  DeleteObjects: 0.015600 ms)

========================================================================
Received Prepare
Registering precompiled user dll's ...
Registered in 0.001789 seconds.
Begin MonoManager ReloadAssembly
Native extension for LinuxStandalone target not found
Native extension for WindowsStandalone target not found
Native extension for OSXStandalone target not found
Refreshing native plugins compatible for Editor in 0.25 ms, found 0 plugins.
Preloading 0 native plugins for Editor in 0.00 ms.
Mono: successfully reloaded assembly
- Completed reload, in  1.177 seconds
Platform modules already initialized, skipping
Refreshing native plugins compatible for Editor in 0.28 ms, found 0 plugins.
Preloading 0 native plugins for Editor in 0.00 ms.
Unloading 1253 Unused Serialized files (Serialized files now loaded: 0)
System memory in use before: 67.3 MB.
System memory in use after: 67.4 MB.

Unloading 4 unused Assets to reduce memory usage. Loaded Objects now: 2026.
Total: 2.109200 ms (FindLiveObjects: 0.189700 ms CreateObjectMapping: 0.054400 ms MarkObjects: 1.847300 ms  DeleteObjects: 0.016600 ms)

========================================================================
Received Prepare
Registering precompiled user dll's ...
Registered in 0.001282 seconds.
Begin MonoManager ReloadAssembly
Native extension for LinuxStandalone target not found
Native extension for WindowsStandalone target not found
Native extension for OSXStandalone target not found
Refreshing native plugins compatible for Editor in 0.35 ms, found 0 plugins.
Preloading 0 native plugins for Editor in 0.00 ms.
Mono: successfully reloaded assembly
- Completed reload, in  1.281 seconds
Platform modules already initialized, skipping
Refreshing native plugins compatible for Editor in 0.32 ms, found 0 plugins.
Preloading 0 native plugins for Editor in 0.00 ms.
Unloading 1253 Unused Serialized files (Serialized files now loaded: 0)
System memory in use before: 67.3 MB.
System memory in use after: 67.4 MB.

Unloading 4 unused Assets to reduce memory usage. Loaded Objects now: 2029.
Total: 2.200700 ms (FindLiveObjects: 0.201700 ms CreateObjectMapping: 0.073600 ms MarkObjects: 1.908200 ms  DeleteObjects: 0.015800 ms)

========================================================================
Received Import Request.
  Time since last request: 616.773249 seconds.
  path: Assets/Resources/UI/Character Appearance Editor/ColorPicker.prefab
  artifactKey: Guid(4c6fe2b0ef0831e4f8139315c2ed8d48) Importer(815301076,1909f56bfc062723c751e8b465ee728b)
Start importing Assets/Resources/UI/Character Appearance Editor/ColorPicker.prefab using Guid(4c6fe2b0ef0831e4f8139315c2ed8d48) Importer(815301076,1909f56bfc062723c751e8b465ee728b)  -> (artifact id: 'e13168bc401c9c29e87551055fa61cd2') in 0.134228 seconds
  Import took 0.137698 seconds .

========================================================================
Received Import Request.
  Time since last request: 0.007492 seconds.
  path: Assets/Resources/UI/Character Appearance Editor/ColorPicker.prefab
  artifactKey: Guid(4c6fe2b0ef0831e4f8139315c2ed8d48) Importer(815301076,1909f56bfc062723c751e8b465ee728b)
Start importing Assets/Resources/UI/Character Appearance Editor/ColorPicker.prefab using Guid(4c6fe2b0ef0831e4f8139315c2ed8d48) Importer(815301076,1909f56bfc062723c751e8b465ee728b)  -> (artifact id: 'e13168bc401c9c29e87551055fa61cd2') in 0.038352 seconds
  Import took 0.041594 seconds .

========================================================================
Received Prepare
Registering precompiled user dll's ...
Registered in 0.001539 seconds.
Begin MonoManager ReloadAssembly
Native extension for LinuxStandalone target not found
Native extension for WindowsStandalone target not found
Native extension for OSXStandalone target not found
Refreshing native plugins compatible for Editor in 0.27 ms, found 0 plugins.
Preloading 0 native plugins for Editor in 0.00 ms.
Mono: successfully reloaded assembly
- Completed reload, in  1.076 seconds
Platform modules already initialized, skipping
Refreshing native plugins compatible for Editor in 0.49 ms, found 0 plugins.
Preloading 0 native plugins for Editor in 0.00 ms.
Unloading 1253 Unused Serialized files (Serialized files now loaded: 0)
System memory in use before: 67.3 MB.
System memory in use after: 67.4 MB.

Unloading 4 unused Assets to reduce memory usage. Loaded Objects now: 2032.
Total: 2.425700 ms (FindLiveObjects: 0.221700 ms CreateObjectMapping: 0.046800 ms MarkObjects: 2.126200 ms  DeleteObjects: 0.030200 ms)

========================================================================
Received Prepare
Registering precompiled user dll's ...
Registered in 0.000946 seconds.
Begin MonoManager ReloadAssembly
Native extension for LinuxStandalone target not found
Native extension for WindowsStandalone target not found
Native extension for OSXStandalone target not found
Refreshing native plugins compatible for Editor in 0.25 ms, found 0 plugins.
Preloading 0 native plugins for Editor in 0.00 ms.
Mono: successfully reloaded assembly
- Completed reload, in  1.001 seconds
Platform modules already initialized, skipping
Refreshing native plugins compatible for Editor in 0.35 ms, found 0 plugins.
Preloading 0 native plugins for Editor in 0.00 ms.
Unloading 1253 Unused Serialized files (Serialized files now loaded: 0)
System memory in use before: 67.3 MB.
System memory in use after: 67.4 MB.

Unloading 4 unused Assets to reduce memory usage. Loaded Objects now: 2035.
Total: 2.425000 ms (FindLiveObjects: 0.382500 ms CreateObjectMapping: 0.048200 ms MarkObjects: 1.930300 ms  DeleteObjects: 0.062300 ms)

========================================================================
Received Prepare
Registering precompiled user dll's ...
Registered in 0.001115 seconds.
Begin MonoManager ReloadAssembly
Native extension for LinuxStandalone target not found
Native extension for WindowsStandalone target not found
Native extension for OSXStandalone target not found
Refreshing native plugins compatible for Editor in 0.42 ms, found 0 plugins.
Preloading 0 native plugins for Editor in 0.00 ms.
Mono: successfully reloaded assembly
- Completed reload, in  1.227 seconds
Platform modules already initialized, skipping
Refreshing native plugins compatible for Editor in 0.27 ms, found 0 plugins.
Preloading 0 native plugins for Editor in 0.00 ms.
Unloading 1253 Unused Serialized files (Serialized files now loaded: 0)
System memory in use before: 67.3 MB.
System memory in use after: 67.4 MB.

Unloading 4 unused Assets to reduce memory usage. Loaded Objects now: 2038.
Total: 2.322200 ms (FindLiveObjects: 0.274000 ms CreateObjectMapping: 0.076400 ms MarkObjects: 1.954500 ms  DeleteObjects: 0.015900 ms)

========================================================================
Received Prepare
Registering precompiled user dll's ...
Registered in 0.002575 seconds.
Begin MonoManager ReloadAssembly
Native extension for LinuxStandalone target not found
Native extension for WindowsStandalone target not found
Native extension for OSXStandalone target not found
Refreshing native plugins compatible for Editor in 0.39 ms, found 0 plugins.
Preloading 0 native plugins for Editor in 0.00 ms.
Mono: successfully reloaded assembly
- Completed reload, in  1.101 seconds
Platform modules already initialized, skipping
Refreshing native plugins compatible for Editor in 0.42 ms, found 0 plugins.
Preloading 0 native plugins for Editor in 0.00 ms.
Unloading 1253 Unused Serialized files (Serialized files now loaded: 0)
System memory in use before: 67.3 MB.
System memory in use after: 67.4 MB.

Unloading 4 unused Assets to reduce memory usage. Loaded Objects now: 2041.
Total: 3.129600 ms (FindLiveObjects: 0.201800 ms CreateObjectMapping: 0.041300 ms MarkObjects: 2.839200 ms  DeleteObjects: 0.045900 ms)

========================================================================
Received Prepare
Registering precompiled user dll's ...
Registered in 0.001289 seconds.
Begin MonoManager ReloadAssembly
Native extension for LinuxStandalone target not found
Native extension for WindowsStandalone target not found
Native extension for OSXStandalone target not found
Refreshing native plugins compatible for Editor in 0.37 ms, found 0 plugins.
Preloading 0 native plugins for Editor in 0.00 ms.
Mono: successfully reloaded assembly
- Completed reload, in  1.047 seconds
Platform modules already initialized, skipping
Refreshing native plugins compatible for Editor in 0.40 ms, found 0 plugins.
Preloading 0 native plugins for Editor in 0.00 ms.
Unloading 1253 Unused Serialized files (Serialized files now loaded: 0)
System memory in use before: 67.3 MB.
System memory in use after: 67.4 MB.

Unloading 4 unused Assets to reduce memory usage. Loaded Objects now: 2044.
Total: 2.111000 ms (FindLiveObjects: 0.234600 ms CreateObjectMapping: 0.063200 ms MarkObjects: 1.791600 ms  DeleteObjects: 0.019000 ms)

========================================================================
Received Prepare
Registering precompiled user dll's ...
Registered in 0.000884 seconds.
Begin MonoManager ReloadAssembly
Native extension for LinuxStandalone target not found
Native extension for WindowsStandalone target not found
Native extension for OSXStandalone target not found
Refreshing native plugins compatible for Editor in 0.34 ms, found 0 plugins.
Preloading 0 native plugins for Editor in 0.00 ms.
Mono: successfully reloaded assembly
- Completed reload, in  1.002 seconds
Platform modules already initialized, skipping
Refreshing native plugins compatible for Editor in 0.45 ms, found 0 plugins.
Preloading 0 native plugins for Editor in 0.00 ms.
Unloading 1253 Unused Serialized files (Serialized files now loaded: 0)
System memory in use before: 67.3 MB.
System memory in use after: 67.4 MB.

Unloading 4 unused Assets to reduce memory usage. Loaded Objects now: 2047.
Total: 2.168700 ms (FindLiveObjects: 0.227800 ms CreateObjectMapping: 0.046800 ms MarkObjects: 1.878700 ms  DeleteObjects: 0.014500 ms)

========================================================================
Received Prepare
Registering precompiled user dll's ...
Registered in 0.001061 seconds.
Begin MonoManager ReloadAssembly
Native extension for LinuxStandalone target not found
Native extension for WindowsStandalone target not found
Native extension for OSXStandalone target not found
Refreshing native plugins compatible for Editor in 0.24 ms, found 0 plugins.
Preloading 0 native plugins for Editor in 0.00 ms.
Mono: successfully reloaded assembly
- Completed reload, in  1.092 seconds
Platform modules already initialized, skipping
Refreshing native plugins compatible for Editor in 0.44 ms, found 0 plugins.
Preloading 0 native plugins for Editor in 0.00 ms.
Unloading 1253 Unused Serialized files (Serialized files now loaded: 0)
System memory in use before: 67.3 MB.
System memory in use after: 67.4 MB.

Unloading 4 unused Assets to reduce memory usage. Loaded Objects now: 2050.
Total: 2.239500 ms (FindLiveObjects: 0.225200 ms CreateObjectMapping: 0.068600 ms MarkObjects: 1.909200 ms  DeleteObjects: 0.034800 ms)

========================================================================
Received Prepare
Registering precompiled user dll's ...
Registered in 0.000963 seconds.
Begin MonoManager ReloadAssembly
Native extension for LinuxStandalone target not found
Native extension for WindowsStandalone target not found
Native extension for OSXStandalone target not found
Refreshing native plugins compatible for Editor in 0.26 ms, found 0 plugins.
Preloading 0 native plugins for Editor in 0.00 ms.
Mono: successfully reloaded assembly
- Completed reload, in  1.241 seconds
Platform modules already initialized, skipping
Refreshing native plugins compatible for Editor in 0.26 ms, found 0 plugins.
Preloading 0 native plugins for Editor in 0.00 ms.
Unloading 1253 Unused Serialized files (Serialized files now loaded: 0)
System memory in use before: 67.3 MB.
System memory in use after: 67.4 MB.

Unloading 4 unused Assets to reduce memory usage. Loaded Objects now: 2053.
Total: 2.259300 ms (FindLiveObjects: 0.266100 ms CreateObjectMapping: 0.075600 ms MarkObjects: 1.898700 ms  DeleteObjects: 0.017200 ms)

========================================================================
Received Prepare
Registering precompiled user dll's ...
Registered in 0.001308 seconds.
Begin MonoManager ReloadAssembly
Native extension for LinuxStandalone target not found
Native extension for WindowsStandalone target not found
Native extension for OSXStandalone target not found
Refreshing native plugins compatible for Editor in 0.33 ms, found 0 plugins.
Preloading 0 native plugins for Editor in 0.00 ms.
Mono: successfully reloaded assembly
- Completed reload, in  1.223 seconds
Platform modules already initialized, skipping
Refreshing native plugins compatible for Editor in 0.32 ms, found 0 plugins.
Preloading 0 native plugins for Editor in 0.00 ms.
Unloading 1253 Unused Serialized files (Serialized files now loaded: 0)
System memory in use before: 67.3 MB.
System memory in use after: 67.4 MB.

Unloading 4 unused Assets to reduce memory usage. Loaded Objects now: 2056.
Total: 2.491300 ms (FindLiveObjects: 0.265300 ms CreateObjectMapping: 0.071700 ms MarkObjects: 2.135400 ms  DeleteObjects: 0.017200 ms)

========================================================================
Received Import Request.
  Time since last request: 1582.274062 seconds.
  path: Assets/Resources/UI/Character Appearance Editor/ColorPicker.prefab
  artifactKey: Guid(4c6fe2b0ef0831e4f8139315c2ed8d48) Importer(815301076,1909f56bfc062723c751e8b465ee728b)
Start importing Assets/Resources/UI/Character Appearance Editor/ColorPicker.prefab using Guid(4c6fe2b0ef0831e4f8139315c2ed8d48) Importer(815301076,1909f56bfc062723c751e8b465ee728b)  -> (artifact id: '44ef2a22e8cdedfbda1f98d69ffbf4e0') in 0.137803 seconds
  Import took 0.141622 seconds .

========================================================================
Received Prepare
Registering precompiled user dll's ...
Registered in 0.001185 seconds.
Begin MonoManager ReloadAssembly
Native extension for LinuxStandalone target not found
Native extension for WindowsStandalone target not found
Native extension for OSXStandalone target not found
Refreshing native plugins compatible for Editor in 0.24 ms, found 0 plugins.
Preloading 0 native plugins for Editor in 0.00 ms.
Mono: successfully reloaded assembly
- Completed reload, in  1.153 seconds
Platform modules already initialized, skipping
Refreshing native plugins compatible for Editor in 0.43 ms, found 0 plugins.
Preloading 0 native plugins for Editor in 0.00 ms.
Unloading 1253 Unused Serialized files (Serialized files now loaded: 0)
System memory in use before: 67.4 MB.
System memory in use after: 67.5 MB.

Unloading 4 unused Assets to reduce memory usage. Loaded Objects now: 2059.
Total: 3.273000 ms (FindLiveObjects: 0.255100 ms CreateObjectMapping: 0.072700 ms MarkObjects: 2.906700 ms  DeleteObjects: 0.037100 ms)

========================================================================
Received Import Request.
  Time since last request: 60.532747 seconds.
  path: Assets/Resources/UI/Character Appearance Editor/ColorPicker.prefab
  artifactKey: Guid(4c6fe2b0ef0831e4f8139315c2ed8d48) Importer(815301076,1909f56bfc062723c751e8b465ee728b)
Start importing Assets/Resources/UI/Character Appearance Editor/ColorPicker.prefab using Guid(4c6fe2b0ef0831e4f8139315c2ed8d48) Importer(815301076,1909f56bfc062723c751e8b465ee728b)  -> (artifact id: 'a1f674a41c27123f3feb016db82f62e2') in 0.131004 seconds
  Import took 0.134371 seconds .

========================================================================
Received Prepare
Registering precompiled user dll's ...
Registered in 0.001281 seconds.
Begin MonoManager ReloadAssembly
Native extension for LinuxStandalone target not found
Native extension for WindowsStandalone target not found
Native extension for OSXStandalone target not found
Refreshing native plugins compatible for Editor in 0.27 ms, found 0 plugins.
Preloading 0 native plugins for Editor in 0.00 ms.
Mono: successfully reloaded assembly
- Completed reload, in  1.112 seconds
Platform modules already initialized, skipping
Refreshing native plugins compatible for Editor in 0.26 ms, found 0 plugins.
Preloading 0 native plugins for Editor in 0.00 ms.
Unloading 1253 Unused Serialized files (Serialized files now loaded: 0)
System memory in use before: 67.4 MB.
System memory in use after: 67.5 MB.

Unloading 4 unused Assets to reduce memory usage. Loaded Objects now: 2062.
Total: 2.297100 ms (FindLiveObjects: 0.447500 ms CreateObjectMapping: 0.044800 ms MarkObjects: 1.770300 ms  DeleteObjects: 0.033500 ms)

========================================================================
Received Import Request.
  Time since last request: 55.017479 seconds.
  path: Assets/ScriptableObjects/Entities/PlayerAppearanceItems/ItemLists/Mane_Uniform_Gradient.asset
  artifactKey: Guid(a8a022788577cb140889e8c2da6f6b7b) Importer(815301076,1909f56bfc062723c751e8b465ee728b)
Start importing Assets/ScriptableObjects/Entities/PlayerAppearanceItems/ItemLists/Mane_Uniform_Gradient.asset using Guid(a8a022788577cb140889e8c2da6f6b7b) Importer(815301076,1909f56bfc062723c751e8b465ee728b)  -> (artifact id: '82ab8fc9bb2b3ae5a0d294db5bc1a47d') in 0.130425 seconds
  Import took 0.134131 seconds .

========================================================================
Received Import Request.
  Time since last request: 2.576298 seconds.
  path: Assets/ScriptableObjects/Entities/PlayerAppearanceItems/Mane_Uniform_Gradient_1.asset
  artifactKey: Guid(0b4a55f7900d9f548a4fa6aa0551d2aa) Importer(815301076,1909f56bfc062723c751e8b465ee728b)
Start importing Assets/ScriptableObjects/Entities/PlayerAppearanceItems/Mane_Uniform_Gradient_1.asset using Guid(0b4a55f7900d9f548a4fa6aa0551d2aa) Importer(815301076,1909f56bfc062723c751e8b465ee728b)  -> (artifact id: 'b7c9dba56082287747f44c7db93ad131') in 0.032917 seconds
  Import took 0.036159 seconds .

========================================================================
Received Prepare
Registering precompiled user dll's ...
Registered in 0.001182 seconds.
Begin MonoManager ReloadAssembly
Native extension for LinuxStandalone target not found
Native extension for WindowsStandalone target not found
Native extension for OSXStandalone target not found
Refreshing native plugins compatible for Editor in 0.36 ms, found 0 plugins.
Preloading 0 native plugins for Editor in 0.00 ms.
Mono: successfully reloaded assembly
- Completed reload, in  1.077 seconds
Platform modules already initialized, skipping
Refreshing native plugins compatible for Editor in 0.31 ms, found 0 plugins.
Preloading 0 native plugins for Editor in 0.00 ms.
Unloading 1253 Unused Serialized files (Serialized files now loaded: 0)
System memory in use before: 67.4 MB.
System memory in use after: 67.5 MB.

Unloading 4 unused Assets to reduce memory usage. Loaded Objects now: 2065.
Total: 2.578100 ms (FindLiveObjects: 0.307200 ms CreateObjectMapping: 0.070200 ms MarkObjects: 2.134200 ms  DeleteObjects: 0.064900 ms)

========================================================================
Received Import Request.
  Time since last request: 93.878765 seconds.
  path: Assets/ScriptableObjects/Entities/PlayerAppearanceItems/ItemLists/Mane_Uniform_Striped.asset
  artifactKey: Guid(1c3702e7b814b22438376ca6043300cf) Importer(815301076,1909f56bfc062723c751e8b465ee728b)
Start importing Assets/ScriptableObjects/Entities/PlayerAppearanceItems/ItemLists/Mane_Uniform_Striped.asset using Guid(1c3702e7b814b22438376ca6043300cf) Importer(815301076,1909f56bfc062723c751e8b465ee728b)  -> (artifact id: 'f738d7d667ae7fe94b5c871f0dd34253') in 0.021814 seconds
  Import took 0.024823 seconds .

========================================================================
Received Import Request.
  Time since last request: 1.497450 seconds.
  path: Assets/ScriptableObjects/Entities/PlayerAppearanceItems/ItemLists/Mane_Uniform.asset
  artifactKey: Guid(f59d89275989dbe49acaf964ac57fcdf) Importer(815301076,1909f56bfc062723c751e8b465ee728b)
Start importing Assets/ScriptableObjects/Entities/PlayerAppearanceItems/ItemLists/Mane_Uniform.asset using Guid(f59d89275989dbe49acaf964ac57fcdf) Importer(815301076,1909f56bfc062723c751e8b465ee728b)  -> (artifact id: '0695531e2c01aae3e3cfb514a4e530b9') in 0.104861 seconds
  Import took 0.107742 seconds .

========================================================================
Received Import Request.
  Time since last request: 0.626458 seconds.
  path: Assets/ScriptableObjects/Entities/PlayerAppearanceItems/ItemLists/Default Body.asset
  artifactKey: Guid(978eddd49ec6c1d458bd54dd7ac112bb) Importer(815301076,1909f56bfc062723c751e8b465ee728b)
Start importing Assets/ScriptableObjects/Entities/PlayerAppearanceItems/ItemLists/Default Body.asset using Guid(978eddd49ec6c1d458bd54dd7ac112bb) Importer(815301076,1909f56bfc062723c751e8b465ee728b)  -> (artifact id: 'd24efa55c3392a2657a732110be819b4') in 0.042047 seconds
  Import took 0.045672 seconds .

========================================================================
Received Prepare
Registering precompiled user dll's ...
Registered in 0.001216 seconds.
Begin MonoManager ReloadAssembly
Native extension for LinuxStandalone target not found
Native extension for WindowsStandalone target not found
Native extension for OSXStandalone target not found
Refreshing native plugins compatible for Editor in 0.24 ms, found 0 plugins.
Preloading 0 native plugins for Editor in 0.00 ms.
Mono: successfully reloaded assembly
- Completed reload, in  1.017 seconds
Platform modules already initialized, skipping
Refreshing native plugins compatible for Editor in 0.42 ms, found 0 plugins.
Preloading 0 native plugins for Editor in 0.00 ms.
Unloading 1253 Unused Serialized files (Serialized files now loaded: 0)
System memory in use before: 67.4 MB.
System memory in use after: 67.5 MB.

Unloading 4 unused Assets to reduce memory usage. Loaded Objects now: 2068.
Total: 2.355600 ms (FindLiveObjects: 0.222500 ms CreateObjectMapping: 0.055900 ms MarkObjects: 2.043500 ms  DeleteObjects: 0.031600 ms)

========================================================================
Received Prepare
Registering precompiled user dll's ...
Registered in 0.000927 seconds.
Begin MonoManager ReloadAssembly
Native extension for LinuxStandalone target not found
Native extension for WindowsStandalone target not found
Native extension for OSXStandalone target not found
Refreshing native plugins compatible for Editor in 0.28 ms, found 0 plugins.
Preloading 0 native plugins for Editor in 0.00 ms.
Mono: successfully reloaded assembly
- Completed reload, in  1.118 seconds
Platform modules already initialized, skipping
Refreshing native plugins compatible for Editor in 0.27 ms, found 0 plugins.
Preloading 0 native plugins for Editor in 0.00 ms.
Unloading 1253 Unused Serialized files (Serialized files now loaded: 0)
System memory in use before: 67.4 MB.
System memory in use after: 67.5 MB.

Unloading 4 unused Assets to reduce memory usage. Loaded Objects now: 2071.
Total: 2.516100 ms (FindLiveObjects: 0.236000 ms CreateObjectMapping: 0.069400 ms MarkObjects: 2.165800 ms  DeleteObjects: 0.043300 ms)

========================================================================
Received Prepare
Registering precompiled user dll's ...
Registered in 0.001079 seconds.
Begin MonoManager ReloadAssembly
Native extension for LinuxStandalone target not found
Native extension for WindowsStandalone target not found
Native extension for OSXStandalone target not found
Refreshing native plugins compatible for Editor in 0.32 ms, found 0 plugins.
Preloading 0 native plugins for Editor in 0.00 ms.
Mono: successfully reloaded assembly
- Completed reload, in  1.179 seconds
Platform modules already initialized, skipping
Refreshing native plugins compatible for Editor in 0.37 ms, found 0 plugins.
Preloading 0 native plugins for Editor in 0.00 ms.
Unloading 1253 Unused Serialized files (Serialized files now loaded: 0)
System memory in use before: 67.4 MB.
System memory in use after: 67.5 MB.

Unloading 4 unused Assets to reduce memory usage. Loaded Objects now: 2074.
Total: 2.430700 ms (FindLiveObjects: 0.372200 ms CreateObjectMapping: 0.098900 ms MarkObjects: 1.942200 ms  DeleteObjects: 0.015400 ms)

========================================================================
Received Import Request.
  Time since last request: 881.117115 seconds.
  path: Assets/ScriptableObjects/Entities/PlayerAppearanceItems/ItemLists/Wing.asset
  artifactKey: Guid(e6c44399d82e65740a87804f6046ff0b) Importer(815301076,1909f56bfc062723c751e8b465ee728b)
Start importing Assets/ScriptableObjects/Entities/PlayerAppearanceItems/ItemLists/Wing.asset using Guid(e6c44399d82e65740a87804f6046ff0b) Importer(815301076,1909f56bfc062723c751e8b465ee728b)  -> (artifact id: '4f0febfa9d705c3ed80c7f0ccb26aab1') in 0.019008 seconds
  Import took 0.023871 seconds .

========================================================================
Received Import Request.
  Time since last request: 41.032182 seconds.
  path: Assets/ScriptableObjects/Entities/PlayerAppearanceItems/ItemLists/Eyes.asset
  artifactKey: Guid(6d9b0af34ce473045a22d1a2cd489b4b) Importer(815301076,1909f56bfc062723c751e8b465ee728b)
Start importing Assets/ScriptableObjects/Entities/PlayerAppearanceItems/ItemLists/Eyes.asset using Guid(6d9b0af34ce473045a22d1a2cd489b4b) Importer(815301076,1909f56bfc062723c751e8b465ee728b)  -> (artifact id: '7fe3769a2b8684cc4f8d917edc5e9d64') in 0.003379 seconds
  Import took 0.006195 seconds .

========================================================================
Received Import Request.
  Time since last request: 0.000671 seconds.
  path: Assets/ScriptableObjects/Entities/PlayerAppearanceItems/ItemLists/Eyes.asset
  artifactKey: Guid(6d9b0af34ce473045a22d1a2cd489b4b) Importer(815301076,1909f56bfc062723c751e8b465ee728b)
Start importing Assets/ScriptableObjects/Entities/PlayerAppearanceItems/ItemLists/Eyes.asset using Guid(6d9b0af34ce473045a22d1a2cd489b4b) Importer(815301076,1909f56bfc062723c751e8b465ee728b)  -> (artifact id: '7fe3769a2b8684cc4f8d917edc5e9d64') in 0.004183 seconds
  Import took 0.007393 seconds .

========================================================================
Received Import Request.
  Time since last request: 11.823093 seconds.
  path: Assets/ScriptableObjects/Entities/PlayerAppearanceItems/Eyes.asset
  artifactKey: Guid(a0085cd2ec461e740aefd1aee1e1dea5) Importer(815301076,1909f56bfc062723c751e8b465ee728b)
Start importing Assets/ScriptableObjects/Entities/PlayerAppearanceItems/Eyes.asset using Guid(a0085cd2ec461e740aefd1aee1e1dea5) Importer(815301076,1909f56bfc062723c751e8b465ee728b)  -> (artifact id: 'ed2fcbf7c30aed95c66d65865fdfab64') in 0.103190 seconds
  Import took 0.106834 seconds .

========================================================================
Received Import Request.
  Time since last request: 0.914532 seconds.
  path: Assets/ScriptableObjects/Entities/PlayerAppearanceItems/EyeShine.asset
  artifactKey: Guid(8cb2de79885966f4ab122de8e7b04743) Importer(815301076,1909f56bfc062723c751e8b465ee728b)
Start importing Assets/ScriptableObjects/Entities/PlayerAppearanceItems/EyeShine.asset using Guid(8cb2de79885966f4ab122de8e7b04743) Importer(815301076,1909f56bfc062723c751e8b465ee728b)  -> (artifact id: 'd2ab8478c40a9c43f9195cab2c741188') in 0.036164 seconds
  Import took 0.040053 seconds .

========================================================================
Received Import Request.
  Time since last request: 25.929160 seconds.
  path: Assets/ScriptableObjects/Entities/PlayerAppearanceItems/ItemLists/Default Body.asset
  artifactKey: Guid(978eddd49ec6c1d458bd54dd7ac112bb) Importer(815301076,1909f56bfc062723c751e8b465ee728b)
Start importing Assets/ScriptableObjects/Entities/PlayerAppearanceItems/ItemLists/Default Body.asset using Guid(978eddd49ec6c1d458bd54dd7ac112bb) Importer(815301076,1909f56bfc062723c751e8b465ee728b)  -> (artifact id: '8a537deff8dc9452fe2e736b532f7e00') in 0.035252 seconds
  Import took 0.040081 seconds .

========================================================================
Received Prepare
Registering precompiled user dll's ...
Registered in 0.001509 seconds.
Begin MonoManager ReloadAssembly
Native extension for LinuxStandalone target not found
Native extension for WindowsStandalone target not found
Native extension for OSXStandalone target not found
Refreshing native plugins compatible for Editor in 0.51 ms, found 0 plugins.
Preloading 0 native plugins for Editor in 0.00 ms.
Mono: successfully reloaded assembly
- Completed reload, in  1.063 seconds
Platform modules already initialized, skipping
Refreshing native plugins compatible for Editor in 0.41 ms, found 0 plugins.
Preloading 0 native plugins for Editor in 0.00 ms.
Unloading 1253 Unused Serialized files (Serialized files now loaded: 0)
System memory in use before: 67.4 MB.
System memory in use after: 67.5 MB.

Unloading 4 unused Assets to reduce memory usage. Loaded Objects now: 2077.
Total: 2.233000 ms (FindLiveObjects: 0.239100 ms CreateObjectMapping: 0.047900 ms MarkObjects: 1.902700 ms  DeleteObjects: 0.042600 ms)

========================================================================
Received Import Request.
  Time since last request: 50.393779 seconds.
  path: Assets/ScriptableObjects/Entities/PlayerAppearanceItems/Body.asset
  artifactKey: Guid(dbf496d5720aebe449add5eb7952e720) Importer(815301076,1909f56bfc062723c751e8b465ee728b)
Start importing Assets/ScriptableObjects/Entities/PlayerAppearanceItems/Body.asset using Guid(dbf496d5720aebe449add5eb7952e720) Importer(815301076,1909f56bfc062723c751e8b465ee728b)  -> (artifact id: 'b930030b90b07914295160fb1802e4e3') in 0.114615 seconds
  Import took 0.118018 seconds .

========================================================================
Received Prepare
Registering precompiled user dll's ...
Registered in 0.001094 seconds.
Begin MonoManager ReloadAssembly
Native extension for LinuxStandalone target not found
Native extension for WindowsStandalone target not found
Native extension for OSXStandalone target not found
Refreshing native plugins compatible for Editor in 0.29 ms, found 0 plugins.
Preloading 0 native plugins for Editor in 0.00 ms.
Mono: successfully reloaded assembly
- Completed reload, in  1.072 seconds
Platform modules already initialized, skipping
Refreshing native plugins compatible for Editor in 0.37 ms, found 0 plugins.
Preloading 0 native plugins for Editor in 0.00 ms.
Unloading 1253 Unused Serialized files (Serialized files now loaded: 0)
System memory in use before: 67.4 MB.
System memory in use after: 67.5 MB.

Unloading 4 unused Assets to reduce memory usage. Loaded Objects now: 2080.
Total: 1.978300 ms (FindLiveObjects: 0.195500 ms CreateObjectMapping: 0.040100 ms MarkObjects: 1.728600 ms  DeleteObjects: 0.013200 ms)

========================================================================
Received Import Request.
  Time since last request: 13.428726 seconds.
  path: Assets/ScriptableObjects/Entities/PlayerAppearanceItems/ItemLists/Shadow.asset
  artifactKey: Guid(b0cba1e8f94ef8942b9785ac539c986a) Importer(815301076,1909f56bfc062723c751e8b465ee728b)
Start importing Assets/ScriptableObjects/Entities/PlayerAppearanceItems/ItemLists/Shadow.asset using Guid(b0cba1e8f94ef8942b9785ac539c986a) Importer(815301076,1909f56bfc062723c751e8b465ee728b)  -> (artifact id: '1cbd2890d210b415d2d556f1587036f7') in 0.016521 seconds
  Import took 0.018995 seconds .

========================================================================
Received Import Request.
  Time since last request: 28.190828 seconds.
  path: Assets/ScriptableObjects/Entities/PlayerAppearanceItems/Head.asset
  artifactKey: Guid(8473966246c6eb446a9076cf81680b3b) Importer(815301076,1909f56bfc062723c751e8b465ee728b)
Start importing Assets/ScriptableObjects/Entities/PlayerAppearanceItems/Head.asset using Guid(8473966246c6eb446a9076cf81680b3b) Importer(815301076,1909f56bfc062723c751e8b465ee728b)  -> (artifact id: 'db224ee36b36f7228806560023a16909') in 0.106576 seconds
  Import took 0.109914 seconds .

========================================================================
Received Import Request.
  Time since last request: 16.731773 seconds.
  path: Assets/ScriptableObjects/Entities/PlayerAppearanceItems/Mane_Uniform_Gradient_1.asset
  artifactKey: Guid(0b4a55f7900d9f548a4fa6aa0551d2aa) Importer(815301076,1909f56bfc062723c751e8b465ee728b)
Start importing Assets/ScriptableObjects/Entities/PlayerAppearanceItems/Mane_Uniform_Gradient_1.asset using Guid(0b4a55f7900d9f548a4fa6aa0551d2aa) Importer(815301076,1909f56bfc062723c751e8b465ee728b)  -> (artifact id: '4a0bf0eeb2d330f31a49ef17dd5b9857') in 0.042148 seconds
  Import took 0.046884 seconds .

========================================================================
Received Import Request.
  Time since last request: 0.253573 seconds.
  path: Assets/ScriptableObjects/Entities/PlayerAppearanceItems/Mane_Uniform_Gradient_2.asset
  artifactKey: Guid(c231094cb6b0cd0428d37e7581f7e461) Importer(815301076,1909f56bfc062723c751e8b465ee728b)
Start importing Assets/ScriptableObjects/Entities/PlayerAppearanceItems/Mane_Uniform_Gradient_2.asset using Guid(c231094cb6b0cd0428d37e7581f7e461) Importer(815301076,1909f56bfc062723c751e8b465ee728b)  -> (artifact id: 'd856fc997db8d6fc26a3f3cf56086125') in 0.034488 seconds
  Import took 0.039917 seconds .

========================================================================
Received Import Request.
  Time since last request: 1.509224 seconds.
  path: Assets/ScriptableObjects/Entities/PlayerAppearanceItems/Eyes.asset
  artifactKey: Guid(a0085cd2ec461e740aefd1aee1e1dea5) Importer(815301076,1909f56bfc062723c751e8b465ee728b)
Start importing Assets/ScriptableObjects/Entities/PlayerAppearanceItems/Eyes.asset using Guid(a0085cd2ec461e740aefd1aee1e1dea5) Importer(815301076,1909f56bfc062723c751e8b465ee728b)  -> (artifact id: 'a26c01e2bb2bb40c8baa4c740221b090') in 0.030500 seconds
  Import took 0.035215 seconds .

========================================================================
Received Import Request.
  Time since last request: 1.352005 seconds.
  path: Assets/ScriptableObjects/Entities/PlayerAppearanceItems/EyeShine.asset
  artifactKey: Guid(8cb2de79885966f4ab122de8e7b04743) Importer(815301076,1909f56bfc062723c751e8b465ee728b)
Start importing Assets/ScriptableObjects/Entities/PlayerAppearanceItems/EyeShine.asset using Guid(8cb2de79885966f4ab122de8e7b04743) Importer(815301076,1909f56bfc062723c751e8b465ee728b)  -> (artifact id: '7025859d515ff779ae1827c42bd1751b') in 0.034368 seconds
  Import took 0.038820 seconds .

========================================================================
Received Import Request.
  Time since last request: 4.340990 seconds.
  path: Assets/ScriptableObjects/Entities/PlayerAppearanceItems/Wing.asset
  artifactKey: Guid(92324ac7933980b42889444864850c9b) Importer(815301076,1909f56bfc062723c751e8b465ee728b)
Start importing Assets/ScriptableObjects/Entities/PlayerAppearanceItems/Wing.asset using Guid(92324ac7933980b42889444864850c9b) Importer(815301076,1909f56bfc062723c751e8b465ee728b)  -> (artifact id: '2743a19dd373fd0b833923e2bd8e46ed') in 0.032432 seconds
  Import took 0.035934 seconds .

========================================================================
Received Import Request.
  Time since last request: 2.396899 seconds.
  path: Assets/ScriptableObjects/Entities/PlayerAppearanceItems/ItemLists/Eyes.asset
  artifactKey: Guid(6d9b0af34ce473045a22d1a2cd489b4b) Importer(815301076,1909f56bfc062723c751e8b465ee728b)
Start importing Assets/ScriptableObjects/Entities/PlayerAppearanceItems/ItemLists/Eyes.asset using Guid(6d9b0af34ce473045a22d1a2cd489b4b) Importer(815301076,1909f56bfc062723c751e8b465ee728b)  -> (artifact id: '539c4a2907b9fce5c20f4d5c32034f90') in 0.033149 seconds
  Import took 0.036417 seconds .

========================================================================
Received Import Request.
  Time since last request: 6.207122 seconds.
  path: Assets/ScriptableObjects/Entities/PlayerAppearanceItems/ItemLists/Wing.asset
  artifactKey: Guid(e6c44399d82e65740a87804f6046ff0b) Importer(815301076,1909f56bfc062723c751e8b465ee728b)
Start importing Assets/ScriptableObjects/Entities/PlayerAppearanceItems/ItemLists/Wing.asset using Guid(e6c44399d82e65740a87804f6046ff0b) Importer(815301076,1909f56bfc062723c751e8b465ee728b)  -> (artifact id: '1dd85f8770f2bdcfdee42c27824b7133') in 0.029923 seconds
  Import took 0.033208 seconds .

========================================================================
Received Prepare
Registering precompiled user dll's ...
Registered in 0.000879 seconds.
Begin MonoManager ReloadAssembly
Native extension for LinuxStandalone target not found
Native extension for WindowsStandalone target not found
Native extension for OSXStandalone target not found
Refreshing native plugins compatible for Editor in 0.65 ms, found 0 plugins.
Preloading 0 native plugins for Editor in 0.00 ms.
Mono: successfully reloaded assembly
- Completed reload, in  1.049 seconds
Platform modules already initialized, skipping
Refreshing native plugins compatible for Editor in 0.45 ms, found 0 plugins.
Preloading 0 native plugins for Editor in 0.00 ms.
Unloading 1253 Unused Serialized files (Serialized files now loaded: 0)
System memory in use before: 67.4 MB.
System memory in use after: 67.5 MB.

Unloading 4 unused Assets to reduce memory usage. Loaded Objects now: 2083.
Total: 2.605900 ms (FindLiveObjects: 0.286300 ms CreateObjectMapping: 0.102400 ms MarkObjects: 2.164600 ms  DeleteObjects: 0.050600 ms)

========================================================================
Received Prepare
Registering precompiled user dll's ...
Registered in 0.000909 seconds.
Begin MonoManager ReloadAssembly
Native extension for LinuxStandalone target not found
Native extension for WindowsStandalone target not found
Native extension for OSXStandalone target not found
Refreshing native plugins compatible for Editor in 0.37 ms, found 0 plugins.
Preloading 0 native plugins for Editor in 0.00 ms.
Mono: successfully reloaded assembly
- Completed reload, in  1.116 seconds
Platform modules already initialized, skipping
Refreshing native plugins compatible for Editor in 0.42 ms, found 0 plugins.
Preloading 0 native plugins for Editor in 0.00 ms.
Unloading 1253 Unused Serialized files (Serialized files now loaded: 0)
System memory in use before: 67.4 MB.
System memory in use after: 67.5 MB.

Unloading 4 unused Assets to reduce memory usage. Loaded Objects now: 2086.
Total: 1.989100 ms (FindLiveObjects: 0.228700 ms CreateObjectMapping: 0.051100 ms MarkObjects: 1.694000 ms  DeleteObjects: 0.014400 ms)

========================================================================
Received Import Request.
  Time since last request: 59.176972 seconds.
  path: Assets/ScriptableObjects/Entities/PlayerAppearanceItems/Mane_Uniform_Striped_1.asset
  artifactKey: Guid(19012f3dd3af816429fe493d9ed4db9b) Importer(815301076,1909f56bfc062723c751e8b465ee728b)
Start importing Assets/ScriptableObjects/Entities/PlayerAppearanceItems/Mane_Uniform_Striped_1.asset using Guid(19012f3dd3af816429fe493d9ed4db9b) Importer(815301076,1909f56bfc062723c751e8b465ee728b)  -> (artifact id: '49e7b382b48d03bf3e18aa85f9c667fb') in 0.015724 seconds
  Import took 0.018137 seconds .

========================================================================
Received Import Request.
  Time since last request: 49.959783 seconds.
  path: Assets/ScriptableObjects/Entities/PlayerAppearanceItems/Mane_Uniform_Striped_1.asset
  artifactKey: Guid(19012f3dd3af816429fe493d9ed4db9b) Importer(815301076,1909f56bfc062723c751e8b465ee728b)
Start importing Assets/ScriptableObjects/Entities/PlayerAppearanceItems/Mane_Uniform_Striped_1.asset using Guid(19012f3dd3af816429fe493d9ed4db9b) Importer(815301076,1909f56bfc062723c751e8b465ee728b)  -> (artifact id: '3808bac2c72c1f00d0ae5c932d36f395') in 0.101247 seconds
  Import took 0.104917 seconds .

========================================================================
Received Import Request.
  Time since last request: 6.985906 seconds.
  path: Assets/ScriptableObjects/Entities/PlayerAppearanceItems/Mane_Uniform_Striped_2.asset
  artifactKey: Guid(d3b8d0c1a7a765341b2f9916258e3993) Importer(815301076,1909f56bfc062723c751e8b465ee728b)
Start importing Assets/ScriptableObjects/Entities/PlayerAppearanceItems/Mane_Uniform_Striped_2.asset using Guid(d3b8d0c1a7a765341b2f9916258e3993) Importer(815301076,1909f56bfc062723c751e8b465ee728b)  -> (artifact id: 'c095cee5afcb929468f1707adb6edf69') in 0.036288 seconds
  Import took 0.041040 seconds .

========================================================================
Received Import Request.
  Time since last request: 3.124230 seconds.
  path: Assets/ScriptableObjects/Entities/PlayerAppearanceItems/Mane_Uniform_Striped_3.asset
  artifactKey: Guid(a75dd3ec662165c428efd30240653c14) Importer(815301076,1909f56bfc062723c751e8b465ee728b)
Start importing Assets/ScriptableObjects/Entities/PlayerAppearanceItems/Mane_Uniform_Striped_3.asset using Guid(a75dd3ec662165c428efd30240653c14) Importer(815301076,1909f56bfc062723c751e8b465ee728b)  -> (artifact id: 'e1fda16722c225c6ebea5e2588d8f654') in 0.033811 seconds
  Import took 0.038783 seconds .

========================================================================
Received Import Request.
  Time since last request: 5.191679 seconds.
  path: Assets/ScriptableObjects/Entities/PlayerAppearanceItems/Mane_Uniform_Striped_4.asset
  artifactKey: Guid(3e79d603239aea547867ad75b1633077) Importer(815301076,1909f56bfc062723c751e8b465ee728b)
Start importing Assets/ScriptableObjects/Entities/PlayerAppearanceItems/Mane_Uniform_Striped_4.asset using Guid(3e79d603239aea547867ad75b1633077) Importer(815301076,1909f56bfc062723c751e8b465ee728b)  -> (artifact id: '6bc80022d915a0d4a0f5b93af10b5bfb') in 0.031291 seconds
  Import took 0.034652 seconds .

========================================================================
Received Import Request.
  Time since last request: 3.713413 seconds.
  path: Assets/ScriptableObjects/Entities/PlayerAppearanceItems/Mane_Uniform_Striped_5.asset
  artifactKey: Guid(2b28627ea1951764a98b0965dc02f8e9) Importer(815301076,1909f56bfc062723c751e8b465ee728b)
Start importing Assets/ScriptableObjects/Entities/PlayerAppearanceItems/Mane_Uniform_Striped_5.asset using Guid(2b28627ea1951764a98b0965dc02f8e9) Importer(815301076,1909f56bfc062723c751e8b465ee728b)  -> (artifact id: '52e06f0ea65b04ad905461c32a66d062') in 0.030883 seconds
  Import took 0.034258 seconds .

========================================================================
Received Import Request.
  Time since last request: 8.359093 seconds.
  path: Assets/ScriptableObjects/Entities/PlayerAppearanceItems/Mane_Uniform_Striped_1.asset
  artifactKey: Guid(19012f3dd3af816429fe493d9ed4db9b) Importer(815301076,1909f56bfc062723c751e8b465ee728b)
Start importing Assets/ScriptableObjects/Entities/PlayerAppearanceItems/Mane_Uniform_Striped_1.asset using Guid(19012f3dd3af816429fe493d9ed4db9b) Importer(815301076,1909f56bfc062723c751e8b465ee728b)  -> (artifact id: '2c60f4c3f1d5f3a9b32b275df24a52a6') in 0.033642 seconds
  Import took 0.038713 seconds .

========================================================================
Received Import Request.
  Time since last request: 68.375544 seconds.
  path: Assets/ScriptableObjects/Entities/PlayerAppearanceItems/Mane_Uniform_Striped_2.asset
  artifactKey: Guid(d3b8d0c1a7a765341b2f9916258e3993) Importer(815301076,1909f56bfc062723c751e8b465ee728b)
Start importing Assets/ScriptableObjects/Entities/PlayerAppearanceItems/Mane_Uniform_Striped_2.asset using Guid(d3b8d0c1a7a765341b2f9916258e3993) Importer(815301076,1909f56bfc062723c751e8b465ee728b)  -> (artifact id: 'b59d31ab26edd0e79a1989fd91a48f98') in 0.031182 seconds
  Import took 0.035070 seconds .

========================================================================
Received Import Request.
  Time since last request: 4.514272 seconds.
  path: Assets/ScriptableObjects/Entities/PlayerAppearanceItems/Mane_Uniform_Striped_3.asset
  artifactKey: Guid(a75dd3ec662165c428efd30240653c14) Importer(815301076,1909f56bfc062723c751e8b465ee728b)
Start importing Assets/ScriptableObjects/Entities/PlayerAppearanceItems/Mane_Uniform_Striped_3.asset using Guid(a75dd3ec662165c428efd30240653c14) Importer(815301076,1909f56bfc062723c751e8b465ee728b)  -> (artifact id: '1627960cdc8b237aafc94289cebc9c18') in 0.028930 seconds
  Import took 0.032276 seconds .

========================================================================
Received Import Request.
  Time since last request: 3.014294 seconds.
  path: Assets/ScriptableObjects/Entities/PlayerAppearanceItems/Mane_Uniform_Striped_4.asset
  artifactKey: Guid(3e79d603239aea547867ad75b1633077) Importer(815301076,1909f56bfc062723c751e8b465ee728b)
Start importing Assets/ScriptableObjects/Entities/PlayerAppearanceItems/Mane_Uniform_Striped_4.asset using Guid(3e79d603239aea547867ad75b1633077) Importer(815301076,1909f56bfc062723c751e8b465ee728b)  -> (artifact id: '3cf3fa8b915b07cd13354bb5500f0ee6') in 0.031267 seconds
  Import took 0.034399 seconds .

========================================================================
Received Import Request.
  Time since last request: 2.637422 seconds.
  path: Assets/ScriptableObjects/Entities/PlayerAppearanceItems/Mane_Uniform_Striped_5.asset
  artifactKey: Guid(2b28627ea1951764a98b0965dc02f8e9) Importer(815301076,1909f56bfc062723c751e8b465ee728b)
Start importing Assets/ScriptableObjects/Entities/PlayerAppearanceItems/Mane_Uniform_Striped_5.asset using Guid(2b28627ea1951764a98b0965dc02f8e9) Importer(815301076,1909f56bfc062723c751e8b465ee728b)  -> (artifact id: 'f342c9bef301a6c6af3acd07f9cd4b41') in 0.029131 seconds
  Import took 0.032327 seconds .

========================================================================
Received Prepare
Registering precompiled user dll's ...
Registered in 0.001352 seconds.
Begin MonoManager ReloadAssembly
Native extension for LinuxStandalone target not found
Native extension for WindowsStandalone target not found
Native extension for OSXStandalone target not found
Refreshing native plugins compatible for Editor in 0.38 ms, found 0 plugins.
Preloading 0 native plugins for Editor in 0.00 ms.
Mono: successfully reloaded assembly
- Completed reload, in  1.413 seconds
Platform modules already initialized, skipping
Refreshing native plugins compatible for Editor in 0.27 ms, found 0 plugins.
Preloading 0 native plugins for Editor in 0.00 ms.
Unloading 1253 Unused Serialized files (Serialized files now loaded: 0)
System memory in use before: 67.4 MB.
System memory in use after: 67.5 MB.

Unloading 4 unused Assets to reduce memory usage. Loaded Objects now: 2089.
Total: 2.176300 ms (FindLiveObjects: 0.187200 ms CreateObjectMapping: 0.049300 ms MarkObjects: 1.922600 ms  DeleteObjects: 0.015700 ms)

========================================================================
Received Import Request.
  Time since last request: 64.943515 seconds.
  path: Assets/Resources/UI/Character Appearance Editor/Character Preview Item.prefab
  artifactKey: Guid(3ba4faa884ab9824393abb8acfee878e) Importer(815301076,1909f56bfc062723c751e8b465ee728b)
Start importing Assets/Resources/UI/Character Appearance Editor/Character Preview Item.prefab using Guid(3ba4faa884ab9824393abb8acfee878e) Importer(815301076,1909f56bfc062723c751e8b465ee728b)  -> (artifact id: '65b5242721ffd6713a1ec5e89f44289b') in 0.038913 seconds
  Import took 0.042561 seconds .

========================================================================
Received Import Request.
  Time since last request: 1.815401 seconds.
  path: Assets/Resources/UI/Character Appearance Editor/ColorPicker.prefab
  artifactKey: Guid(4c6fe2b0ef0831e4f8139315c2ed8d48) Importer(815301076,1909f56bfc062723c751e8b465ee728b)
Start importing Assets/Resources/UI/Character Appearance Editor/ColorPicker.prefab using Guid(4c6fe2b0ef0831e4f8139315c2ed8d48) Importer(815301076,1909f56bfc062723c751e8b465ee728b)  -> (artifact id: '936513793f98a78afab6e332eab96b95') in 0.163031 seconds
  Import took 0.168677 seconds .

========================================================================
Received Prepare
Registering precompiled user dll's ...
Registered in 0.001490 seconds.
Begin MonoManager ReloadAssembly
Native extension for LinuxStandalone target not found
Native extension for WindowsStandalone target not found
Native extension for OSXStandalone target not found
Refreshing native plugins compatible for Editor in 0.41 ms, found 0 plugins.
Preloading 0 native plugins for Editor in 0.00 ms.
Mono: successfully reloaded assembly
- Completed reload, in  1.252 seconds
Platform modules already initialized, skipping
Refreshing native plugins compatible for Editor in 0.26 ms, found 0 plugins.
Preloading 0 native plugins for Editor in 0.00 ms.
Unloading 1253 Unused Serialized files (Serialized files now loaded: 0)
System memory in use before: 67.4 MB.
System memory in use after: 67.5 MB.

Unloading 4 unused Assets to reduce memory usage. Loaded Objects now: 2092.
Total: 2.401700 ms (FindLiveObjects: 0.185200 ms CreateObjectMapping: 0.106400 ms MarkObjects: 2.077300 ms  DeleteObjects: 0.031400 ms)

========================================================================
Received Prepare
Registering precompiled user dll's ...
Registered in 0.001502 seconds.
Begin MonoManager ReloadAssembly
Native extension for LinuxStandalone target not found
Native extension for WindowsStandalone target not found
Native extension for OSXStandalone target not found
Refreshing native plugins compatible for Editor in 0.53 ms, found 0 plugins.
Preloading 0 native plugins for Editor in 0.00 ms.
Mono: successfully reloaded assembly
- Completed reload, in  1.258 seconds
Platform modules already initialized, skipping
Refreshing native plugins compatible for Editor in 0.40 ms, found 0 plugins.
Preloading 0 native plugins for Editor in 0.00 ms.
Unloading 1253 Unused Serialized files (Serialized files now loaded: 0)
System memory in use before: 67.4 MB.
System memory in use after: 67.6 MB.

Unloading 4 unused Assets to reduce memory usage. Loaded Objects now: 2095.
Total: 3.020100 ms (FindLiveObjects: 0.501300 ms CreateObjectMapping: 0.124800 ms MarkObjects: 2.348900 ms  DeleteObjects: 0.043700 ms)

========================================================================
Received Prepare
Registering precompiled user dll's ...
Registered in 0.000979 seconds.
Begin MonoManager ReloadAssembly
Native extension for LinuxStandalone target not found
Native extension for WindowsStandalone target not found
Native extension for OSXStandalone target not found
Refreshing native plugins compatible for Editor in 0.35 ms, found 0 plugins.
Preloading 0 native plugins for Editor in 0.00 ms.
Mono: successfully reloaded assembly
- Completed reload, in  1.188 seconds
Platform modules already initialized, skipping
Refreshing native plugins compatible for Editor in 0.26 ms, found 0 plugins.
Preloading 0 native plugins for Editor in 0.00 ms.
Unloading 1253 Unused Serialized files (Serialized files now loaded: 0)
System memory in use before: 67.5 MB.
System memory in use after: 67.6 MB.

Unloading 4 unused Assets to reduce memory usage. Loaded Objects now: 2098.
Total: 2.148100 ms (FindLiveObjects: 0.227000 ms CreateObjectMapping: 0.056800 ms MarkObjects: 1.846200 ms  DeleteObjects: 0.016800 ms)

========================================================================
Received Prepare
Registering precompiled user dll's ...
Registered in 0.001297 seconds.
Begin MonoManager ReloadAssembly
Native extension for LinuxStandalone target not found
Native extension for WindowsStandalone target not found
Native extension for OSXStandalone target not found
Refreshing native plugins compatible for Editor in 0.27 ms, found 0 plugins.
Preloading 0 native plugins for Editor in 0.00 ms.
Mono: successfully reloaded assembly
- Completed reload, in  1.187 seconds
Platform modules already initialized, skipping
Refreshing native plugins compatible for Editor in 0.61 ms, found 0 plugins.
Preloading 0 native plugins for Editor in 0.00 ms.
Unloading 1253 Unused Serialized files (Serialized files now loaded: 0)
System memory in use before: 67.5 MB.
System memory in use after: 67.6 MB.

Unloading 4 unused Assets to reduce memory usage. Loaded Objects now: 2101.
Total: 2.772500 ms (FindLiveObjects: 0.389100 ms CreateObjectMapping: 0.097600 ms MarkObjects: 2.265600 ms  DeleteObjects: 0.019000 ms)

========================================================================
Received Prepare
Registering precompiled user dll's ...
Registered in 0.001134 seconds.
Begin MonoManager ReloadAssembly
Native extension for LinuxStandalone target not found
Native extension for WindowsStandalone target not found
Native extension for OSXStandalone target not found
Refreshing native plugins compatible for Editor in 0.32 ms, found 0 plugins.
Preloading 0 native plugins for Editor in 0.00 ms.
Mono: successfully reloaded assembly
- Completed reload, in  1.237 seconds
Platform modules already initialized, skipping
Refreshing native plugins compatible for Editor in 0.39 ms, found 0 plugins.
Preloading 0 native plugins for Editor in 0.00 ms.
Unloading 1253 Unused Serialized files (Serialized files now loaded: 0)
System memory in use before: 67.5 MB.
System memory in use after: 67.6 MB.

Unloading 4 unused Assets to reduce memory usage. Loaded Objects now: 2104.
Total: 3.743200 ms (FindLiveObjects: 0.273400 ms CreateObjectMapping: 0.089000 ms MarkObjects: 3.355900 ms  DeleteObjects: 0.023400 ms)

========================================================================
Received Prepare
Registering precompiled user dll's ...
Registered in 0.001720 seconds.
Begin MonoManager ReloadAssembly
Native extension for LinuxStandalone target not found
Native extension for WindowsStandalone target not found
Native extension for OSXStandalone target not found
Refreshing native plugins compatible for Editor in 0.27 ms, found 0 plugins.
Preloading 0 native plugins for Editor in 0.00 ms.
Mono: successfully reloaded assembly
- Completed reload, in  1.126 seconds
Platform modules already initialized, skipping
Refreshing native plugins compatible for Editor in 0.38 ms, found 0 plugins.
Preloading 0 native plugins for Editor in 0.00 ms.
Unloading 1253 Unused Serialized files (Serialized files now loaded: 0)
System memory in use before: 67.5 MB.
System memory in use after: 67.6 MB.

Unloading 4 unused Assets to reduce memory usage. Loaded Objects now: 2107.
Total: 2.816800 ms (FindLiveObjects: 0.271200 ms CreateObjectMapping: 0.050400 ms MarkObjects: 2.458600 ms  DeleteObjects: 0.034700 ms)

========================================================================
Received Prepare
Registering precompiled user dll's ...
Registered in 0.001065 seconds.
Begin MonoManager ReloadAssembly
Native extension for LinuxStandalone target not found
Native extension for WindowsStandalone target not found
Native extension for OSXStandalone target not found
Refreshing native plugins compatible for Editor in 0.27 ms, found 0 plugins.
Preloading 0 native plugins for Editor in 0.00 ms.
Mono: successfully reloaded assembly
- Completed reload, in  1.273 seconds
Platform modules already initialized, skipping
Refreshing native plugins compatible for Editor in 0.43 ms, found 0 plugins.
Preloading 0 native plugins for Editor in 0.00 ms.
Unloading 1253 Unused Serialized files (Serialized files now loaded: 0)
System memory in use before: 67.5 MB.
System memory in use after: 67.6 MB.

Unloading 4 unused Assets to reduce memory usage. Loaded Objects now: 2110.
Total: 5.151400 ms (FindLiveObjects: 0.301000 ms CreateObjectMapping: 0.342500 ms MarkObjects: 4.482800 ms  DeleteObjects: 0.023200 ms)

========================================================================
Received Prepare
Registering precompiled user dll's ...
Registered in 0.000965 seconds.
Begin MonoManager ReloadAssembly
Native extension for LinuxStandalone target not found
Native extension for WindowsStandalone target not found
Native extension for OSXStandalone target not found
Refreshing native plugins compatible for Editor in 0.26 ms, found 0 plugins.
Preloading 0 native plugins for Editor in 0.00 ms.
Mono: successfully reloaded assembly
- Completed reload, in  1.139 seconds
Platform modules already initialized, skipping
Refreshing native plugins compatible for Editor in 0.26 ms, found 0 plugins.
Preloading 0 native plugins for Editor in 0.00 ms.
Unloading 1253 Unused Serialized files (Serialized files now loaded: 0)
System memory in use before: 67.5 MB.
System memory in use after: 67.6 MB.

Unloading 4 unused Assets to reduce memory usage. Loaded Objects now: 2113.
Total: 2.192300 ms (FindLiveObjects: 0.184400 ms CreateObjectMapping: 0.042100 ms MarkObjects: 1.951100 ms  DeleteObjects: 0.013900 ms)

========================================================================
Received Prepare
Registering precompiled user dll's ...
Registered in 0.001821 seconds.
Begin MonoManager ReloadAssembly
Native extension for LinuxStandalone target not found
Native extension for WindowsStandalone target not found
Native extension for OSXStandalone target not found
Refreshing native plugins compatible for Editor in 0.32 ms, found 0 plugins.
Preloading 0 native plugins for Editor in 0.00 ms.
Mono: successfully reloaded assembly
- Completed reload, in  1.138 seconds
Platform modules already initialized, skipping
Refreshing native plugins compatible for Editor in 0.47 ms, found 0 plugins.
Preloading 0 native plugins for Editor in 0.00 ms.
Unloading 1253 Unused Serialized files (Serialized files now loaded: 0)
System memory in use before: 67.5 MB.
System memory in use after: 67.6 MB.

Unloading 4 unused Assets to reduce memory usage. Loaded Objects now: 2116.
Total: 2.597800 ms (FindLiveObjects: 0.199700 ms CreateObjectMapping: 0.050600 ms MarkObjects: 2.324700 ms  DeleteObjects: 0.020800 ms)

========================================================================
Received Prepare
Registering precompiled user dll's ...
Registered in 0.001249 seconds.
Begin MonoManager ReloadAssembly
Native extension for LinuxStandalone target not found
Native extension for WindowsStandalone target not found
Native extension for OSXStandalone target not found
Refreshing native plugins compatible for Editor in 0.46 ms, found 0 plugins.
Preloading 0 native plugins for Editor in 0.00 ms.
Mono: successfully reloaded assembly
- Completed reload, in  1.218 seconds
Platform modules already initialized, skipping
Refreshing native plugins compatible for Editor in 0.33 ms, found 0 plugins.
Preloading 0 native plugins for Editor in 0.00 ms.
Unloading 1253 Unused Serialized files (Serialized files now loaded: 0)
System memory in use before: 67.5 MB.
System memory in use after: 67.6 MB.

Unloading 4 unused Assets to reduce memory usage. Loaded Objects now: 2119.
Total: 2.149200 ms (FindLiveObjects: 0.198500 ms CreateObjectMapping: 0.046200 ms MarkObjects: 1.872200 ms  DeleteObjects: 0.031400 ms)

========================================================================
Received Prepare
Registering precompiled user dll's ...
Registered in 0.001474 seconds.
Begin MonoManager ReloadAssembly
Native extension for LinuxStandalone target not found
Native extension for WindowsStandalone target not found
Native extension for OSXStandalone target not found
Refreshing native plugins compatible for Editor in 0.26 ms, found 0 plugins.
Preloading 0 native plugins for Editor in 0.00 ms.
Mono: successfully reloaded assembly
- Completed reload, in  1.342 seconds
Platform modules already initialized, skipping
Refreshing native plugins compatible for Editor in 0.74 ms, found 0 plugins.
Preloading 0 native plugins for Editor in 0.00 ms.
Unloading 1253 Unused Serialized files (Serialized files now loaded: 0)
System memory in use before: 67.5 MB.
System memory in use after: 67.6 MB.

Unloading 4 unused Assets to reduce memory usage. Loaded Objects now: 2122.
Total: 2.734500 ms (FindLiveObjects: 0.401800 ms CreateObjectMapping: 0.123900 ms MarkObjects: 2.188100 ms  DeleteObjects: 0.018100 ms)

========================================================================
Received Import Request.
  Time since last request: 10999.256380 seconds.
  path: Assets/ScriptableObjects/Entities/PlayerAppearanceItems/Mane_Uniform_Striped_5.asset
  artifactKey: Guid(2b28627ea1951764a98b0965dc02f8e9) Importer(815301076,1909f56bfc062723c751e8b465ee728b)
Start importing Assets/ScriptableObjects/Entities/PlayerAppearanceItems/Mane_Uniform_Striped_5.asset using Guid(2b28627ea1951764a98b0965dc02f8e9) Importer(815301076,1909f56bfc062723c751e8b465ee728b)  -> (artifact id: '757c03ba663a40d357026dacbdcbdd1c') in 0.121613 seconds
  Import took 0.125816 seconds .

========================================================================
Received Import Request.
  Time since last request: 45.473489 seconds.
  path: Assets/ScriptableObjects/Entities/PlayerAppearanceItems/Mane_Bedhead.asset
  artifactKey: Guid(b2c6890d3c7272b4f87967e5f93c73b4) Importer(815301076,1909f56bfc062723c751e8b465ee728b)
Start importing Assets/ScriptableObjects/Entities/PlayerAppearanceItems/Mane_Bedhead.asset using Guid(b2c6890d3c7272b4f87967e5f93c73b4) Importer(815301076,1909f56bfc062723c751e8b465ee728b)  -> (artifact id: '35b3b614edda01235060b904153c4dbb') in 0.037857 seconds
  Import took 0.041650 seconds .

========================================================================
Received Import Request.
  Time since last request: 3.086542 seconds.
  path: Assets/ScriptableObjects/Entities/PlayerAppearanceItems/Mane_Bedhead_Base.asset
  artifactKey: Guid(b2c6890d3c7272b4f87967e5f93c73b4) Importer(815301076,1909f56bfc062723c751e8b465ee728b)
Start importing Assets/ScriptableObjects/Entities/PlayerAppearanceItems/Mane_Bedhead_Base.asset using Guid(b2c6890d3c7272b4f87967e5f93c73b4) Importer(815301076,1909f56bfc062723c751e8b465ee728b)  -> (artifact id: '347c59e112ec7f9ed77c336ba91172c0') in 0.039683 seconds
  Import took 0.044631 seconds .

========================================================================
Received Import Request.
  Time since last request: 14.864351 seconds.
  path: Assets/ScriptableObjects/Entities/PlayerAppearanceItems/Mane_Bedhead_Gradient_1.asset
  artifactKey: Guid(170359e7d890f06448d84dc2907b1bf9) Importer(815301076,1909f56bfc062723c751e8b465ee728b)
Start importing Assets/ScriptableObjects/Entities/PlayerAppearanceItems/Mane_Bedhead_Gradient_1.asset using Guid(170359e7d890f06448d84dc2907b1bf9) Importer(815301076,1909f56bfc062723c751e8b465ee728b)  -> (artifact id: '0057fa21a24aa7810cea4b94a1005326') in 0.034572 seconds
  Import took 0.039280 seconds .

========================================================================
Received Import Request.
  Time since last request: 7.508641 seconds.
  path: Assets/ScriptableObjects/Entities/PlayerAppearanceItems/Mane_Bedhead_Gradient_1.asset
  artifactKey: Guid(170359e7d890f06448d84dc2907b1bf9) Importer(815301076,1909f56bfc062723c751e8b465ee728b)
Start importing Assets/ScriptableObjects/Entities/PlayerAppearanceItems/Mane_Bedhead_Gradient_1.asset using Guid(170359e7d890f06448d84dc2907b1bf9) Importer(815301076,1909f56bfc062723c751e8b465ee728b)  -> (artifact id: '9ec8bd1b3431a6b35cd521f89212f039') in 0.104141 seconds
  Import took 0.108168 seconds .

========================================================================
Received Import Request.
  Time since last request: 19.815132 seconds.
  path: Assets/ScriptableObjects/Entities/PlayerAppearanceItems/Mane_Bedhead_Gradient_3.asset
  artifactKey: Guid(698f0a0af745f294391ec6a9af732cc9) Importer(815301076,1909f56bfc062723c751e8b465ee728b)
Start importing Assets/ScriptableObjects/Entities/PlayerAppearanceItems/Mane_Bedhead_Gradient_3.asset using Guid(698f0a0af745f294391ec6a9af732cc9) Importer(815301076,1909f56bfc062723c751e8b465ee728b)  -> (artifact id: 'bf5073fe605f73050fb72d6361741aa3') in 0.033070 seconds
  Import took 0.036360 seconds .

========================================================================
Received Import Request.
  Time since last request: 0.941361 seconds.
  path: Assets/ScriptableObjects/Entities/PlayerAppearanceItems/Mane_Bedhead_Gradient_2.asset
  artifactKey: Guid(c758bae38314f7544b5a90e5e9ab688b) Importer(815301076,1909f56bfc062723c751e8b465ee728b)
Start importing Assets/ScriptableObjects/Entities/PlayerAppearanceItems/Mane_Bedhead_Gradient_2.asset using Guid(c758bae38314f7544b5a90e5e9ab688b) Importer(815301076,1909f56bfc062723c751e8b465ee728b)  -> (artifact id: '39fc2c4684b9786c2294faee8760f708') in 0.032955 seconds
  Import took 0.037436 seconds .

========================================================================
Received Import Request.
  Time since last request: 9.645413 seconds.
  path: Assets/ScriptableObjects/Entities/PlayerAppearanceItems/Mane_Bedhead_Gradient_4.asset
  artifactKey: Guid(fb445321dfd98c344a5b4ab2cddfc6f5) Importer(815301076,1909f56bfc062723c751e8b465ee728b)
Start importing Assets/ScriptableObjects/Entities/PlayerAppearanceItems/Mane_Bedhead_Gradient_4.asset using Guid(fb445321dfd98c344a5b4ab2cddfc6f5) Importer(815301076,1909f56bfc062723c751e8b465ee728b)  -> (artifact id: '89a0e4fbb708b0b146966217e6fcc411') in 0.032060 seconds
  Import took 0.035441 seconds .

========================================================================
Received Import Request.
  Time since last request: 4.881864 seconds.
  path: Assets/ScriptableObjects/Entities/PlayerAppearanceItems/Mane_Bedhead_Gradient_4.asset
  artifactKey: Guid(fb445321dfd98c344a5b4ab2cddfc6f5) Importer(815301076,1909f56bfc062723c751e8b465ee728b)
Start importing Assets/ScriptableObjects/Entities/PlayerAppearanceItems/Mane_Bedhead_Gradient_4.asset using Guid(fb445321dfd98c344a5b4ab2cddfc6f5) Importer(815301076,1909f56bfc062723c751e8b465ee728b)  -> (artifact id: '51a2856cacc799e5d8530118b04ffeae') in 0.036553 seconds
  Import took 0.039993 seconds .

========================================================================
Received Import Request.
  Time since last request: 25.649227 seconds.
  path: Assets/ScriptableObjects/Entities/PlayerAppearanceItems/ItemLists/Mane_Bedhead.asset
  artifactKey: Guid(4b0af3e0a0ae0f248953be5e4267f5d6) Importer(815301076,1909f56bfc062723c751e8b465ee728b)
Start importing Assets/ScriptableObjects/Entities/PlayerAppearanceItems/ItemLists/Mane_Bedhead.asset using Guid(4b0af3e0a0ae0f248953be5e4267f5d6) Importer(815301076,1909f56bfc062723c751e8b465ee728b)  -> (artifact id: '3ec1700cf29a54b5e3015796f8746ff4') in 0.033319 seconds
  Import took 0.037372 seconds .

========================================================================
Received Import Request.
  Time since last request: 7.961491 seconds.
  path: Assets/ScriptableObjects/Entities/PlayerAppearanceItems/ItemLists/Mane_Bedhead_Gradient.asset
  artifactKey: Guid(1696a8f557a12a24d80bdd040d488d1b) Importer(815301076,1909f56bfc062723c751e8b465ee728b)
Start importing Assets/ScriptableObjects/Entities/PlayerAppearanceItems/ItemLists/Mane_Bedhead_Gradient.asset using Guid(1696a8f557a12a24d80bdd040d488d1b) Importer(815301076,1909f56bfc062723c751e8b465ee728b)  -> (artifact id: '542b82705370959dc03a07d31f0188cc') in 0.035409 seconds
  Import took 0.040555 seconds .

========================================================================
Received Import Request.
  Time since last request: 15.517050 seconds.
  path: Assets/ScriptableObjects/Entities/PlayerAppearanceItems/ItemLists/Mane_Bedhead_Gradient.asset
  artifactKey: Guid(1696a8f557a12a24d80bdd040d488d1b) Importer(815301076,1909f56bfc062723c751e8b465ee728b)
Start importing Assets/ScriptableObjects/Entities/PlayerAppearanceItems/ItemLists/Mane_Bedhead_Gradient.asset using Guid(1696a8f557a12a24d80bdd040d488d1b) Importer(815301076,1909f56bfc062723c751e8b465ee728b)  -> (artifact id: '5ccb67aa4c01001c3fbdd140acf0ff8e') in 0.037985 seconds
  Import took 0.042554 seconds .

========================================================================
Received Prepare
Registering precompiled user dll's ...
Registered in 0.000963 seconds.
Begin MonoManager ReloadAssembly
Native extension for LinuxStandalone target not found
Native extension for WindowsStandalone target not found
Native extension for OSXStandalone target not found
Refreshing native plugins compatible for Editor in 0.32 ms, found 0 plugins.
Preloading 0 native plugins for Editor in 0.00 ms.
Mono: successfully reloaded assembly
- Completed reload, in  1.067 seconds
Platform modules already initialized, skipping
Refreshing native plugins compatible for Editor in 0.31 ms, found 0 plugins.
Preloading 0 native plugins for Editor in 0.00 ms.
Unloading 1253 Unused Serialized files (Serialized files now loaded: 0)
System memory in use before: 67.5 MB.
System memory in use after: 67.6 MB.

Unloading 4 unused Assets to reduce memory usage. Loaded Objects now: 2125.
Total: 2.328500 ms (FindLiveObjects: 0.196600 ms CreateObjectMapping: 0.051000 ms MarkObjects: 2.035900 ms  DeleteObjects: 0.044000 ms)

========================================================================
Received Import Request.
  Time since last request: 56.284746 seconds.
  path: Assets/ScriptableObjects/Entities/PlayerAppearanceItems/Mane_Bedhead_Gradient_2.asset
  artifactKey: Guid(c758bae38314f7544b5a90e5e9ab688b) Importer(815301076,1909f56bfc062723c751e8b465ee728b)
Start importing Assets/ScriptableObjects/Entities/PlayerAppearanceItems/Mane_Bedhead_Gradient_2.asset using Guid(c758bae38314f7544b5a90e5e9ab688b) Importer(815301076,1909f56bfc062723c751e8b465ee728b)  -> (artifact id: '4ffe4c52659c3c504aa82ad38096c09f') in 0.114676 seconds
  Import took 0.118836 seconds .

========================================================================
Received Import Request.
  Time since last request: 3.139288 seconds.
  path: Assets/ScriptableObjects/Entities/PlayerAppearanceItems/Mane_Bedhead_Gradient_3.asset
  artifactKey: Guid(698f0a0af745f294391ec6a9af732cc9) Importer(815301076,1909f56bfc062723c751e8b465ee728b)
Start importing Assets/ScriptableObjects/Entities/PlayerAppearanceItems/Mane_Bedhead_Gradient_3.asset using Guid(698f0a0af745f294391ec6a9af732cc9) Importer(815301076,1909f56bfc062723c751e8b465ee728b)  -> (artifact id: '0a3efca3ac9b854b1d809077a8995bb5') in 0.035140 seconds
  Import took 0.038512 seconds .

========================================================================
Received Import Request.
  Time since last request: 12.994786 seconds.
  path: Assets/ScriptableObjects/Entities/PlayerAppearanceItems/Mane_Bedhead_Gradient_4.asset
  artifactKey: Guid(fb445321dfd98c344a5b4ab2cddfc6f5) Importer(815301076,1909f56bfc062723c751e8b465ee728b)
Start importing Assets/ScriptableObjects/Entities/PlayerAppearanceItems/Mane_Bedhead_Gradient_4.asset using Guid(fb445321dfd98c344a5b4ab2cddfc6f5) Importer(815301076,1909f56bfc062723c751e8b465ee728b)  -> (artifact id: '6c12cb3993bf4867158402c5a8eac190') in 0.040656 seconds
  Import took 0.045516 seconds .

========================================================================
Received Prepare
Registering precompiled user dll's ...
Registered in 0.000934 seconds.
Begin MonoManager ReloadAssembly
Native extension for LinuxStandalone target not found
Native extension for WindowsStandalone target not found
Native extension for OSXStandalone target not found
Refreshing native plugins compatible for Editor in 0.25 ms, found 0 plugins.
Preloading 0 native plugins for Editor in 0.00 ms.
Mono: successfully reloaded assembly
- Completed reload, in  1.138 seconds
Platform modules already initialized, skipping
Refreshing native plugins compatible for Editor in 0.28 ms, found 0 plugins.
Preloading 0 native plugins for Editor in 0.00 ms.
Unloading 1253 Unused Serialized files (Serialized files now loaded: 0)
System memory in use before: 67.5 MB.
System memory in use after: 67.6 MB.

Unloading 4 unused Assets to reduce memory usage. Loaded Objects now: 2128.
Total: 2.512600 ms (FindLiveObjects: 0.185700 ms CreateObjectMapping: 0.047700 ms MarkObjects: 2.248100 ms  DeleteObjects: 0.029600 ms)

========================================================================
Received Prepare
Registering precompiled user dll's ...
Registered in 0.001443 seconds.
Begin MonoManager ReloadAssembly
Native extension for LinuxStandalone target not found
Native extension for WindowsStandalone target not found
Native extension for OSXStandalone target not found
Refreshing native plugins compatible for Editor in 0.28 ms, found 0 plugins.
Preloading 0 native plugins for Editor in 0.00 ms.
Mono: successfully reloaded assembly
- Completed reload, in  1.282 seconds
Platform modules already initialized, skipping
Refreshing native plugins compatible for Editor in 0.48 ms, found 0 plugins.
Preloading 0 native plugins for Editor in 0.00 ms.
Unloading 1253 Unused Serialized files (Serialized files now loaded: 0)
System memory in use before: 67.5 MB.
System memory in use after: 67.6 MB.

Unloading 4 unused Assets to reduce memory usage. Loaded Objects now: 2131.
Total: 2.501500 ms (FindLiveObjects: 0.206400 ms CreateObjectMapping: 0.055400 ms MarkObjects: 2.220300 ms  DeleteObjects: 0.017800 ms)

========================================================================
Received Import Request.
  Time since last request: 159.665698 seconds.
  path: Assets/ScriptableObjects/Entities/PlayerAppearanceItems/ItemLists/Mane_Bedhead_Gradient.asset
  artifactKey: Guid(1696a8f557a12a24d80bdd040d488d1b) Importer(815301076,1909f56bfc062723c751e8b465ee728b)
Start importing Assets/ScriptableObjects/Entities/PlayerAppearanceItems/ItemLists/Mane_Bedhead_Gradient.asset using Guid(1696a8f557a12a24d80bdd040d488d1b) Importer(815301076,1909f56bfc062723c751e8b465ee728b)  -> (artifact id: '3c8dfedb14dc892ba8f522318e3a30ea') in 0.118042 seconds
  Import took 0.122911 seconds .

========================================================================
Received Prepare
Registering precompiled user dll's ...
Registered in 0.001589 seconds.
Begin MonoManager ReloadAssembly
Native extension for LinuxStandalone target not found
Native extension for WindowsStandalone target not found
Native extension for OSXStandalone target not found
Refreshing native plugins compatible for Editor in 0.56 ms, found 0 plugins.
Preloading 0 native plugins for Editor in 0.00 ms.
Mono: successfully reloaded assembly
- Completed reload, in  1.193 seconds
Platform modules already initialized, skipping
Refreshing native plugins compatible for Editor in 0.27 ms, found 0 plugins.
Preloading 0 native plugins for Editor in 0.00 ms.
Unloading 1253 Unused Serialized files (Serialized files now loaded: 0)
System memory in use before: 67.6 MB.
System memory in use after: 67.7 MB.

Unloading 4 unused Assets to reduce memory usage. Loaded Objects now: 2134.
Total: 2.166300 ms (FindLiveObjects: 0.190400 ms CreateObjectMapping: 0.052100 ms MarkObjects: 1.906100 ms  DeleteObjects: 0.016300 ms)

========================================================================
Received Prepare
Registering precompiled user dll's ...
Registered in 0.001154 seconds.
Begin MonoManager ReloadAssembly
Native extension for LinuxStandalone target not found
Native extension for WindowsStandalone target not found
Native extension for OSXStandalone target not found
Refreshing native plugins compatible for Editor in 0.31 ms, found 0 plugins.
Preloading 0 native plugins for Editor in 0.00 ms.
Mono: successfully reloaded assembly
- Completed reload, in  1.186 seconds
Platform modules already initialized, skipping
Refreshing native plugins compatible for Editor in 0.52 ms, found 0 plugins.
Preloading 0 native plugins for Editor in 0.00 ms.
Unloading 1253 Unused Serialized files (Serialized files now loaded: 0)
System memory in use before: 67.6 MB.
System memory in use after: 67.7 MB.

Unloading 4 unused Assets to reduce memory usage. Loaded Objects now: 2137.
Total: 2.908300 ms (FindLiveObjects: 0.224300 ms CreateObjectMapping: 0.079600 ms MarkObjects: 2.573800 ms  DeleteObjects: 0.028800 ms)

========================================================================
Received Prepare
Registering precompiled user dll's ...
Registered in 0.001382 seconds.
Callback registration failed. Increase kMaxCallback.

Fatal Error! Callback registration failed. Increase kMaxCallback.

Crash!!!
SymInit: Symbol-SearchPath: 'D:/Program Files/2020.3.6f1/Editor/Data/Mono;.;D:\Documents\Unity Projects\Thestral Online;D:\Program Files\2020.3.6f1\Editor;C:\WINDOWS;C:\WINDOWS\system32;SRV*C:\websymbols*http://msdl.microsoft.com/download/symbols;', symOptions: 534, UserName: 'apupp'
OS-Version: 10.0.0
D:\Program Files\2020.3.6f1\Editor\Unity.exe:Unity.exe (00007FF74CBC0000), size: 134828032 (result: 0), SymType: '-deferred-', PDB: '', fileVersion: 2020.3.6.35766
C:\WINDOWS\SYSTEM32\ntdll.dll:ntdll.dll (00007FFA2E6D0000), size: 2052096 (result: 0), SymType: '-deferred-', PDB: '', fileVersion: 10.0.19041.1110
C:\WINDOWS\System32\KERNEL32.DLL:KERNEL32.DLL (00007FFA2E4D0000), size: 774144 (result: 0), SymType: '-deferred-', PDB: '', fileVersion: 10.0.19041.1151
C:\WINDOWS\System32\KERNELBASE.dll:KERNELBASE.dll (00007FFA2BE00000), size: 2920448 (result: 0), SymType: '-deferred-', PDB: '', fileVersion: 10.0.19041.1151
C:\WINDOWS\System32\CRYPT32.dll:CRYPT32.dll (00007FFA2C520000), size: 1437696 (result: 0), SymType: '-deferred-', PDB: '', fileVersion: 10.0.19041.844
C:\WINDOWS\System32\ucrtbase.dll:ucrtbase.dll (00007FFA2C280000), size: 1048576 (result: 0), SymType: '-deferred-', PDB: '', fileVersion: 10.0.19041.789
C:\WINDOWS\System32\USER32.dll:USER32.dll (00007FFA2CA10000), size: 1703936 (result: 0), SymType: '-deferred-', PDB: '', fileVersion: 10.0.19041.1151
C:\WINDOWS\System32\win32u.dll:win32u.dll (00007FFA2C4F0000), size: 139264 (result: 0), SymType: '-deferred-', PDB: '', fileVersion: 10.0.19041.1151
C:\WINDOWS\System32\GDI32.dll:GDI32.dll (00007FFA2E5F0000), size: 172032 (result: 0), SymType: '-deferred-', PDB: '', fileVersion: 10.0.19041.746
D:\Program Files\2020.3.6f1\Editor\optix.6.0.0.dll:optix.6.0.0.dll (00007FF9E6EB0000), size: 208896 (result: 0), SymType: '-deferred-', PDB: '', fileVersion: 6.0.0.0
D:\Program Files\2020.3.6f1\Editor\libfbxsdk.dll:libfbxsdk.dll (00007FF9901E0000), size: 8974336 (result: 0), SymType: '-deferred-', PDB: '', fileVersion: 2020.0.0.0
D:\Program Files\2020.3.6f1\Editor\OpenImageDenoise.dll:OpenImageDenoise.dll (00007FF96B620000), size: 43806720 (result: 0), SymType: '-deferred-', PDB: ''
C:\WINDOWS\System32\gdi32full.dll:gdi32full.dll (00007FFA2C0D0000), size: 1093632 (result: 0), SymType: '-deferred-', PDB: '', fileVersion: 10.0.19041.1110
C:\WINDOWS\System32\msvcp_win.dll:msvcp_win.dll (00007FFA2C1E0000), size: 643072 (result: 0), SymType: '-deferred-', PDB: '', fileVersion: 10.0.19041.789
C:\WINDOWS\System32\ADVAPI32.dll:ADVAPI32.dll (00007FFA2D380000), size: 704512 (result: 0), SymType: '-deferred-', PDB: '', fileVersion: 10.0.19041.1052
C:\WINDOWS\System32\msvcrt.dll:msvcrt.dll (00007FFA2D520000), size: 647168 (result: 0), SymType: '-deferred-', PDB: '', fileVersion: 7.0.19041.546
C:\WINDOWS\System32\sechost.dll:sechost.dll (00007FFA2CC80000), size: 634880 (result: 0), SymType: '-deferred-', PDB: '', fileVersion: 10.0.19041.906
C:\WINDOWS\System32\RPCRT4.dll:RPCRT4.dll (00007FFA2C730000), size: 1220608 (result: 0), SymType: '-deferred-', PDB: '', fileVersion: 10.0.19041.1081
C:\WINDOWS\System32\SHELL32.dll:SHELL32.dll (00007FFA2D940000), size: 7598080 (result: 0), SymType: '-deferred-', PDB: '', fileVersion: 10.0.19041.1151
C:\WINDOWS\System32\SHLWAPI.dll:SHLWAPI.dll (00007FFA2E590000), size: 348160 (result: 0), SymType: '-deferred-', PDB: '', fileVersion: 10.0.19041.1023
C:\WINDOWS\System32\ole32.dll:ole32.dll (00007FFA2D6B0000), size: 1220608 (result: 0), SymType: '-deferred-', PDB: '', fileVersion: 10.0.19041.746
C:\WINDOWS\System32\combase.dll:combase.dll (00007FFA2E080000), size: 3493888 (result: 0), SymType: '-deferred-', PDB: '', fileVersion: 10.0.19041.1081
C:\WINDOWS\System32\IMM32.dll:IMM32.dll (00007FFA2D670000), size: 196608 (result: 0), SymType: '-deferred-', PDB: '', fileVersion: 10.0.19041.546
C:\WINDOWS\System32\SETUPAPI.dll:SETUPAPI.dll (00007FFA2CE40000), size: 4661248 (result: 0), SymType: '-deferred-', PDB: '', fileVersion: 10.0.19041.1151
D:\Program Files\2020.3.6f1\Editor\umbraoptimizer64.dll:umbraoptimizer64.dll (00007FF9CEBF0000), size: 1306624 (result: 0), SymType: '-deferred-', PDB: ''
D:\Program Files\2020.3.6f1\Editor\FreeImage.dll:FreeImage.dll (0000000180000000), size: 6414336 (result: 0), SymType: '-deferred-', PDB: '', fileVersion: 3.18.0.0
D:\Program Files\2020.3.6f1\Editor\ispc_texcomp.dll:ispc_texcomp.dll (00007FF9C9790000), size: 1609728 (result: 0), SymType: '-deferred-', PDB: ''
C:\WINDOWS\System32\WS2_32.dll:WS2_32.dll (00007FFA2E620000), size: 438272 (result: 0), SymType: '-deferred-', PDB: '', fileVersion: 10.0.19041.546
C:\WINDOWS\System32\cfgmgr32.dll:cfgmgr32.dll (00007FFA2C680000), size: 319488 (result: 0), SymType: '-deferred-', PDB: '', fileVersion: 10.0.19041.1151
C:\WINDOWS\System32\WLDAP32.dll:WLDAP32.dll (00007FFA2D2C0000), size: 352256 (result: 0), SymType: '-deferred-', PDB: '', fileVersion: 10.0.19041.546
C:\WINDOWS\System32\bcrypt.dll:bcrypt.dll (00007FFA2C410000), size: 159744 (result: 0), SymType: '-deferred-', PDB: '', fileVersion: 10.0.19041.1023
C:\WINDOWS\System32\Normaliz.dll:Normaliz.dll (00007FFA2D460000), size: 32768 (result: 0), SymType: '-deferred-', PDB: '', fileVersion: 10.0.19041.546
C:\WINDOWS\System32\OLEAUT32.dll:OLEAUT32.dll (00007FFA2CBB0000), size: 839680 (result: 0), SymType: '-deferred-', PDB: '', fileVersion: 10.0.19041.985
C:\WINDOWS\System32\WINTRUST.dll:WINTRUST.dll (00007FFA2C6D0000), size: 393216 (result: 0), SymType: '-deferred-', PDB: '', fileVersion: 10.0.19041.1151
D:\Program Files\2020.3.6f1\Editor\WinPixEventRuntime.dll:WinPixEventRuntime.dll (00007FFA25EA0000), size: 45056 (result: 0), SymType: '-deferred-', PDB: '', fileVersion: 1.0.1812.6001
D:\Program Files\2020.3.6f1\Editor\tbb.dll:tbb.dll (00007FF9E0060000), size: 413696 (result: 0), SymType: '-deferred-', PDB: '', fileVersion: 2017.0.2016.1004
C:\WINDOWS\SYSTEM32\IPHLPAPI.DLL:IPHLPAPI.DLL (00007FFA2ABC0000), size: 241664 (result: 0), SymType: '-deferred-', PDB: '', fileVersion: 10.0.19041.546
C:\WINDOWS\SYSTEM32\OPENGL32.dll:OPENGL32.dll (00007FFA0A780000), size: 1200128 (result: 0), SymType: '-deferred-', PDB: '', fileVersion: 10.0.19041.1081
C:\WINDOWS\SYSTEM32\GLU32.dll:GLU32.dll (00007FFA0A4E0000), size: 180224 (result: 0), SymType: '-deferred-', PDB: '', fileVersion: 10.0.19041.1081
C:\WINDOWS\SYSTEM32\WINHTTP.dll:WINHTTP.dll (00007FFA1A020000), size: 1081344 (result: 0), SymType: '-deferred-', PDB: '', fileVersion: 10.0.19041.1151
D:\Program Files\2020.3.6f1\Editor\RadeonImageFilters.dll:RadeonImageFilters.dll (00007FF9BF8E0000), size: 2535424 (result: 0), SymType: '-deferred-', PDB: '', fileVersion: 1.5.1.0
C:\WINDOWS\SYSTEM32\VCRUNTIME140.dll:VCRUNTIME140.dll (00007FFA11930000), size: 110592 (result: 0), SymType: '-deferred-', PDB: '', fileVersion: 14.29.30038.0
C:\WINDOWS\SYSTEM32\WINMM.dll:WINMM.dll (00007FFA1ED00000), size: 159744 (result: 0), SymType: '-deferred-', PDB: '', fileVersion: 10.0.19041.546
C:\WINDOWS\SYSTEM32\HID.DLL:HID.DLL (00007FFA2A050000), size: 53248 (result: 0), SymType: '-deferred-', PDB: '', fileVersion: 10.0.19041.546
D:\Program Files\2020.3.6f1\Editor\SketchUpAPI.dll:SketchUpAPI.dll (00007FF98F950000), size: 8978432 (result: 0), SymType: '-deferred-', PDB: '', fileVersion: 19.0.753.0
C:\WINDOWS\SYSTEM32\VERSION.dll:VERSION.dll (00007FFA23190000), size: 40960 (result: 0), SymType: '-deferred-', PDB: '', fileVersion: 10.0.19041.546
C:\WINDOWS\SYSTEM32\CRYPTBASE.DLL:CRYPTBASE.DLL (00007FFA2B160000), size: 49152 (result: 0), SymType: '-deferred-', PDB: '', fileVersion: 10.0.19041.546
C:\WINDOWS\SYSTEM32\WSOCK32.dll:WSOCK32.dll (00007FFA0C310000), size: 36864 (result: 0), SymType: '-deferred-', PDB: '', fileVersion: 10.0.19041.1
C:\WINDOWS\SYSTEM32\MSVCP120.dll:MSVCP120.dll (00007FFA06B60000), size: 679936 (result: 0), SymType: '-deferred-', PDB: '', fileVersion: 12.0.21005.1
C:\WINDOWS\SYSTEM32\MSVCR120.dll:MSVCR120.dll (00007FFA0B220000), size: 978944 (result: 0), SymType: '-deferred-', PDB: '', fileVersion: 12.0.21005.1
D:\Program Files\2020.3.6f1\Editor\SketchUpCommonPreferences.dll:SketchUpCommonPreferences.dll (00007FF9D83F0000), size: 483328 (result: 0), SymType: '-deferred-', PDB: '', fileVersion: 19.0.753.20342
C:\WINDOWS\SYSTEM32\MSVCP140.dll:MSVCP140.dll (00007FF9D2660000), size: 577536 (result: 0), SymType: '-deferred-', PDB: '', fileVersion: 14.29.30038.0
C:\WINDOWS\SYSTEM32\Secur32.dll:Secur32.dll (00007FFA0CFB0000), size: 49152 (result: 0), SymType: '-deferred-', PDB: '', fileVersion: 10.0.19041.546
C:\WINDOWS\SYSTEM32\VCRUNTIME140_1.dll:VCRUNTIME140_1.dll (00007FF9F9B30000), size: 49152 (result: 0), SymType: '-deferred-', PDB: '', fileVersion: 14.29.30038.0
D:\Program Files\2020.3.6f1\Editor\OpenRL.dll:OpenRL.dll (0000021133F10000), size: 12779520 (result: 0), SymType: '-deferred-', PDB: '', fileVersion: 1.5.0.2907
C:\WINDOWS\SYSTEM32\MSWSOCK.DLL:MSWSOCK.DLL (00007FFA2B040000), size: 434176 (result: 0), SymType: '-deferred-', PDB: '', fileVersion: 10.0.19041.546
C:\WINDOWS\SYSTEM32\SSPICLI.DLL:SSPICLI.DLL (00007FFA2BCC0000), size: 200704 (result: 0), SymType: '-deferred-', PDB: '', fileVersion: 10.0.19041.906
D:\Program Files\2020.3.6f1\Editor\embree.dll:embree.dll (00007FF96A630000), size: 16711680 (result: 0), SymType: '-deferred-', PDB: '', fileVersion: 2.14.0.0
C:\WINDOWS\SYSTEM32\MSVCP100.dll:MSVCP100.dll (0000000064AB0000), size: 622592 (result: 0), SymType: '-deferred-', PDB: '', fileVersion: 10.0.40219.325
C:\WINDOWS\SYSTEM32\MSVCR100.dll:MSVCR100.dll (00000000623E0000), size: 860160 (result: 0), SymType: '-deferred-', PDB: '', fileVersion: 10.0.40219.325
D:\Program Files\2020.3.6f1\Editor\OpenRL_pthread.dll:OpenRL_pthread.dll (0000021134B60000), size: 61440 (result: 0), SymType: '-deferred-', PDB: '', fileVersion: 2.9.0.0
C:\WINDOWS\SYSTEM32\MSASN1.dll:MSASN1.dll (00007FFA2B5B0000), size: 73728 (result: 0), SymType: '-deferred-', PDB: '', fileVersion: 10.0.19041.546
C:\WINDOWS\SYSTEM32\kernel.appcore.dll:kernel.appcore.dll (00007FFA2A030000), size: 73728 (result: 0), SymType: '-deferred-', PDB: '', fileVersion: 10.0.19041.546
C:\WINDOWS\System32\bcryptPrimitives.dll:bcryptPrimitives.dll (00007FFA2C380000), size: 536576 (result: 0), SymType: '-deferred-', PDB: '', fileVersion: 10.0.19041.1023
C:\WINDOWS\system32\uxtheme.dll:uxtheme.dll (00007FFA28990000), size: 647168 (result: 0), SymType: '-deferred-', PDB: '', fileVersion: 10.0.19041.1081
C:\WINDOWS\System32\shcore.dll:shcore.dll (00007FFA2D5C0000), size: 712704 (result: 0), SymType: '-deferred-', PDB: '', fileVersion: 10.0.19041.1023
C:\WINDOWS\SYSTEM32\windows.storage.dll:windows.storage.dll (00007FFA296E0000), size: 7929856 (result: 0), SymType: '-deferred-', PDB: '', fileVersion: 10.0.19041.1151
C:\WINDOWS\SYSTEM32\Wldp.dll:Wldp.dll (00007FFA2B170000), size: 180224 (result: 0), SymType: '-deferred-', PDB: '', fileVersion: 10.0.19041.662
C:\WINDOWS\SYSTEM32\profapi.dll:profapi.dll (00007FFA2BD40000), size: 126976 (result: 0), SymType: '-deferred-', PDB: '', fileVersion: 10.0.19041.844
C:\WINDOWS\System32\clbcatq.dll:clbcatq.dll (00007FFA2D470000), size: 692224 (result: 0), SymType: '-deferred-', PDB: '', fileVersion: 2001.12.10941.16384
C:\WINDOWS\System32\netprofm.dll:netprofm.dll (00007FFA26B30000), size: 253952 (result: 0), SymType: '-deferred-', PDB: '', fileVersion: 10.0.19041.906
C:\WINDOWS\System32\npmproxy.dll:npmproxy.dll (00007FFA19FF0000), size: 65536 (result: 0), SymType: '-deferred-', PDB: '', fileVersion: 10.0.19041.906
C:\WINDOWS\System32\NSI.dll:NSI.dll (00007FFA2D450000), size: 32768 (result: 0), SymType: '-deferred-', PDB: '', fileVersion: 10.0.19041.610
C:\WINDOWS\SYSTEM32\dhcpcsvc6.DLL:dhcpcsvc6.DLL (00007FFA243F0000), size: 94208 (result: 0), SymType: '-deferred-', PDB: '', fileVersion: 10.0.19041.546
C:\WINDOWS\SYSTEM32\dhcpcsvc.DLL:dhcpcsvc.DLL (00007FFA24180000), size: 118784 (result: 0), SymType: '-deferred-', PDB: '', fileVersion: 10.0.19041.546
C:\WINDOWS\SYSTEM32\DNSAPI.dll:DNSAPI.dll (00007FFA2AC00000), size: 835584 (result: 0), SymType: '-deferred-', PDB: '', fileVersion: 10.0.19041.1151
C:\WINDOWS\System32\fwpuclnt.dll:fwpuclnt.dll (00007FFA1EC80000), size: 520192 (result: 0), SymType: '-deferred-', PDB: '', fileVersion: 10.0.19041.1081
C:\Windows\System32\rasadhlp.dll:rasadhlp.dll (00007FFA21110000), size: 40960 (result: 0), SymType: '-deferred-', PDB: '', fileVersion: 10.0.19041.546
C:\WINDOWS\SYSTEM32\d3d11.dll:d3d11.dll (00007FFA270B0000), size: 2506752 (result: 0), SymType: '-deferred-', PDB: '', fileVersion: 10.0.19041.746
C:\WINDOWS\SYSTEM32\dxgi.dll:dxgi.dll (00007FFA2A0B0000), size: 999424 (result: 0), SymType: '-deferred-', PDB: '', fileVersion: 10.0.19041.964
C:\WINDOWS\System32\DriverStore\FileRepository\nvdmi.inf_amd64_1b1945a65bb04564\nvldumdx.dll:nvldumdx.dll (00007FFA20E30000), size: 1069056 (result: 0), SymType: '-deferred-', PDB: '', fileVersion: 27.21.14.6647
C:\WINDOWS\SYSTEM32\cryptnet.dll:cryptnet.dll (00007FFA23040000), size: 200704 (result: 0), SymType: '-deferred-', PDB: '', fileVersion: 10.0.19041.906
C:\WINDOWS\System32\imagehlp.dll:imagehlp.dll (00007FFA2D430000), size: 118784 (result: 0), SymType: '-deferred-', PDB: '', fileVersion: 10.0.19041.546
C:\WINDOWS\SYSTEM32\CRYPTSP.dll:CRYPTSP.dll (00007FFA2BB80000), size: 98304 (result: 0), SymType: '-deferred-', PDB: '', fileVersion: 10.0.19041.546
C:\WINDOWS\system32\rsaenh.dll:rsaenh.dll (00007FFA2A870000), size: 212992 (result: 0), SymType: '-deferred-', PDB: '', fileVersion: 10.0.19041.1052
C:\WINDOWS\System32\DriverStore\FileRepository\nvdmi.inf_amd64_1b1945a65bb04564\nvwgf2umx.dll:nvwgf2umx.dll (00007FF9D3A50000), size: 74567680 (result: 0), SymType: '-deferred-', PDB: '', fileVersion: 27.21.14.6647
C:\WINDOWS\system32\nvspcap64.dll:nvspcap64.dll (00007FF9E1E20000), size: 2875392 (result: 0), SymType: '-deferred-', PDB: '', fileVersion: 3.22.0.32
C:\WINDOWS\SYSTEM32\ntmarta.dll:ntmarta.dll (00007FFA2BB40000), size: 208896 (result: 0), SymType: '-deferred-', PDB: '', fileVersion: 10.0.19041.546
C:\WINDOWS\SYSTEM32\dxcore.dll:dxcore.dll (00007FFA26400000), size: 241664 (result: 0), SymType: '-deferred-', PDB: '', fileVersion: 10.0.19041.546
C:\WINDOWS\system32\wbem\wbemprox.dll:wbemprox.dll (00007FFA1D3C0000), size: 69632 (result: 0), SymType: '-deferred-', PDB: '', fileVersion: 10.0.19041.1081
C:\WINDOWS\SYSTEM32\wbemcomn.dll:wbemcomn.dll (00007FFA1A840000), size: 598016 (result: 0), SymType: '-deferred-', PDB: '', fileVersion: 10.0.19041.1081
C:\WINDOWS\system32\wbem\wbemsvc.dll:wbemsvc.dll (00007FFA1A5E0000), size: 81920 (result: 0), SymType: '-deferred-', PDB: '', fileVersion: 10.0.19041.1081
C:\WINDOWS\system32\wbem\fastprox.dll:fastprox.dll (00007FFA1A600000), size: 1093632 (result: 0), SymType: '-deferred-', PDB: '', fileVersion: 10.0.19041.546
C:\WINDOWS\SYSTEM32\amsi.dll:amsi.dll (00007FFA10270000), size: 102400 (result: 0), SymType: '-deferred-', PDB: '', fileVersion: 10.0.19041.746
C:\WINDOWS\SYSTEM32\USERENV.dll:USERENV.dll (00007FFA2BD00000), size: 188416 (result: 0), SymType: '-deferred-', PDB: '', fileVersion: 10.0.19041.572
C:\Program Files\McAfee\MfeAV\AMSIExt.dll:AMSIExt.dll (00007FF9576C0000), size: 937984 (result: 0), SymType: '-deferred-', PDB: '', fileVersion: 25.0.134.0
C:\WINDOWS\System32\PSAPI.DLL:PSAPI.DLL (00007FFA2D6A0000), size: 32768 (result: 0), SymType: '-deferred-', PDB: '', fileVersion: 10.0.19041.546
D:\Program Files\2020.3.6f1\Editor\cudart64_90.dll:cudart64_90.dll (00007FF9E31C0000), size: 397312 (result: 0), SymType: '-deferred-', PDB: '', fileVersion: 6.14.11.9000
C:\WINDOWS\SYSTEM32\opencl.dll:opencl.dll (00007FF9B8440000), size: 1462272 (result: 0), SymType: '-deferred-', PDB: '', fileVersion: 3.0.1.0
D:\Program Files\2020.3.6f1\Editor\radeonrays.dll:radeonrays.dll (00007FF9BD2A0000), size: 552960 (result: 0), SymType: '-deferred-', PDB: ''
D:\Program Files\2020.3.6f1\Editor\Data\MonoBleedingEdge\EmbedRuntime\mono-2.0-bdwgc.dll:mono-2.0-bdwgc.dll (00007FF99D4F0000), size: 7790592 (result: 0), SymType: '-deferred-', PDB: ''
C:\ProgramData\Microsoft\VisualStudio\Setup\x64\Microsoft.VisualStudio.Setup.Configuration.Native.dll:Microsoft.VisualStudio.Setup.Configuration.Native.dll (00007FF9BB4B0000), size: 327680 (result: 0), SymType: '-deferred-', PDB: '', fileVersion: 2.7.3111.17308
C:\WINDOWS\SYSTEM32\PROPSYS.dll:PROPSYS.dll (00007FFA29370000), size: 1007616 (result: 0), SymType: '-deferred-', PDB: '', fileVersion: 7.0.19041.1023
C:\WINDOWS\WinSxS\amd64_microsoft.windows.common-controls_6595b64144ccf1df_6.0.19041.1110_none_60b5254171f9507e\comctl32.dll:comctl32.dll (00007FFA2B1E0000), size: 2727936 (result: 0), SymType: '-deferred-', PDB: '', fileVersion: 6.10.19041.1110
C:\WINDOWS\SYSTEM32\WindowsCodecs.dll:WindowsCodecs.dll (00007FFA24410000), size: 1785856 (result: 0), SymType: '-deferred-', PDB: '', fileVersion: 10.0.19041.1151
C:\Windows\System32\thumbcache.dll:thumbcache.dll (00007FF9F1A30000), size: 417792 (result: 0), SymType: '-deferred-', PDB: '', fileVersion: 10.0.19041.1151
C:\WINDOWS\SYSTEM32\policymanager.dll:policymanager.dll (00007FFA25FB0000), size: 655360 (result: 0), SymType: '-deferred-', PDB: '', fileVersion: 10.0.19041.1151
C:\WINDOWS\SYSTEM32\msvcp110_win.dll:msvcp110_win.dll (00007FFA2A900000), size: 565248 (result: 0), SymType: '-deferred-', PDB: '', fileVersion: 10.0.19041.546
C:\Windows\System32\MrmCoreR.dll:MrmCoreR.dll (00007FFA20F40000), size: 1003520 (result: 0), SymType: '-deferred-', PDB: '', fileVersion: 10.0.19041.1023
C:\Windows\System32\iertutil.dll:iertutil.dll (00007FFA1F2C0000), size: 2818048 (result: 0), SymType: '-deferred-', PDB: '', fileVersion: 11.0.19041.1081
C:\WINDOWS\SYSTEM32\windows.staterepositorycore.dll:windows.staterepositorycore.dll (00007FFA0FA00000), size: 69632 (result: 0), SymType: '-deferred-', PDB: '', fileVersion: 10.0.19041.844
C:\Windows\System32\bcp47mrm.dll:bcp47mrm.dll (00007FFA20980000), size: 184320 (result: 0), SymType: '-deferred-', PDB: '', fileVersion: 10.0.19041.867
C:\Windows\System32\Windows.UI.dll:Windows.UI.dll (00007FFA20CE0000), size: 1314816 (result: 0), SymType: '-deferred-', PDB: '', fileVersion: 10.0.19041.746
C:\Windows\System32\WindowManagementAPI.dll:WindowManagementAPI.dll (00007FFA24630000), size: 659456 (result: 0), SymType: '-deferred-', PDB: ''
C:\Windows\System32\InputHost.dll:InputHost.dll (00007FFA20A80000), size: 1384448 (result: 0), SymType: '-deferred-', PDB: '', fileVersion: 10.0.19041.906
C:\Windows\System32\TextInputFramework.dll:TextInputFramework.dll (00007FFA20BE0000), size: 1019904 (result: 0), SymType: '-deferred-', PDB: '', fileVersion: 10.0.19041.1151
C:\WINDOWS\SYSTEM32\twinapi.appcore.dll:twinapi.appcore.dll (00007FFA24F20000), size: 2101248 (result: 0), SymType: '-deferred-', PDB: '', fileVersion: 10.0.19041.964
C:\WINDOWS\SYSTEM32\wintypes.dll:wintypes.dll (00007FFA26F50000), size: 1392640 (result: 0), SymType: '-deferred-', PDB: '', fileVersion: 10.0.19041.1081
C:\Windows\System32\CoreMessaging.dll:CoreMessaging.dll (00007FFA28610000), size: 991232 (result: 0), SymType: '-deferred-', PDB: '', fileVersion: 10.0.19041.746
C:\Windows\System32\CoreUIComponents.dll:CoreUIComponents.dll (00007FFA27F30000), size: 3530752 (result: 0), SymType: '-deferred-', PDB: '', fileVersion: 10.0.19041.546
C:\WINDOWS\WinSxS\amd64_microsoft.windows.gdiplus_6595b64144ccf1df_1.1.19041.1151_none_91a40286cc884949\gdiplus.dll:gdiplus.dll (00007FFA10E50000), size: 1740800 (result: 0), SymType: '-deferred-', PDB: '', fileVersion: 10.0.19041.1151
C:\WINDOWS\System32\MSCTF.dll:MSCTF.dll (00007FFA2CD20000), size: 1134592 (result: 0), SymType: '-deferred-', PDB: '', fileVersion: 10.0.19041.1081
C:\WINDOWS\SYSTEM32\edputil.dll:edputil.dll (00007FF9F19D0000), size: 147456 (result: 0), SymType: '-deferred-', PDB: '', fileVersion: 10.0.19041.546
C:\Windows\System32\Windows.StateRepositoryPS.dll:Windows.StateRepositoryPS.dll (00007FFA0E5C0000), size: 1335296 (result: 0), SymType: '-deferred-', PDB: '', fileVersion: 10.0.19041.844
C:\WINDOWS\SYSTEM32\dbghelp.dll:dbghelp.dll (00007FFA2B7A0000), size: 1982464 (result: 0), SymType: '-deferred-', PDB: '', fileVersion: 10.0.19041.867

========== OUTPUTTING STACK TRACE ==================

0x00007FFA2BE34ED9 (KERNELBASE) RaiseException
0x00007FF74F2EB19D (Unity) EditorMonoConsole::LogToConsoleImplementation
0x00007FF74F2EC0EA (Unity) EditorMonoConsole::LogToConsoleImplementation
0x00007FF750EAE1FE (Unity) DebugStringToFilePostprocessedStacktrace
0x00007FF750EAD7AF (Unity) DebugStringToFile
0x00007FF74CE23DC3 (Unity) CallbackArraySubBase<void (__cdecl*)(MemoryManager::AllocationLogDetails const & __ptr64)>::Register
0x00007FF74FABCD49 (Unity) LoadDomainAndUserAssemblies
0x00007FF74FABD1FE (Unity) LoadUserAssemblies
0x00007FF74FEF2308 (Unity) <lambda_79a3ebc38cb5166d44d10a16a21fca24>::operator()
0x00007FF74FFBD662 (Unity) asio::detail::completion_handler<core::mutable_function<void __cdecl(void)> >::do_complete
0x00007FF74FFBF7C0 (Unity) asio::detail::win_iocp_io_service::do_one
0x00007FF74FFC2F4E (Unity) asio::io_service::run
0x00007FF74FF38FD0 (Unity) RunAssetImportWorkerClientV2
0x00007FF74FF39020 (Unity) RunAssetImporterV2
0x00007FF74F444266 (Unity) Application::InitializeProject
0x00007FF74FDC4BB2 (Unity) WinMain
0x00007FF751C42A36 (Unity) __scrt_common_main_seh
0x00007FFA2E4E7034 (KERNEL32) BaseThreadInitThunk
0x00007FFA2E722651 (ntdll) RtlUserThreadStart

========== END OF STACKTRACE ===========

A crash has been intercepted by the crash handler. For call stack and other details, see the latest crash report generated in:
 * C:/Users/apupp/AppData/Local/Temp/Unity/Editor/Crashes
