Using pre-set license
Built from '2020.3/staging' branch; Version is '2020.3.6f1 (338bb68529b2) revision 3378102'; Using compiler version '192528614'; Build Type 'Release'
OS: 'Windows 10 Home; OS build 19042.1165; Version 2009; 64bit' Language: 'en' Physical Memory: 32633 MB
BatchMode: 1, IsHumanControllingUs: 0, StartBugReporterOnCrash: 0, Is64bit: 1, IsPro: 0

 COMMAND LINE ARGUMENTS:
D:\Program Files\2020.3.6f1\Editor\Unity.exe
-adb2
-batchMode
-noUpm
-name
AssetImportWorker0
-projectPath
D:/Documents/Unity Projects/Thestral Online
-logFile
Logs/AssetImportWorker0.log
-srvPort
61190
Successfully changed project path to: D:/Documents/Unity Projects/Thestral Online
D:/Documents/Unity Projects/Thestral Online
Using Asset Import Pipeline V2.
Refreshing native plugins compatible for Editor in 38.64 ms, found 0 plugins.
Preloading 0 native plugins for Editor in 0.00 ms.
Initialize engine version: 2020.3.6f1 (338bb68529b2)
[Subsystems] Discovering subsystems at path D:/Program Files/2020.3.6f1/Editor/Data/Resources/UnitySubsystems
[Subsystems] Discovering subsystems at path D:/Documents/Unity Projects/Thestral Online/Assets
GfxDevice: creating device client; threaded=0
Direct3D:
    Version:  Direct3D 11.0 [level 11.1]
    Renderer: NVIDIA GeForce GTX 1060 with Max-Q Design (ID=0x1c20)
    Vendor:   
    VRAM:     6052 MB
    Driver:   27.21.14.6647
Initialize mono
Mono path[0] = 'D:/Program Files/2020.3.6f1/Editor/Data/Managed'
Mono path[1] = 'D:/Program Files/2020.3.6f1/Editor/Data/MonoBleedingEdge/lib/mono/unityjit'
Mono config path = 'D:/Program Files/2020.3.6f1/Editor/Data/MonoBleedingEdge/etc'
Using monoOptions --debugger-agent=transport=dt_socket,embedding=1,server=y,suspend=n,address=127.0.0.1:56008
Begin MonoManager ReloadAssembly
Registering precompiled unity dll's ...
Register platform support module: D:/Program Files/2020.3.6f1/Editor/Data/PlaybackEngines/MacStandaloneSupport/UnityEditor.OSXStandalone.Extensions.dll
Register platform support module: D:/Program Files/2020.3.6f1/Editor/Data/PlaybackEngines/WindowsStandaloneSupport/UnityEditor.WindowsStandalone.Extensions.dll
Register platform support module: D:/Program Files/2020.3.6f1/Editor/Data/PlaybackEngines/LinuxStandaloneSupport/UnityEditor.LinuxStandalone.Extensions.dll
Registered in 0.002564 seconds.
Native extension for LinuxStandalone target not found
Native extension for WindowsStandalone target not found
Native extension for OSXStandalone target not found
Refreshing native plugins compatible for Editor in 33.27 ms, found 0 plugins.
Preloading 0 native plugins for Editor in 0.00 ms.
Mono: successfully reloaded assembly
- Completed reload, in  1.375 seconds
Platform modules already initialized, skipping
Registering precompiled user dll's ...
Registered in 0.000888 seconds.
Begin MonoManager ReloadAssembly
Native extension for LinuxStandalone target not found
Native extension for WindowsStandalone target not found
Native extension for OSXStandalone target not found
Refreshing native plugins compatible for Editor in 0.40 ms, found 0 plugins.
Preloading 0 native plugins for Editor in 0.00 ms.
Mono: successfully reloaded assembly
- Completed reload, in  1.099 seconds
Platform modules already initialized, skipping
========================================================================
Worker process is ready to serve import requests
Launched and connected shader compiler UnityShaderCompiler.exe after 0.08 seconds
Refreshing native plugins compatible for Editor in 0.28 ms, found 0 plugins.
Preloading 0 native plugins for Editor in 0.00 ms.
Unloading 1245 Unused Serialized files (Serialized files now loaded: 0)
System memory in use before: 61.8 MB.
System memory in use after: 61.9 MB.

Unloading 13 unused Assets to reduce memory usage. Loaded Objects now: 1694.
Total: 2.224200 ms (FindLiveObjects: 0.160000 ms CreateObjectMapping: 0.044000 ms MarkObjects: 1.906000 ms  DeleteObjects: 0.113200 ms)

========================================================================
Received Import Request.
  path: Assets/Media/Sprites/tilesets/tile_palettes/dungeon_test.prefab
  artifactKey: Guid(78b9e4b96f0ad4347adcd2ac18feee19) Importer(815301076,1909f56bfc062723c751e8b465ee728b)
Start importing Assets/Media/Sprites/tilesets/tile_palettes/dungeon_test.prefab using Guid(78b9e4b96f0ad4347adcd2ac18feee19) Importer(815301076,1909f56bfc062723c751e8b465ee728b)  -> (artifact id: '15116abe15fd230134b500c20285df5a') in 0.075697 seconds
  Import took 0.078525 seconds .

========================================================================
Received Import Request.
  Time since last request: 36.029882 seconds.
  path: ProjectSettings/TagManager.asset
  artifactKey: Guid(00000000000000003000000000000000) Importer(815301076,1909f56bfc062723c751e8b465ee728b)
Start importing ProjectSettings/TagManager.asset using Guid(00000000000000003000000000000000) Importer(815301076,1909f56bfc062723c751e8b465ee728b)  -> (artifact id: '7960a73919d8baa12bca0e2fc225c862') in 0.006556 seconds
  Import took 0.009789 seconds .

========================================================================
Received Import Request.
  Time since last request: 0.004240 seconds.
  path: ProjectSettings/TagManager.asset
  artifactKey: Guid(00000000000000003000000000000000) Importer(815301076,1909f56bfc062723c751e8b465ee728b)
Start importing ProjectSettings/TagManager.asset using Guid(00000000000000003000000000000000) Importer(815301076,1909f56bfc062723c751e8b465ee728b)  -> (artifact id: '7960a73919d8baa12bca0e2fc225c862') in 0.003788 seconds
  Import took 0.006125 seconds .

========================================================================
Received Prepare
Refreshing native plugins compatible for Editor in 0.87 ms, found 0 plugins.
Preloading 0 native plugins for Editor in 0.00 ms.
Unloading 3 Unused Serialized files (Serialized files now loaded: 0)
System memory in use before: 37.1 MB.
System memory in use after: 37.2 MB.

Unloading 4 unused Assets to reduce memory usage. Loaded Objects now: 1694.
Total: 2.588100 ms (FindLiveObjects: 0.138000 ms CreateObjectMapping: 0.039400 ms MarkObjects: 2.380600 ms  DeleteObjects: 0.028800 ms)

========================================================================
Received Prepare
Registering precompiled user dll's ...
Registered in 0.000988 seconds.
Begin MonoManager ReloadAssembly
Native extension for LinuxStandalone target not found
Native extension for WindowsStandalone target not found
Native extension for OSXStandalone target not found
Refreshing native plugins compatible for Editor in 0.23 ms, found 0 plugins.
Preloading 0 native plugins for Editor in 0.00 ms.
Mono: successfully reloaded assembly
- Completed reload, in  1.103 seconds
Platform modules already initialized, skipping
Refreshing native plugins compatible for Editor in 0.29 ms, found 0 plugins.
Preloading 0 native plugins for Editor in 0.00 ms.
Unloading 1239 Unused Serialized files (Serialized files now loaded: 0)
System memory in use before: 61.7 MB.
System memory in use after: 61.8 MB.

Unloading 4 unused Assets to reduce memory usage. Loaded Objects now: 1697.
Total: 3.047200 ms (FindLiveObjects: 0.258300 ms CreateObjectMapping: 0.071700 ms MarkObjects: 2.688300 ms  DeleteObjects: 0.026300 ms)

========================================================================
Received Prepare
Registering precompiled user dll's ...
Registered in 0.000965 seconds.
Begin MonoManager ReloadAssembly
Native extension for LinuxStandalone target not found
Native extension for WindowsStandalone target not found
Native extension for OSXStandalone target not found
Refreshing native plugins compatible for Editor in 0.23 ms, found 0 plugins.
Preloading 0 native plugins for Editor in 0.00 ms.
Mono: successfully reloaded assembly
- Completed reload, in  1.044 seconds
Platform modules already initialized, skipping
Refreshing native plugins compatible for Editor in 0.28 ms, found 0 plugins.
Preloading 0 native plugins for Editor in 0.00 ms.
Unloading 1239 Unused Serialized files (Serialized files now loaded: 0)
System memory in use before: 61.7 MB.
System memory in use after: 61.8 MB.

Unloading 4 unused Assets to reduce memory usage. Loaded Objects now: 1700.
Total: 2.738800 ms (FindLiveObjects: 0.249700 ms CreateObjectMapping: 0.059800 ms MarkObjects: 2.408400 ms  DeleteObjects: 0.018500 ms)

========================================================================
Received Prepare
Registering precompiled user dll's ...
Registered in 0.001409 seconds.
Begin MonoManager ReloadAssembly
Native extension for LinuxStandalone target not found
Native extension for WindowsStandalone target not found
Native extension for OSXStandalone target not found
Refreshing native plugins compatible for Editor in 0.35 ms, found 0 plugins.
Preloading 0 native plugins for Editor in 0.00 ms.
Mono: successfully reloaded assembly
- Completed reload, in  1.492 seconds
Platform modules already initialized, skipping
Refreshing native plugins compatible for Editor in 0.44 ms, found 0 plugins.
Preloading 0 native plugins for Editor in 0.00 ms.
Unloading 1239 Unused Serialized files (Serialized files now loaded: 0)
System memory in use before: 61.8 MB.
System memory in use after: 61.9 MB.

Unloading 4 unused Assets to reduce memory usage. Loaded Objects now: 1703.
Total: 3.070400 ms (FindLiveObjects: 0.226800 ms CreateObjectMapping: 0.089400 ms MarkObjects: 2.724800 ms  DeleteObjects: 0.027000 ms)

========================================================================
Received Import Request.
  Time since last request: 1319.756585 seconds.
  path: Assets/Resources/Spawnable Entities/Universal/Player.prefab
  artifactKey: Guid(93f4c8f1b698f7942ada7e5d5b601da1) Importer(815301076,1909f56bfc062723c751e8b465ee728b)
Start importing Assets/Resources/Spawnable Entities/Universal/Player.prefab using Guid(93f4c8f1b698f7942ada7e5d5b601da1) Importer(815301076,1909f56bfc062723c751e8b465ee728b)  -> (artifact id: '5961fcef0def25fc608d1e628f177ff3') in 0.154037 seconds
  Import took 0.158182 seconds .

========================================================================
Received Import Request.
  Time since last request: 1.918216 seconds.
  path: Assets/Resources/Spawnable Entities/Universal/Player.prefab
  artifactKey: Guid(93f4c8f1b698f7942ada7e5d5b601da1) Importer(815301076,1909f56bfc062723c751e8b465ee728b)
Start importing Assets/Resources/Spawnable Entities/Universal/Player.prefab using Guid(93f4c8f1b698f7942ada7e5d5b601da1) Importer(815301076,1909f56bfc062723c751e8b465ee728b)  -> (artifact id: '00b0dfb901dd297d538e5e485ba6e508') in 0.019433 seconds
  Import took 0.024045 seconds .

========================================================================
Received Import Request.
  Time since last request: 0.002609 seconds.
  path: Assets/Resources/Spawnable Entities/Universal/Player.prefab
  artifactKey: Guid(93f4c8f1b698f7942ada7e5d5b601da1) Importer(815301076,1909f56bfc062723c751e8b465ee728b)
Start importing Assets/Resources/Spawnable Entities/Universal/Player.prefab using Guid(93f4c8f1b698f7942ada7e5d5b601da1) Importer(815301076,1909f56bfc062723c751e8b465ee728b)  -> (artifact id: '00b0dfb901dd297d538e5e485ba6e508') in 0.019570 seconds
  Import took 0.023235 seconds .

========================================================================
Received Import Request.
  Time since last request: 2.178644 seconds.
  path: Assets/Resources/Spawnable Entities/Universal/Player.prefab
  artifactKey: Guid(93f4c8f1b698f7942ada7e5d5b601da1) Importer(815301076,1909f56bfc062723c751e8b465ee728b)
Start importing Assets/Resources/Spawnable Entities/Universal/Player.prefab using Guid(93f4c8f1b698f7942ada7e5d5b601da1) Importer(815301076,1909f56bfc062723c751e8b465ee728b)  -> (artifact id: 'ed9f744968fe3acb4a033d2d6e01a453') in 0.019966 seconds
  Import took 0.023342 seconds .

========================================================================
Received Import Request.
  Time since last request: 1.073714 seconds.
  path: Assets/Resources/Spawnable Entities/Universal/Player.prefab
  artifactKey: Guid(93f4c8f1b698f7942ada7e5d5b601da1) Importer(815301076,1909f56bfc062723c751e8b465ee728b)
Start importing Assets/Resources/Spawnable Entities/Universal/Player.prefab using Guid(93f4c8f1b698f7942ada7e5d5b601da1) Importer(815301076,1909f56bfc062723c751e8b465ee728b)  -> (artifact id: '43ca2cd8e1dd209f1e099fc6eeb5e9d1') in 0.017327 seconds
  Import took 0.020644 seconds .

========================================================================
Received Import Request.
  Time since last request: 6.163389 seconds.
  path: ProjectSettings/TagManager.asset
  artifactKey: Guid(00000000000000003000000000000000) Importer(815301076,1909f56bfc062723c751e8b465ee728b)
Start importing ProjectSettings/TagManager.asset using Guid(00000000000000003000000000000000) Importer(815301076,1909f56bfc062723c751e8b465ee728b)  -> (artifact id: '0628414e096b3b96f4f69b875f1fdb5d') in 0.003057 seconds
  Import took 0.005499 seconds .

========================================================================
Received Import Request.
  Time since last request: 0.005746 seconds.
  path: ProjectSettings/TagManager.asset
  artifactKey: Guid(00000000000000003000000000000000) Importer(815301076,1909f56bfc062723c751e8b465ee728b)
Start importing ProjectSettings/TagManager.asset using Guid(00000000000000003000000000000000) Importer(815301076,1909f56bfc062723c751e8b465ee728b)  -> (artifact id: '0628414e096b3b96f4f69b875f1fdb5d') in 0.003772 seconds
  Import took 0.007047 seconds .

========================================================================
Received Import Request.
  Time since last request: 9.269660 seconds.
  path: Assets/Resources/Spawnable Entities/Universal/Player.prefab
  artifactKey: Guid(93f4c8f1b698f7942ada7e5d5b601da1) Importer(815301076,1909f56bfc062723c751e8b465ee728b)
Start importing Assets/Resources/Spawnable Entities/Universal/Player.prefab using Guid(93f4c8f1b698f7942ada7e5d5b601da1) Importer(815301076,1909f56bfc062723c751e8b465ee728b)  -> (artifact id: 'dc4481e506319eb1695047c879c4df8f') in 0.022083 seconds
  Import took 0.026124 seconds .

========================================================================
Received Prepare
Registering precompiled user dll's ...
Registered in 0.000943 seconds.
Begin MonoManager ReloadAssembly
Native extension for LinuxStandalone target not found
Native extension for WindowsStandalone target not found
Native extension for OSXStandalone target not found
Refreshing native plugins compatible for Editor in 0.23 ms, found 0 plugins.
Preloading 0 native plugins for Editor in 0.00 ms.
Mono: successfully reloaded assembly
- Completed reload, in  1.084 seconds
Platform modules already initialized, skipping
Refreshing native plugins compatible for Editor in 0.44 ms, found 0 plugins.
Preloading 0 native plugins for Editor in 0.00 ms.
Unloading 1239 Unused Serialized files (Serialized files now loaded: 0)
System memory in use before: 65.0 MB.
System memory in use after: 65.0 MB.

Unloading 6 unused Assets to reduce memory usage. Loaded Objects now: 1713.
Total: 2.327200 ms (FindLiveObjects: 0.149200 ms CreateObjectMapping: 0.045500 ms MarkObjects: 2.110200 ms  DeleteObjects: 0.021300 ms)

========================================================================
Received Import Request.
  Time since last request: 48.994413 seconds.
  path: Assets/Scripts/EntityMove.cs
  artifactKey: Guid(5f96598dbe1b11440b3ab5927f10a74f) Importer(815301076,1909f56bfc062723c751e8b465ee728b)
Start importing Assets/Scripts/EntityMove.cs using Guid(5f96598dbe1b11440b3ab5927f10a74f) Importer(815301076,1909f56bfc062723c751e8b465ee728b)  -> (artifact id: '9bd72661fbed01c9526cf70e72a06dd7') in 0.110290 seconds
  Import took 0.113918 seconds .

========================================================================
Received Prepare
Registering precompiled user dll's ...
Registered in 0.001580 seconds.
Begin MonoManager ReloadAssembly
Native extension for LinuxStandalone target not found
Native extension for WindowsStandalone target not found
Native extension for OSXStandalone target not found
Refreshing native plugins compatible for Editor in 0.27 ms, found 0 plugins.
Preloading 0 native plugins for Editor in 0.00 ms.
Mono: successfully reloaded assembly
- Completed reload, in  1.283 seconds
Platform modules already initialized, skipping
Refreshing native plugins compatible for Editor in 0.40 ms, found 0 plugins.
Preloading 0 native plugins for Editor in 0.00 ms.
Unloading 1239 Unused Serialized files (Serialized files now loaded: 0)
System memory in use before: 65.0 MB.
System memory in use after: 65.1 MB.

Unloading 4 unused Assets to reduce memory usage. Loaded Objects now: 1716.
Total: 1.838400 ms (FindLiveObjects: 0.149800 ms CreateObjectMapping: 0.042500 ms MarkObjects: 1.628000 ms  DeleteObjects: 0.016500 ms)

========================================================================
Received Import Request.
  Time since last request: 70.693552 seconds.
  path: Assets/Scripts/EntityMove.cs
  artifactKey: Guid(5f96598dbe1b11440b3ab5927f10a74f) Importer(815301076,1909f56bfc062723c751e8b465ee728b)
Start importing Assets/Scripts/EntityMove.cs using Guid(5f96598dbe1b11440b3ab5927f10a74f) Importer(815301076,1909f56bfc062723c751e8b465ee728b)  -> (artifact id: '4eed6b39792c18ebe265237a05029762') in 0.005085 seconds
  Import took 0.007386 seconds .

========================================================================
Received Import Request.
  Time since last request: 198.942830 seconds.
  path: Assets/Scenes/TestAreaScene.unity
  artifactKey: Guid(94e189c0c902d9d41b85d1d7b35a0e33) Importer(815301076,1909f56bfc062723c751e8b465ee728b)
Start importing Assets/Scenes/TestAreaScene.unity using Guid(94e189c0c902d9d41b85d1d7b35a0e33) Importer(815301076,1909f56bfc062723c751e8b465ee728b)  -> (artifact id: 'a21b94e58d19ad45f1951f4c07e85d44') in 0.012261 seconds
  Import took 0.015033 seconds .

========================================================================
Received Prepare
Registering precompiled user dll's ...
Registered in 0.001594 seconds.
Begin MonoManager ReloadAssembly
Native extension for LinuxStandalone target not found
Native extension for WindowsStandalone target not found
Native extension for OSXStandalone target not found
Refreshing native plugins compatible for Editor in 0.39 ms, found 0 plugins.
Preloading 0 native plugins for Editor in 0.00 ms.
Mono: successfully reloaded assembly
- Completed reload, in  1.038 seconds
Platform modules already initialized, skipping
Refreshing native plugins compatible for Editor in 0.25 ms, found 0 plugins.
Preloading 0 native plugins for Editor in 0.00 ms.
Unloading 1239 Unused Serialized files (Serialized files now loaded: 0)
System memory in use before: 65.0 MB.
System memory in use after: 65.1 MB.

Unloading 4 unused Assets to reduce memory usage. Loaded Objects now: 1719.
Total: 2.944600 ms (FindLiveObjects: 0.164100 ms CreateObjectMapping: 0.041500 ms MarkObjects: 2.699600 ms  DeleteObjects: 0.037900 ms)

========================================================================
Received Prepare
Registering precompiled user dll's ...
Registered in 0.000952 seconds.
Begin MonoManager ReloadAssembly
Native extension for LinuxStandalone target not found
Native extension for WindowsStandalone target not found
Native extension for OSXStandalone target not found
Refreshing native plugins compatible for Editor in 0.30 ms, found 0 plugins.
Preloading 0 native plugins for Editor in 0.00 ms.
Mono: successfully reloaded assembly
- Completed reload, in  0.950 seconds
Platform modules already initialized, skipping
Refreshing native plugins compatible for Editor in 0.24 ms, found 0 plugins.
Preloading 0 native plugins for Editor in 0.00 ms.
Unloading 1239 Unused Serialized files (Serialized files now loaded: 0)
System memory in use before: 65.0 MB.
System memory in use after: 65.1 MB.

Unloading 4 unused Assets to reduce memory usage. Loaded Objects now: 1722.
Total: 1.928700 ms (FindLiveObjects: 0.226500 ms CreateObjectMapping: 0.049300 ms MarkObjects: 1.633600 ms  DeleteObjects: 0.017900 ms)

========================================================================
Received Prepare
Registering precompiled user dll's ...
Registered in 0.003594 seconds.
Begin MonoManager ReloadAssembly
Native extension for LinuxStandalone target not found
Native extension for WindowsStandalone target not found
Native extension for OSXStandalone target not found
Refreshing native plugins compatible for Editor in 0.24 ms, found 0 plugins.
Preloading 0 native plugins for Editor in 0.00 ms.
Mono: successfully reloaded assembly
- Completed reload, in  1.328 seconds
Platform modules already initialized, skipping
Refreshing native plugins compatible for Editor in 0.33 ms, found 0 plugins.
Preloading 0 native plugins for Editor in 0.00 ms.
Unloading 1239 Unused Serialized files (Serialized files now loaded: 0)
System memory in use before: 65.0 MB.
System memory in use after: 65.1 MB.

Unloading 4 unused Assets to reduce memory usage. Loaded Objects now: 1725.
Total: 2.314700 ms (FindLiveObjects: 0.199000 ms CreateObjectMapping: 0.044500 ms MarkObjects: 2.037400 ms  DeleteObjects: 0.032400 ms)

========================================================================
Received Prepare
Registering precompiled user dll's ...
Registered in 0.001149 seconds.
Begin MonoManager ReloadAssembly
Native extension for LinuxStandalone target not found
Native extension for WindowsStandalone target not found
Native extension for OSXStandalone target not found
Refreshing native plugins compatible for Editor in 0.56 ms, found 0 plugins.
Preloading 0 native plugins for Editor in 0.00 ms.
Mono: successfully reloaded assembly
- Completed reload, in  1.301 seconds
Platform modules already initialized, skipping
Refreshing native plugins compatible for Editor in 0.26 ms, found 0 plugins.
Preloading 0 native plugins for Editor in 0.00 ms.
Unloading 1239 Unused Serialized files (Serialized files now loaded: 0)
System memory in use before: 65.0 MB.
System memory in use after: 65.1 MB.

Unloading 4 unused Assets to reduce memory usage. Loaded Objects now: 1728.
Total: 3.824200 ms (FindLiveObjects: 0.777600 ms CreateObjectMapping: 0.139200 ms MarkObjects: 2.882700 ms  DeleteObjects: 0.022400 ms)

========================================================================
Received Prepare
Registering precompiled user dll's ...
Registered in 0.001469 seconds.
Begin MonoManager ReloadAssembly
Native extension for LinuxStandalone target not found
Native extension for WindowsStandalone target not found
Native extension for OSXStandalone target not found
Refreshing native plugins compatible for Editor in 0.27 ms, found 0 plugins.
Preloading 0 native plugins for Editor in 0.00 ms.
Mono: successfully reloaded assembly
- Completed reload, in  1.247 seconds
Platform modules already initialized, skipping
Refreshing native plugins compatible for Editor in 0.29 ms, found 0 plugins.
Preloading 0 native plugins for Editor in 0.00 ms.
Unloading 1239 Unused Serialized files (Serialized files now loaded: 0)
System memory in use before: 65.0 MB.
System memory in use after: 65.1 MB.

Unloading 4 unused Assets to reduce memory usage. Loaded Objects now: 1731.
Total: 2.994600 ms (FindLiveObjects: 0.324900 ms CreateObjectMapping: 0.094000 ms MarkObjects: 2.514900 ms  DeleteObjects: 0.058000 ms)

========================================================================
Received Prepare
Registering precompiled user dll's ...
Registered in 0.001238 seconds.
Begin MonoManager ReloadAssembly
Native extension for LinuxStandalone target not found
Native extension for WindowsStandalone target not found
Native extension for OSXStandalone target not found
Refreshing native plugins compatible for Editor in 0.23 ms, found 0 plugins.
Preloading 0 native plugins for Editor in 0.00 ms.
Mono: successfully reloaded assembly
- Completed reload, in  1.064 seconds
Platform modules already initialized, skipping
Refreshing native plugins compatible for Editor in 0.45 ms, found 0 plugins.
Preloading 0 native plugins for Editor in 0.00 ms.
Unloading 1239 Unused Serialized files (Serialized files now loaded: 0)
System memory in use before: 65.0 MB.
System memory in use after: 65.1 MB.

Unloading 4 unused Assets to reduce memory usage. Loaded Objects now: 1734.
Total: 2.118700 ms (FindLiveObjects: 0.206100 ms CreateObjectMapping: 0.041400 ms MarkObjects: 1.823300 ms  DeleteObjects: 0.046700 ms)

========================================================================
Received Prepare
Registering precompiled user dll's ...
Registered in 0.000897 seconds.
Begin MonoManager ReloadAssembly
Native extension for LinuxStandalone target not found
Native extension for WindowsStandalone target not found
Native extension for OSXStandalone target not found
Refreshing native plugins compatible for Editor in 0.23 ms, found 0 plugins.
Preloading 0 native plugins for Editor in 0.00 ms.
Mono: successfully reloaded assembly
- Completed reload, in  1.207 seconds
Platform modules already initialized, skipping
Refreshing native plugins compatible for Editor in 0.26 ms, found 0 plugins.
Preloading 0 native plugins for Editor in 0.00 ms.
Unloading 1239 Unused Serialized files (Serialized files now loaded: 0)
System memory in use before: 65.0 MB.
System memory in use after: 65.1 MB.

Unloading 4 unused Assets to reduce memory usage. Loaded Objects now: 1737.
Total: 2.277700 ms (FindLiveObjects: 0.249900 ms CreateObjectMapping: 0.057500 ms MarkObjects: 1.918600 ms  DeleteObjects: 0.049400 ms)

========================================================================
Received Prepare
Registering precompiled user dll's ...
Registered in 0.001352 seconds.
Begin MonoManager ReloadAssembly
Native extension for LinuxStandalone target not found
Native extension for WindowsStandalone target not found
Native extension for OSXStandalone target not found
Refreshing native plugins compatible for Editor in 0.29 ms, found 0 plugins.
Preloading 0 native plugins for Editor in 0.00 ms.
Mono: successfully reloaded assembly
- Completed reload, in  1.303 seconds
Platform modules already initialized, skipping
Refreshing native plugins compatible for Editor in 0.28 ms, found 0 plugins.
Preloading 0 native plugins for Editor in 0.00 ms.
Unloading 1239 Unused Serialized files (Serialized files now loaded: 0)
System memory in use before: 65.0 MB.
System memory in use after: 65.1 MB.

Unloading 4 unused Assets to reduce memory usage. Loaded Objects now: 1740.
Total: 2.312000 ms (FindLiveObjects: 0.233300 ms CreateObjectMapping: 0.079000 ms MarkObjects: 1.982400 ms  DeleteObjects: 0.015800 ms)

========================================================================
Received Prepare
Registering precompiled user dll's ...
Registered in 0.001112 seconds.
Begin MonoManager ReloadAssembly
Native extension for LinuxStandalone target not found
Native extension for WindowsStandalone target not found
Native extension for OSXStandalone target not found
Refreshing native plugins compatible for Editor in 0.23 ms, found 0 plugins.
Preloading 0 native plugins for Editor in 0.00 ms.
Mono: successfully reloaded assembly
- Completed reload, in  1.055 seconds
Platform modules already initialized, skipping
Refreshing native plugins compatible for Editor in 0.29 ms, found 0 plugins.
Preloading 0 native plugins for Editor in 0.00 ms.
Unloading 1239 Unused Serialized files (Serialized files now loaded: 0)
System memory in use before: 65.0 MB.
System memory in use after: 65.1 MB.

Unloading 4 unused Assets to reduce memory usage. Loaded Objects now: 1743.
Total: 1.896300 ms (FindLiveObjects: 0.149000 ms CreateObjectMapping: 0.037200 ms MarkObjects: 1.681300 ms  DeleteObjects: 0.027500 ms)

========================================================================
Received Prepare
Registering precompiled user dll's ...
Registered in 0.001391 seconds.
Begin MonoManager ReloadAssembly
Native extension for LinuxStandalone target not found
Native extension for WindowsStandalone target not found
Native extension for OSXStandalone target not found
Refreshing native plugins compatible for Editor in 0.22 ms, found 0 plugins.
Preloading 0 native plugins for Editor in 0.00 ms.
Mono: successfully reloaded assembly
- Completed reload, in  1.072 seconds
Platform modules already initialized, skipping
Refreshing native plugins compatible for Editor in 0.34 ms, found 0 plugins.
Preloading 0 native plugins for Editor in 0.00 ms.
Unloading 1239 Unused Serialized files (Serialized files now loaded: 0)
System memory in use before: 65.0 MB.
System memory in use after: 65.1 MB.

Unloading 4 unused Assets to reduce memory usage. Loaded Objects now: 1746.
Total: 2.225300 ms (FindLiveObjects: 0.143300 ms CreateObjectMapping: 0.044400 ms MarkObjects: 2.006800 ms  DeleteObjects: 0.029500 ms)

========================================================================
Received Prepare
Registering precompiled user dll's ...
Registered in 0.001298 seconds.
Begin MonoManager ReloadAssembly
Native extension for LinuxStandalone target not found
Native extension for WindowsStandalone target not found
Native extension for OSXStandalone target not found
Refreshing native plugins compatible for Editor in 0.22 ms, found 0 plugins.
Preloading 0 native plugins for Editor in 0.00 ms.
Mono: successfully reloaded assembly
- Completed reload, in  1.078 seconds
Platform modules already initialized, skipping
Refreshing native plugins compatible for Editor in 0.33 ms, found 0 plugins.
Preloading 0 native plugins for Editor in 0.00 ms.
Unloading 1239 Unused Serialized files (Serialized files now loaded: 0)
System memory in use before: 65.0 MB.
System memory in use after: 65.1 MB.

Unloading 4 unused Assets to reduce memory usage. Loaded Objects now: 1749.
Total: 2.490300 ms (FindLiveObjects: 0.215000 ms CreateObjectMapping: 0.053900 ms MarkObjects: 2.186100 ms  DeleteObjects: 0.033700 ms)

========================================================================
Received Prepare
Registering precompiled user dll's ...
Registered in 0.001056 seconds.
Begin MonoManager ReloadAssembly
Native extension for LinuxStandalone target not found
Native extension for WindowsStandalone target not found
Native extension for OSXStandalone target not found
Refreshing native plugins compatible for Editor in 0.22 ms, found 0 plugins.
Preloading 0 native plugins for Editor in 0.00 ms.
Mono: successfully reloaded assembly
- Completed reload, in  1.060 seconds
Platform modules already initialized, skipping
Refreshing native plugins compatible for Editor in 0.23 ms, found 0 plugins.
Preloading 0 native plugins for Editor in 0.00 ms.
Unloading 1239 Unused Serialized files (Serialized files now loaded: 0)
System memory in use before: 65.0 MB.
System memory in use after: 65.1 MB.

Unloading 4 unused Assets to reduce memory usage. Loaded Objects now: 1752.
Total: 1.929800 ms (FindLiveObjects: 0.147300 ms CreateObjectMapping: 0.043000 ms MarkObjects: 1.707700 ms  DeleteObjects: 0.030800 ms)

========================================================================
Received Prepare
Registering precompiled user dll's ...
Registered in 0.001274 seconds.
Begin MonoManager ReloadAssembly
Native extension for LinuxStandalone target not found
Native extension for WindowsStandalone target not found
Native extension for OSXStandalone target not found
Refreshing native plugins compatible for Editor in 0.24 ms, found 0 plugins.
Preloading 0 native plugins for Editor in 0.00 ms.
Mono: successfully reloaded assembly
- Completed reload, in  0.999 seconds
Platform modules already initialized, skipping
Refreshing native plugins compatible for Editor in 0.33 ms, found 0 plugins.
Preloading 0 native plugins for Editor in 0.00 ms.
Unloading 1239 Unused Serialized files (Serialized files now loaded: 0)
System memory in use before: 65.0 MB.
System memory in use after: 65.1 MB.

Unloading 4 unused Assets to reduce memory usage. Loaded Objects now: 1755.
Total: 2.575300 ms (FindLiveObjects: 0.177600 ms CreateObjectMapping: 0.044100 ms MarkObjects: 2.313200 ms  DeleteObjects: 0.038800 ms)

========================================================================
Received Prepare
Registering precompiled user dll's ...
Registered in 0.001077 seconds.
Begin MonoManager ReloadAssembly
Native extension for LinuxStandalone target not found
Native extension for WindowsStandalone target not found
Native extension for OSXStandalone target not found
Refreshing native plugins compatible for Editor in 0.33 ms, found 0 plugins.
Preloading 0 native plugins for Editor in 0.00 ms.
Mono: successfully reloaded assembly
- Completed reload, in  1.022 seconds
Platform modules already initialized, skipping
Refreshing native plugins compatible for Editor in 0.27 ms, found 0 plugins.
Preloading 0 native plugins for Editor in 0.00 ms.
Unloading 1239 Unused Serialized files (Serialized files now loaded: 0)
System memory in use before: 65.1 MB.
System memory in use after: 65.1 MB.

Unloading 4 unused Assets to reduce memory usage. Loaded Objects now: 1758.
Total: 3.022100 ms (FindLiveObjects: 0.208800 ms CreateObjectMapping: 0.045500 ms MarkObjects: 2.749800 ms  DeleteObjects: 0.016700 ms)

========================================================================
Received Prepare
Registering precompiled user dll's ...
Registered in 0.001681 seconds.
Begin MonoManager ReloadAssembly
Native extension for LinuxStandalone target not found
Native extension for WindowsStandalone target not found
Native extension for OSXStandalone target not found
Refreshing native plugins compatible for Editor in 0.27 ms, found 0 plugins.
Preloading 0 native plugins for Editor in 0.00 ms.
Mono: successfully reloaded assembly
- Completed reload, in  1.259 seconds
Platform modules already initialized, skipping
Refreshing native plugins compatible for Editor in 0.28 ms, found 0 plugins.
Preloading 0 native plugins for Editor in 0.00 ms.
Unloading 1239 Unused Serialized files (Serialized files now loaded: 0)
System memory in use before: 65.1 MB.
System memory in use after: 65.2 MB.

Unloading 4 unused Assets to reduce memory usage. Loaded Objects now: 1761.
Total: 2.516300 ms (FindLiveObjects: 0.262500 ms CreateObjectMapping: 0.091900 ms MarkObjects: 2.145600 ms  DeleteObjects: 0.014800 ms)

========================================================================
Received Import Request.
  Time since last request: 11966.425368 seconds.
  path: Assets
  artifactKey: Guid(00000000000000001000000000000000) Importer(815301076,1909f56bfc062723c751e8b465ee728b)
Start importing Assets using Guid(00000000000000001000000000000000) Importer(815301076,1909f56bfc062723c751e8b465ee728b)  -> (artifact id: '2c602d4445bd9e0e517b9a7c882a2249') in 0.007164 seconds
  Import took 0.010248 seconds .

========================================================================
Received Import Request.
  Time since last request: 0.011440 seconds.
  path: Assets
  artifactKey: Guid(00000000000000001000000000000000) Importer(815301076,1909f56bfc062723c751e8b465ee728b)
Start importing Assets using Guid(00000000000000001000000000000000) Importer(815301076,1909f56bfc062723c751e8b465ee728b)  -> (artifact id: '2c602d4445bd9e0e517b9a7c882a2249') in 0.002993 seconds
  Import took 0.006025 seconds .

========================================================================
Received Import Request.
  Time since last request: 3.314418 seconds.
  path: Assets/Editor
  artifactKey: Guid(f305cf1ba5465dc4d9c515baaf9dcbaf) Importer(815301076,1909f56bfc062723c751e8b465ee728b)
Start importing Assets/Editor using Guid(f305cf1ba5465dc4d9c515baaf9dcbaf) Importer(815301076,1909f56bfc062723c751e8b465ee728b)  -> (artifact id: 'd467962936b311d3070d1575452f7902') in 0.003340 seconds
  Import took 0.006049 seconds .

========================================================================
Received Import Request.
  Time since last request: 13.920882 seconds.
  path: Assets/Editor/SerializeSceneColliders.cs
  artifactKey: Guid(d55e3bec93292b145a2a32952d50798b) Importer(815301076,1909f56bfc062723c751e8b465ee728b)
Start importing Assets/Editor/SerializeSceneColliders.cs using Guid(d55e3bec93292b145a2a32952d50798b) Importer(815301076,1909f56bfc062723c751e8b465ee728b)  -> (artifact id: '75039d01a4f699a4171b23642a49b6fd') in 0.004052 seconds
  Import took 0.007652 seconds .

========================================================================
Received Import Request.
  Time since last request: 0.002182 seconds.
  path: Assets/Editor/SerializeSceneColliders.cs
  artifactKey: Guid(d55e3bec93292b145a2a32952d50798b) Importer(815301076,1909f56bfc062723c751e8b465ee728b)
Start importing Assets/Editor/SerializeSceneColliders.cs using Guid(d55e3bec93292b145a2a32952d50798b) Importer(815301076,1909f56bfc062723c751e8b465ee728b)  -> (artifact id: '75039d01a4f699a4171b23642a49b6fd') in 0.002986 seconds
  Import took 0.005562 seconds .

========================================================================
Received Prepare
Registering precompiled user dll's ...
Registered in 0.001393 seconds.
Begin MonoManager ReloadAssembly
Native extension for LinuxStandalone target not found
Native extension for WindowsStandalone target not found
Native extension for OSXStandalone target not found
Refreshing native plugins compatible for Editor in 0.23 ms, found 0 plugins.
Preloading 0 native plugins for Editor in 0.00 ms.
Mono: successfully reloaded assembly
- Completed reload, in  1.169 seconds
Platform modules already initialized, skipping
Refreshing native plugins compatible for Editor in 0.24 ms, found 0 plugins.
Preloading 0 native plugins for Editor in 0.00 ms.
Unloading 1240 Unused Serialized files (Serialized files now loaded: 0)
System memory in use before: 65.1 MB.
System memory in use after: 65.2 MB.

Unloading 4 unused Assets to reduce memory usage. Loaded Objects now: 1765.
Total: 2.747300 ms (FindLiveObjects: 0.427000 ms CreateObjectMapping: 0.101200 ms MarkObjects: 2.178200 ms  DeleteObjects: 0.039400 ms)

========================================================================
Received Prepare
Registering precompiled user dll's ...
Registered in 0.000939 seconds.
Begin MonoManager ReloadAssembly
Native extension for LinuxStandalone target not found
Native extension for WindowsStandalone target not found
Native extension for OSXStandalone target not found
Refreshing native plugins compatible for Editor in 0.23 ms, found 0 plugins.
Preloading 0 native plugins for Editor in 0.00 ms.
Mono: successfully reloaded assembly
- Completed reload, in  0.988 seconds
Platform modules already initialized, skipping
Refreshing native plugins compatible for Editor in 0.22 ms, found 0 plugins.
Preloading 0 native plugins for Editor in 0.00 ms.
Unloading 1240 Unused Serialized files (Serialized files now loaded: 0)
System memory in use before: 65.1 MB.
System memory in use after: 65.2 MB.

Unloading 4 unused Assets to reduce memory usage. Loaded Objects now: 1768.
Total: 2.786600 ms (FindLiveObjects: 0.220100 ms CreateObjectMapping: 0.039400 ms MarkObjects: 2.490900 ms  DeleteObjects: 0.035100 ms)

========================================================================
Received Import Request.
  Time since last request: 165.214700 seconds.
  path: Assets/Editor/SerializeSceneColliders.cs
  artifactKey: Guid(d55e3bec93292b145a2a32952d50798b) Importer(815301076,1909f56bfc062723c751e8b465ee728b)
Start importing Assets/Editor/SerializeSceneColliders.cs using Guid(d55e3bec93292b145a2a32952d50798b) Importer(815301076,1909f56bfc062723c751e8b465ee728b)  -> (artifact id: 'e94d9c32aeeaf30b4c3d82c1189c9059') in 0.005851 seconds
  Import took 0.008111 seconds .

========================================================================
Received Prepare
Registering precompiled user dll's ...
Registered in 0.001230 seconds.
Begin MonoManager ReloadAssembly
Native extension for LinuxStandalone target not found
Native extension for WindowsStandalone target not found
Native extension for OSXStandalone target not found
Refreshing native plugins compatible for Editor in 0.23 ms, found 0 plugins.
Preloading 0 native plugins for Editor in 0.00 ms.
Mono: successfully reloaded assembly
- Completed reload, in  1.008 seconds
Platform modules already initialized, skipping
Refreshing native plugins compatible for Editor in 0.26 ms, found 0 plugins.
Preloading 0 native plugins for Editor in 0.00 ms.
Unloading 1240 Unused Serialized files (Serialized files now loaded: 0)
System memory in use before: 65.1 MB.
System memory in use after: 65.2 MB.

Unloading 4 unused Assets to reduce memory usage. Loaded Objects now: 1771.
Total: 2.883400 ms (FindLiveObjects: 0.255200 ms CreateObjectMapping: 0.042500 ms MarkObjects: 2.561200 ms  DeleteObjects: 0.023600 ms)

========================================================================
Received Import Request.
  Time since last request: 15.740486 seconds.
  path: Assets/Editor/SerializeSceneColliders.cs
  artifactKey: Guid(d55e3bec93292b145a2a32952d50798b) Importer(815301076,1909f56bfc062723c751e8b465ee728b)
Start importing Assets/Editor/SerializeSceneColliders.cs using Guid(d55e3bec93292b145a2a32952d50798b) Importer(815301076,1909f56bfc062723c751e8b465ee728b)  -> (artifact id: '609d06b0e3d0a46c56ae84873b241796') in 0.004495 seconds
  Import took 0.007848 seconds .

========================================================================
Received Prepare
Registering precompiled user dll's ...
Registered in 0.001022 seconds.
Begin MonoManager ReloadAssembly
Native extension for LinuxStandalone target not found
Native extension for WindowsStandalone target not found
Native extension for OSXStandalone target not found
Refreshing native plugins compatible for Editor in 0.27 ms, found 0 plugins.
Preloading 0 native plugins for Editor in 0.00 ms.
Mono: successfully reloaded assembly
- Completed reload, in  0.985 seconds
Platform modules already initialized, skipping
Refreshing native plugins compatible for Editor in 0.29 ms, found 0 plugins.
Preloading 0 native plugins for Editor in 0.00 ms.
Unloading 1240 Unused Serialized files (Serialized files now loaded: 0)
System memory in use before: 65.1 MB.
System memory in use after: 65.2 MB.

Unloading 4 unused Assets to reduce memory usage. Loaded Objects now: 1774.
Total: 2.166400 ms (FindLiveObjects: 0.304200 ms CreateObjectMapping: 0.154200 ms MarkObjects: 1.692200 ms  DeleteObjects: 0.014300 ms)

========================================================================
Received Import Request.
  Time since last request: 66.956141 seconds.
  path: Assets/Editor/SerializeSceneColliders.cs
  artifactKey: Guid(d55e3bec93292b145a2a32952d50798b) Importer(815301076,1909f56bfc062723c751e8b465ee728b)
Start importing Assets/Editor/SerializeSceneColliders.cs using Guid(d55e3bec93292b145a2a32952d50798b) Importer(815301076,1909f56bfc062723c751e8b465ee728b)  -> (artifact id: '583cfabce2d1896eb5ed1ce8d78f0f9f') in 0.004153 seconds
  Import took 0.006573 seconds .

========================================================================
Received Import Request.
  Time since last request: 5.670792 seconds.
  path: Assets/Scenes/TestAreaScene.unity
  artifactKey: Guid(94e189c0c902d9d41b85d1d7b35a0e33) Importer(815301076,1909f56bfc062723c751e8b465ee728b)
Start importing Assets/Scenes/TestAreaScene.unity using Guid(94e189c0c902d9d41b85d1d7b35a0e33) Importer(815301076,1909f56bfc062723c751e8b465ee728b)  -> (artifact id: 'e87d71a6fd2f1f3fccec6420c17517b5') in 0.011887 seconds
  Import took 0.015360 seconds .

========================================================================
Received Prepare
Registering precompiled user dll's ...
Registered in 0.001001 seconds.
Begin MonoManager ReloadAssembly
Native extension for LinuxStandalone target not found
Native extension for WindowsStandalone target not found
Native extension for OSXStandalone target not found
Refreshing native plugins compatible for Editor in 0.23 ms, found 0 plugins.
Preloading 0 native plugins for Editor in 0.00 ms.
Mono: successfully reloaded assembly
- Completed reload, in  1.043 seconds
Platform modules already initialized, skipping
Refreshing native plugins compatible for Editor in 0.33 ms, found 0 plugins.
Preloading 0 native plugins for Editor in 0.00 ms.
Unloading 1240 Unused Serialized files (Serialized files now loaded: 0)
System memory in use before: 65.1 MB.
System memory in use after: 65.2 MB.

Unloading 4 unused Assets to reduce memory usage. Loaded Objects now: 1777.
Total: 1.991400 ms (FindLiveObjects: 0.161200 ms CreateObjectMapping: 0.041400 ms MarkObjects: 1.742300 ms  DeleteObjects: 0.045500 ms)

========================================================================
Received Prepare
Registering precompiled user dll's ...
Registered in 0.001357 seconds.
Begin MonoManager ReloadAssembly
Native extension for LinuxStandalone target not found
Native extension for WindowsStandalone target not found
Native extension for OSXStandalone target not found
Refreshing native plugins compatible for Editor in 0.23 ms, found 0 plugins.
Preloading 0 native plugins for Editor in 0.00 ms.
Mono: successfully reloaded assembly
- Completed reload, in  0.983 seconds
Platform modules already initialized, skipping
Refreshing native plugins compatible for Editor in 0.26 ms, found 0 plugins.
Preloading 0 native plugins for Editor in 0.00 ms.
Unloading 1240 Unused Serialized files (Serialized files now loaded: 0)
System memory in use before: 65.1 MB.
System memory in use after: 65.2 MB.

Unloading 4 unused Assets to reduce memory usage. Loaded Objects now: 1780.
Total: 2.500400 ms (FindLiveObjects: 0.185800 ms CreateObjectMapping: 0.124600 ms MarkObjects: 2.144500 ms  DeleteObjects: 0.044400 ms)

========================================================================
Received Prepare
Registering precompiled user dll's ...
Registered in 0.001001 seconds.
Begin MonoManager ReloadAssembly
Native extension for LinuxStandalone target not found
Native extension for WindowsStandalone target not found
Native extension for OSXStandalone target not found
Refreshing native plugins compatible for Editor in 0.26 ms, found 0 plugins.
Preloading 0 native plugins for Editor in 0.00 ms.
Mono: successfully reloaded assembly
- Completed reload, in  1.024 seconds
Platform modules already initialized, skipping
Refreshing native plugins compatible for Editor in 0.26 ms, found 0 plugins.
Preloading 0 native plugins for Editor in 0.00 ms.
Unloading 1240 Unused Serialized files (Serialized files now loaded: 0)
System memory in use before: 65.1 MB.
System memory in use after: 65.2 MB.

Unloading 4 unused Assets to reduce memory usage. Loaded Objects now: 1783.
Total: 2.140900 ms (FindLiveObjects: 0.167000 ms CreateObjectMapping: 0.042200 ms MarkObjects: 1.912500 ms  DeleteObjects: 0.017400 ms)

========================================================================
Received Prepare
Registering precompiled user dll's ...
Registered in 0.000898 seconds.
Begin MonoManager ReloadAssembly
Native extension for LinuxStandalone target not found
Native extension for WindowsStandalone target not found
Native extension for OSXStandalone target not found
Refreshing native plugins compatible for Editor in 0.30 ms, found 0 plugins.
Preloading 0 native plugins for Editor in 0.00 ms.
Mono: successfully reloaded assembly
- Completed reload, in  1.033 seconds
Platform modules already initialized, skipping
Refreshing native plugins compatible for Editor in 0.26 ms, found 0 plugins.
Preloading 0 native plugins for Editor in 0.00 ms.
Unloading 1240 Unused Serialized files (Serialized files now loaded: 0)
System memory in use before: 65.1 MB.
System memory in use after: 65.2 MB.

Unloading 4 unused Assets to reduce memory usage. Loaded Objects now: 1786.
Total: 2.560300 ms (FindLiveObjects: 0.363800 ms CreateObjectMapping: 0.220100 ms MarkObjects: 1.943400 ms  DeleteObjects: 0.031200 ms)

========================================================================
Received Prepare
Registering precompiled user dll's ...
Registered in 0.001532 seconds.
Begin MonoManager ReloadAssembly
Native extension for LinuxStandalone target not found
Native extension for WindowsStandalone target not found
Native extension for OSXStandalone target not found
Refreshing native plugins compatible for Editor in 0.22 ms, found 0 plugins.
Preloading 0 native plugins for Editor in 0.00 ms.
Mono: successfully reloaded assembly
- Completed reload, in  0.987 seconds
Platform modules already initialized, skipping
Refreshing native plugins compatible for Editor in 0.43 ms, found 0 plugins.
Preloading 0 native plugins for Editor in 0.00 ms.
Unloading 1240 Unused Serialized files (Serialized files now loaded: 0)
System memory in use before: 65.1 MB.
System memory in use after: 65.2 MB.

Unloading 4 unused Assets to reduce memory usage. Loaded Objects now: 1789.
Total: 2.058900 ms (FindLiveObjects: 0.193200 ms CreateObjectMapping: 0.037700 ms MarkObjects: 1.812200 ms  DeleteObjects: 0.014800 ms)

========================================================================
Received Prepare
Registering precompiled user dll's ...
Registered in 0.000973 seconds.
Begin MonoManager ReloadAssembly
Native extension for LinuxStandalone target not found
Native extension for WindowsStandalone target not found
Native extension for OSXStandalone target not found
Refreshing native plugins compatible for Editor in 0.32 ms, found 0 plugins.
Preloading 0 native plugins for Editor in 0.00 ms.
Mono: successfully reloaded assembly
- Completed reload, in  1.204 seconds
Platform modules already initialized, skipping
Refreshing native plugins compatible for Editor in 0.25 ms, found 0 plugins.
Preloading 0 native plugins for Editor in 0.00 ms.
Unloading 1240 Unused Serialized files (Serialized files now loaded: 0)
System memory in use before: 65.1 MB.
System memory in use after: 65.2 MB.

Unloading 4 unused Assets to reduce memory usage. Loaded Objects now: 1792.
Total: 1.966700 ms (FindLiveObjects: 0.148600 ms CreateObjectMapping: 0.042100 ms MarkObjects: 1.737900 ms  DeleteObjects: 0.037000 ms)

========================================================================
Received Prepare
Registering precompiled user dll's ...
Registered in 0.001012 seconds.
Begin MonoManager ReloadAssembly
Native extension for LinuxStandalone target not found
Native extension for WindowsStandalone target not found
Native extension for OSXStandalone target not found
Refreshing native plugins compatible for Editor in 0.25 ms, found 0 plugins.
Preloading 0 native plugins for Editor in 0.00 ms.
Mono: successfully reloaded assembly
- Completed reload, in  0.989 seconds
Platform modules already initialized, skipping
Refreshing native plugins compatible for Editor in 0.27 ms, found 0 plugins.
Preloading 0 native plugins for Editor in 0.00 ms.
Unloading 1240 Unused Serialized files (Serialized files now loaded: 0)
System memory in use before: 65.2 MB.
System memory in use after: 65.3 MB.

Unloading 4 unused Assets to reduce memory usage. Loaded Objects now: 1795.
Total: 1.903200 ms (FindLiveObjects: 0.137400 ms CreateObjectMapping: 0.039400 ms MarkObjects: 1.689700 ms  DeleteObjects: 0.035800 ms)

========================================================================
Received Prepare
Registering precompiled user dll's ...
Registered in 0.001411 seconds.
Begin MonoManager ReloadAssembly
Native extension for LinuxStandalone target not found
Native extension for WindowsStandalone target not found
Native extension for OSXStandalone target not found
Refreshing native plugins compatible for Editor in 0.49 ms, found 0 plugins.
Preloading 0 native plugins for Editor in 0.00 ms.
Mono: successfully reloaded assembly
- Completed reload, in  1.002 seconds
Platform modules already initialized, skipping
Refreshing native plugins compatible for Editor in 0.26 ms, found 0 plugins.
Preloading 0 native plugins for Editor in 0.00 ms.
Unloading 1240 Unused Serialized files (Serialized files now loaded: 0)
System memory in use before: 65.2 MB.
System memory in use after: 65.3 MB.

Unloading 4 unused Assets to reduce memory usage. Loaded Objects now: 1798.
Total: 1.966900 ms (FindLiveObjects: 0.155000 ms CreateObjectMapping: 0.035300 ms MarkObjects: 1.747900 ms  DeleteObjects: 0.028000 ms)

========================================================================
Received Prepare
Registering precompiled user dll's ...
Registered in 0.001102 seconds.
Begin MonoManager ReloadAssembly
Native extension for LinuxStandalone target not found
Native extension for WindowsStandalone target not found
Native extension for OSXStandalone target not found
Refreshing native plugins compatible for Editor in 0.29 ms, found 0 plugins.
Preloading 0 native plugins for Editor in 0.00 ms.
Mono: successfully reloaded assembly
- Completed reload, in  1.047 seconds
Platform modules already initialized, skipping
Refreshing native plugins compatible for Editor in 0.41 ms, found 0 plugins.
Preloading 0 native plugins for Editor in 0.00 ms.
Unloading 1240 Unused Serialized files (Serialized files now loaded: 0)
System memory in use before: 65.2 MB.
System memory in use after: 65.3 MB.

Unloading 4 unused Assets to reduce memory usage. Loaded Objects now: 1801.
Total: 2.393900 ms (FindLiveObjects: 0.282900 ms CreateObjectMapping: 0.043500 ms MarkObjects: 2.022600 ms  DeleteObjects: 0.043300 ms)

========================================================================
Received Import Request.
  Time since last request: 2605.854408 seconds.
  path: Assets/Scripts/ServerInstanceInfo.cs
  artifactKey: Guid(3d6c47ed708d7b04ebf45fa61579821c) Importer(815301076,1909f56bfc062723c751e8b465ee728b)
Start importing Assets/Scripts/ServerInstanceInfo.cs using Guid(3d6c47ed708d7b04ebf45fa61579821c) Importer(815301076,1909f56bfc062723c751e8b465ee728b)  -> (artifact id: 'b58370ac7cfe4aa0147345df50c40c13') in 0.016485 seconds
  Import took 0.022941 seconds .

========================================================================
Received Import Request.
  Time since last request: 0.002674 seconds.
  path: Assets/Scripts/ServerInstanceInfo.cs
  artifactKey: Guid(3d6c47ed708d7b04ebf45fa61579821c) Importer(815301076,1909f56bfc062723c751e8b465ee728b)
Start importing Assets/Scripts/ServerInstanceInfo.cs using Guid(3d6c47ed708d7b04ebf45fa61579821c) Importer(815301076,1909f56bfc062723c751e8b465ee728b)  -> (artifact id: 'b58370ac7cfe4aa0147345df50c40c13') in 0.002633 seconds
  Import took 0.005578 seconds .

========================================================================
Received Prepare
Registering precompiled user dll's ...
Registered in 0.000963 seconds.
Begin MonoManager ReloadAssembly
Native extension for LinuxStandalone target not found
Native extension for WindowsStandalone target not found
Native extension for OSXStandalone target not found
Refreshing native plugins compatible for Editor in 0.37 ms, found 0 plugins.
Preloading 0 native plugins for Editor in 0.00 ms.
Mono: successfully reloaded assembly
- Completed reload, in  1.122 seconds
Platform modules already initialized, skipping
Refreshing native plugins compatible for Editor in 0.25 ms, found 0 plugins.
Preloading 0 native plugins for Editor in 0.00 ms.
Unloading 1241 Unused Serialized files (Serialized files now loaded: 0)
System memory in use before: 65.2 MB.
System memory in use after: 65.3 MB.

Unloading 4 unused Assets to reduce memory usage. Loaded Objects now: 1805.
Total: 2.159900 ms (FindLiveObjects: 0.161100 ms CreateObjectMapping: 0.041900 ms MarkObjects: 1.916800 ms  DeleteObjects: 0.039100 ms)

========================================================================
Received Prepare
Registering precompiled user dll's ...
Registered in 0.001132 seconds.
Begin MonoManager ReloadAssembly
Native extension for LinuxStandalone target not found
Native extension for WindowsStandalone target not found
Native extension for OSXStandalone target not found
Refreshing native plugins compatible for Editor in 0.29 ms, found 0 plugins.
Preloading 0 native plugins for Editor in 0.00 ms.
Mono: successfully reloaded assembly
- Completed reload, in  1.098 seconds
Platform modules already initialized, skipping
Refreshing native plugins compatible for Editor in 0.49 ms, found 0 plugins.
Preloading 0 native plugins for Editor in 0.00 ms.
Unloading 1241 Unused Serialized files (Serialized files now loaded: 0)
System memory in use before: 65.2 MB.
System memory in use after: 65.3 MB.

Unloading 4 unused Assets to reduce memory usage. Loaded Objects now: 1808.
Total: 2.146300 ms (FindLiveObjects: 0.212700 ms CreateObjectMapping: 0.100600 ms MarkObjects: 1.806300 ms  DeleteObjects: 0.024400 ms)

========================================================================
Received Prepare
Registering precompiled user dll's ...
Registered in 0.001030 seconds.
Begin MonoManager ReloadAssembly
Native extension for LinuxStandalone target not found
Native extension for WindowsStandalone target not found
Native extension for OSXStandalone target not found
Refreshing native plugins compatible for Editor in 0.23 ms, found 0 plugins.
Preloading 0 native plugins for Editor in 0.00 ms.
Mono: successfully reloaded assembly
- Completed reload, in  1.081 seconds
Platform modules already initialized, skipping
Refreshing native plugins compatible for Editor in 0.26 ms, found 0 plugins.
Preloading 0 native plugins for Editor in 0.00 ms.
Unloading 1241 Unused Serialized files (Serialized files now loaded: 0)
System memory in use before: 65.2 MB.
System memory in use after: 65.3 MB.

Unloading 4 unused Assets to reduce memory usage. Loaded Objects now: 1811.
Total: 3.571200 ms (FindLiveObjects: 0.319900 ms CreateObjectMapping: 0.147500 ms MarkObjects: 3.070600 ms  DeleteObjects: 0.031400 ms)

========================================================================
Received Prepare
Registering precompiled user dll's ...
Registered in 0.000989 seconds.
Begin MonoManager ReloadAssembly
Native extension for LinuxStandalone target not found
Native extension for WindowsStandalone target not found
Native extension for OSXStandalone target not found
Refreshing native plugins compatible for Editor in 0.45 ms, found 0 plugins.
Preloading 0 native plugins for Editor in 0.00 ms.
Mono: successfully reloaded assembly
- Completed reload, in  1.092 seconds
Platform modules already initialized, skipping
Refreshing native plugins compatible for Editor in 0.59 ms, found 0 plugins.
Preloading 0 native plugins for Editor in 0.00 ms.
Unloading 1241 Unused Serialized files (Serialized files now loaded: 0)
System memory in use before: 65.2 MB.
System memory in use after: 65.3 MB.

Unloading 4 unused Assets to reduce memory usage. Loaded Objects now: 1814.
Total: 2.110100 ms (FindLiveObjects: 0.233000 ms CreateObjectMapping: 0.086600 ms MarkObjects: 1.757900 ms  DeleteObjects: 0.030800 ms)

========================================================================
Received Prepare
Registering precompiled user dll's ...
Registered in 0.001181 seconds.
Begin MonoManager ReloadAssembly
Native extension for LinuxStandalone target not found
Native extension for WindowsStandalone target not found
Native extension for OSXStandalone target not found
Refreshing native plugins compatible for Editor in 0.25 ms, found 0 plugins.
Preloading 0 native plugins for Editor in 0.00 ms.
Mono: successfully reloaded assembly
- Completed reload, in  1.275 seconds
Platform modules already initialized, skipping
Refreshing native plugins compatible for Editor in 0.44 ms, found 0 plugins.
Preloading 0 native plugins for Editor in 0.00 ms.
Unloading 1241 Unused Serialized files (Serialized files now loaded: 0)
System memory in use before: 65.2 MB.
System memory in use after: 65.3 MB.

Unloading 4 unused Assets to reduce memory usage. Loaded Objects now: 1817.
Total: 2.808300 ms (FindLiveObjects: 0.316000 ms CreateObjectMapping: 0.134700 ms MarkObjects: 2.283400 ms  DeleteObjects: 0.072700 ms)

========================================================================
Received Prepare
Registering precompiled user dll's ...
Registered in 0.000909 seconds.
Begin MonoManager ReloadAssembly
Native extension for LinuxStandalone target not found
Native extension for WindowsStandalone target not found
Native extension for OSXStandalone target not found
Refreshing native plugins compatible for Editor in 0.42 ms, found 0 plugins.
Preloading 0 native plugins for Editor in 0.00 ms.
Mono: successfully reloaded assembly
- Completed reload, in  1.063 seconds
Platform modules already initialized, skipping
Refreshing native plugins compatible for Editor in 0.36 ms, found 0 plugins.
Preloading 0 native plugins for Editor in 0.00 ms.
Unloading 1241 Unused Serialized files (Serialized files now loaded: 0)
System memory in use before: 65.2 MB.
System memory in use after: 65.3 MB.

Unloading 4 unused Assets to reduce memory usage. Loaded Objects now: 1820.
Total: 2.445400 ms (FindLiveObjects: 0.150600 ms CreateObjectMapping: 0.039700 ms MarkObjects: 2.222400 ms  DeleteObjects: 0.031200 ms)

========================================================================
Received Prepare
Registering precompiled user dll's ...
Registered in 0.001112 seconds.
Begin MonoManager ReloadAssembly
Native extension for LinuxStandalone target not found
Native extension for WindowsStandalone target not found
Native extension for OSXStandalone target not found
Refreshing native plugins compatible for Editor in 0.26 ms, found 0 plugins.
Preloading 0 native plugins for Editor in 0.00 ms.
Mono: successfully reloaded assembly
- Completed reload, in  1.406 seconds
Platform modules already initialized, skipping
Refreshing native plugins compatible for Editor in 0.36 ms, found 0 plugins.
Preloading 0 native plugins for Editor in 0.00 ms.
Unloading 1241 Unused Serialized files (Serialized files now loaded: 0)
System memory in use before: 65.2 MB.
System memory in use after: 65.3 MB.

Unloading 4 unused Assets to reduce memory usage. Loaded Objects now: 1823.
Total: 2.877400 ms (FindLiveObjects: 0.301100 ms CreateObjectMapping: 0.084500 ms MarkObjects: 2.469900 ms  DeleteObjects: 0.020400 ms)

========================================================================
Received Prepare
Registering precompiled user dll's ...
Registered in 0.000931 seconds.
Begin MonoManager ReloadAssembly
Native extension for LinuxStandalone target not found
Native extension for WindowsStandalone target not found
Native extension for OSXStandalone target not found
Refreshing native plugins compatible for Editor in 0.37 ms, found 0 plugins.
Preloading 0 native plugins for Editor in 0.00 ms.
Mono: successfully reloaded assembly
- Completed reload, in  1.142 seconds
Platform modules already initialized, skipping
Refreshing native plugins compatible for Editor in 0.24 ms, found 0 plugins.
Preloading 0 native plugins for Editor in 0.00 ms.
Unloading 1241 Unused Serialized files (Serialized files now loaded: 0)
System memory in use before: 65.2 MB.
System memory in use after: 65.3 MB.

Unloading 4 unused Assets to reduce memory usage. Loaded Objects now: 1826.
Total: 2.131800 ms (FindLiveObjects: 0.165700 ms CreateObjectMapping: 0.040700 ms MarkObjects: 1.908200 ms  DeleteObjects: 0.015800 ms)

========================================================================
Received Prepare
Registering precompiled user dll's ...
Registered in 0.001140 seconds.
Begin MonoManager ReloadAssembly
Native extension for LinuxStandalone target not found
Native extension for WindowsStandalone target not found
Native extension for OSXStandalone target not found
Refreshing native plugins compatible for Editor in 0.29 ms, found 0 plugins.
Preloading 0 native plugins for Editor in 0.00 ms.
Mono: successfully reloaded assembly
- Completed reload, in  1.045 seconds
Platform modules already initialized, skipping
Refreshing native plugins compatible for Editor in 0.39 ms, found 0 plugins.
Preloading 0 native plugins for Editor in 0.00 ms.
Unloading 1241 Unused Serialized files (Serialized files now loaded: 0)
System memory in use before: 65.2 MB.
System memory in use after: 65.3 MB.

Unloading 4 unused Assets to reduce memory usage. Loaded Objects now: 1829.
Total: 2.057400 ms (FindLiveObjects: 0.243700 ms CreateObjectMapping: 0.050300 ms MarkObjects: 1.743400 ms  DeleteObjects: 0.017400 ms)

========================================================================
Received Prepare
Registering precompiled user dll's ...
Registered in 0.001018 seconds.
Begin MonoManager ReloadAssembly
Native extension for LinuxStandalone target not found
Native extension for WindowsStandalone target not found
Native extension for OSXStandalone target not found
Refreshing native plugins compatible for Editor in 0.27 ms, found 0 plugins.
Preloading 0 native plugins for Editor in 0.00 ms.
Mono: successfully reloaded assembly
- Completed reload, in  1.414 seconds
Platform modules already initialized, skipping
Refreshing native plugins compatible for Editor in 0.30 ms, found 0 plugins.
Preloading 0 native plugins for Editor in 0.00 ms.
Unloading 1241 Unused Serialized files (Serialized files now loaded: 0)
System memory in use before: 65.2 MB.
System memory in use after: 65.3 MB.

Unloading 4 unused Assets to reduce memory usage. Loaded Objects now: 1832.
Total: 2.286500 ms (FindLiveObjects: 0.183400 ms CreateObjectMapping: 0.053400 ms MarkObjects: 2.032300 ms  DeleteObjects: 0.016100 ms)

========================================================================
Received Prepare
Registering precompiled user dll's ...
Registered in 0.001105 seconds.
Begin MonoManager ReloadAssembly
Native extension for LinuxStandalone target not found
Native extension for WindowsStandalone target not found
Native extension for OSXStandalone target not found
Refreshing native plugins compatible for Editor in 0.47 ms, found 0 plugins.
Preloading 0 native plugins for Editor in 0.00 ms.
Mono: successfully reloaded assembly
- Completed reload, in  1.218 seconds
Platform modules already initialized, skipping
Refreshing native plugins compatible for Editor in 0.42 ms, found 0 plugins.
Preloading 0 native plugins for Editor in 0.00 ms.
Unloading 1241 Unused Serialized files (Serialized files now loaded: 0)
System memory in use before: 65.3 MB.
System memory in use after: 65.4 MB.

Unloading 4 unused Assets to reduce memory usage. Loaded Objects now: 1835.
Total: 2.630100 ms (FindLiveObjects: 0.454300 ms CreateObjectMapping: 0.129200 ms MarkObjects: 2.028000 ms  DeleteObjects: 0.016400 ms)

========================================================================
Received Prepare
Registering precompiled user dll's ...
Registered in 0.001311 seconds.
Begin MonoManager ReloadAssembly
Native extension for LinuxStandalone target not found
Native extension for WindowsStandalone target not found
Native extension for OSXStandalone target not found
Refreshing native plugins compatible for Editor in 0.37 ms, found 0 plugins.
Preloading 0 native plugins for Editor in 0.00 ms.
Mono: successfully reloaded assembly
- Completed reload, in  1.033 seconds
Platform modules already initialized, skipping
Refreshing native plugins compatible for Editor in 0.27 ms, found 0 plugins.
Preloading 0 native plugins for Editor in 0.00 ms.
Unloading 1241 Unused Serialized files (Serialized files now loaded: 0)
System memory in use before: 65.3 MB.
System memory in use after: 65.4 MB.

Unloading 4 unused Assets to reduce memory usage. Loaded Objects now: 1838.
Total: 2.911600 ms (FindLiveObjects: 0.353900 ms CreateObjectMapping: 0.079700 ms MarkObjects: 2.443400 ms  DeleteObjects: 0.032500 ms)

========================================================================
Received Prepare
Registering precompiled user dll's ...
Registered in 0.001268 seconds.
Begin MonoManager ReloadAssembly
Native extension for LinuxStandalone target not found
Native extension for WindowsStandalone target not found
Native extension for OSXStandalone target not found
Refreshing native plugins compatible for Editor in 0.39 ms, found 0 plugins.
Preloading 0 native plugins for Editor in 0.00 ms.
Mono: successfully reloaded assembly
- Completed reload, in  1.052 seconds
Platform modules already initialized, skipping
Refreshing native plugins compatible for Editor in 0.24 ms, found 0 plugins.
Preloading 0 native plugins for Editor in 0.00 ms.
Unloading 1241 Unused Serialized files (Serialized files now loaded: 0)
System memory in use before: 65.3 MB.
System memory in use after: 65.4 MB.

Unloading 4 unused Assets to reduce memory usage. Loaded Objects now: 1841.
Total: 2.253400 ms (FindLiveObjects: 0.175900 ms CreateObjectMapping: 0.049800 ms MarkObjects: 1.982100 ms  DeleteObjects: 0.044100 ms)

========================================================================
Received Prepare
Registering precompiled user dll's ...
Registered in 0.000914 seconds.
Begin MonoManager ReloadAssembly
Native extension for LinuxStandalone target not found
Native extension for WindowsStandalone target not found
Native extension for OSXStandalone target not found
Refreshing native plugins compatible for Editor in 0.30 ms, found 0 plugins.
Preloading 0 native plugins for Editor in 0.00 ms.
Mono: successfully reloaded assembly
- Completed reload, in  1.040 seconds
Platform modules already initialized, skipping
Refreshing native plugins compatible for Editor in 0.31 ms, found 0 plugins.
Preloading 0 native plugins for Editor in 0.00 ms.
Unloading 1241 Unused Serialized files (Serialized files now loaded: 0)
System memory in use before: 65.3 MB.
System memory in use after: 65.4 MB.

Unloading 4 unused Assets to reduce memory usage. Loaded Objects now: 1844.
Total: 2.287500 ms (FindLiveObjects: 0.167100 ms CreateObjectMapping: 0.041900 ms MarkObjects: 2.033400 ms  DeleteObjects: 0.044200 ms)

========================================================================
Received Import Request.
  Time since last request: 2646.444586 seconds.
  path: Assets/Resources/Spawnable Entities/Universal/Player.prefab
  artifactKey: Guid(93f4c8f1b698f7942ada7e5d5b601da1) Importer(815301076,1909f56bfc062723c751e8b465ee728b)
Start importing Assets/Resources/Spawnable Entities/Universal/Player.prefab using Guid(93f4c8f1b698f7942ada7e5d5b601da1) Importer(815301076,1909f56bfc062723c751e8b465ee728b)  -> (artifact id: 'd74a6f76b1a2b9ed2f0af6be4a7044d4') in 0.087541 seconds
  Import took 0.091312 seconds .

========================================================================
Received Prepare
Registering precompiled user dll's ...
Registered in 0.001829 seconds.
Begin MonoManager ReloadAssembly
Native extension for LinuxStandalone target not found
Native extension for WindowsStandalone target not found
Native extension for OSXStandalone target not found
Refreshing native plugins compatible for Editor in 0.38 ms, found 0 plugins.
Preloading 0 native plugins for Editor in 0.00 ms.
Mono: successfully reloaded assembly
- Completed reload, in  1.030 seconds
Platform modules already initialized, skipping
Refreshing native plugins compatible for Editor in 0.47 ms, found 0 plugins.
Preloading 0 native plugins for Editor in 0.00 ms.
Unloading 1241 Unused Serialized files (Serialized files now loaded: 0)
System memory in use before: 65.3 MB.
System memory in use after: 65.4 MB.

Unloading 4 unused Assets to reduce memory usage. Loaded Objects now: 1848.
Total: 2.566300 ms (FindLiveObjects: 0.160700 ms CreateObjectMapping: 0.046100 ms MarkObjects: 2.342900 ms  DeleteObjects: 0.014900 ms)

========================================================================
Received Import Request.
  Time since last request: 12.916520 seconds.
  path: Assets/Resources/Spawnable Entities/Universal/Player.prefab
  artifactKey: Guid(93f4c8f1b698f7942ada7e5d5b601da1) Importer(815301076,1909f56bfc062723c751e8b465ee728b)
Start importing Assets/Resources/Spawnable Entities/Universal/Player.prefab using Guid(93f4c8f1b698f7942ada7e5d5b601da1) Importer(815301076,1909f56bfc062723c751e8b465ee728b)  -> (artifact id: 'eb2a8afafdad105bafe36f90579b1c27') in 0.079836 seconds
  Import took 0.083179 seconds .

========================================================================
Received Prepare
Registering precompiled user dll's ...
Registered in 0.000876 seconds.
Begin MonoManager ReloadAssembly
Native extension for LinuxStandalone target not found
Native extension for WindowsStandalone target not found
Native extension for OSXStandalone target not found
Refreshing native plugins compatible for Editor in 0.22 ms, found 0 plugins.
Preloading 0 native plugins for Editor in 0.00 ms.
Mono: successfully reloaded assembly
- Completed reload, in  1.051 seconds
Platform modules already initialized, skipping
Refreshing native plugins compatible for Editor in 0.41 ms, found 0 plugins.
Preloading 0 native plugins for Editor in 0.00 ms.
Unloading 1241 Unused Serialized files (Serialized files now loaded: 0)
System memory in use before: 65.3 MB.
System memory in use after: 65.4 MB.

Unloading 4 unused Assets to reduce memory usage. Loaded Objects now: 1852.
Total: 2.096200 ms (FindLiveObjects: 0.171100 ms CreateObjectMapping: 0.042900 ms MarkObjects: 1.867200 ms  DeleteObjects: 0.014200 ms)

========================================================================
Received Prepare
Registering precompiled user dll's ...
Registered in 0.001284 seconds.
Begin MonoManager ReloadAssembly
Native extension for LinuxStandalone target not found
Native extension for WindowsStandalone target not found
Native extension for OSXStandalone target not found
Refreshing native plugins compatible for Editor in 0.38 ms, found 0 plugins.
Preloading 0 native plugins for Editor in 0.00 ms.
Mono: successfully reloaded assembly
- Completed reload, in  1.237 seconds
Platform modules already initialized, skipping
Refreshing native plugins compatible for Editor in 0.41 ms, found 0 plugins.
Preloading 0 native plugins for Editor in 0.00 ms.
Unloading 1241 Unused Serialized files (Serialized files now loaded: 0)
System memory in use before: 65.3 MB.
System memory in use after: 65.4 MB.

Unloading 4 unused Assets to reduce memory usage. Loaded Objects now: 1855.
Total: 2.636900 ms (FindLiveObjects: 0.221100 ms CreateObjectMapping: 0.051400 ms MarkObjects: 2.344300 ms  DeleteObjects: 0.018300 ms)

========================================================================
Received Prepare
Registering precompiled user dll's ...
Registered in 0.001068 seconds.
Begin MonoManager ReloadAssembly
Native extension for LinuxStandalone target not found
Native extension for WindowsStandalone target not found
Native extension for OSXStandalone target not found
Refreshing native plugins compatible for Editor in 0.39 ms, found 0 plugins.
Preloading 0 native plugins for Editor in 0.00 ms.
Mono: successfully reloaded assembly
- Completed reload, in  1.023 seconds
Platform modules already initialized, skipping
Refreshing native plugins compatible for Editor in 0.28 ms, found 0 plugins.
Preloading 0 native plugins for Editor in 0.00 ms.
Unloading 1241 Unused Serialized files (Serialized files now loaded: 0)
System memory in use before: 65.3 MB.
System memory in use after: 65.4 MB.

Unloading 4 unused Assets to reduce memory usage. Loaded Objects now: 1858.
Total: 2.808600 ms (FindLiveObjects: 0.279300 ms CreateObjectMapping: 0.046500 ms MarkObjects: 2.450600 ms  DeleteObjects: 0.029900 ms)

========================================================================
Received Prepare
Registering precompiled user dll's ...
Registered in 0.001056 seconds.
Begin MonoManager ReloadAssembly
Native extension for LinuxStandalone target not found
Native extension for WindowsStandalone target not found
Native extension for OSXStandalone target not found
Refreshing native plugins compatible for Editor in 0.27 ms, found 0 plugins.
Preloading 0 native plugins for Editor in 0.00 ms.
Mono: successfully reloaded assembly
- Completed reload, in  0.942 seconds
Platform modules already initialized, skipping
Refreshing native plugins compatible for Editor in 0.27 ms, found 0 plugins.
Preloading 0 native plugins for Editor in 0.00 ms.
Unloading 1241 Unused Serialized files (Serialized files now loaded: 0)
System memory in use before: 65.3 MB.
System memory in use after: 65.4 MB.

Unloading 4 unused Assets to reduce memory usage. Loaded Objects now: 1861.
Total: 2.159300 ms (FindLiveObjects: 0.258700 ms CreateObjectMapping: 0.044300 ms MarkObjects: 1.839200 ms  DeleteObjects: 0.015800 ms)

========================================================================
Received Prepare
Registering precompiled user dll's ...
Registered in 0.001335 seconds.
Begin MonoManager ReloadAssembly
Native extension for LinuxStandalone target not found
Native extension for WindowsStandalone target not found
Native extension for OSXStandalone target not found
Refreshing native plugins compatible for Editor in 0.30 ms, found 0 plugins.
Preloading 0 native plugins for Editor in 0.00 ms.
Mono: successfully reloaded assembly
- Completed reload, in  1.248 seconds
Platform modules already initialized, skipping
Refreshing native plugins compatible for Editor in 0.33 ms, found 0 plugins.
Preloading 0 native plugins for Editor in 0.00 ms.
Unloading 1241 Unused Serialized files (Serialized files now loaded: 0)
System memory in use before: 65.3 MB.
System memory in use after: 65.4 MB.

Unloading 4 unused Assets to reduce memory usage. Loaded Objects now: 1864.
Total: 2.262400 ms (FindLiveObjects: 0.229000 ms CreateObjectMapping: 0.044400 ms MarkObjects: 1.955100 ms  DeleteObjects: 0.032400 ms)

========================================================================
Received Prepare
Registering precompiled user dll's ...
Registered in 0.001758 seconds.
Begin MonoManager ReloadAssembly
Native extension for LinuxStandalone target not found
Native extension for WindowsStandalone target not found
Native extension for OSXStandalone target not found
Refreshing native plugins compatible for Editor in 0.30 ms, found 0 plugins.
Preloading 0 native plugins for Editor in 0.00 ms.
Mono: successfully reloaded assembly
- Completed reload, in  1.293 seconds
Platform modules already initialized, skipping
Refreshing native plugins compatible for Editor in 0.44 ms, found 0 plugins.
Preloading 0 native plugins for Editor in 0.00 ms.
Unloading 1241 Unused Serialized files (Serialized files now loaded: 0)
System memory in use before: 65.3 MB.
System memory in use after: 65.4 MB.

Unloading 4 unused Assets to reduce memory usage. Loaded Objects now: 1867.
Total: 2.183400 ms (FindLiveObjects: 0.230500 ms CreateObjectMapping: 0.095400 ms MarkObjects: 1.840700 ms  DeleteObjects: 0.015100 ms)

========================================================================
Received Prepare
Registering precompiled user dll's ...
Registered in 0.001182 seconds.
Begin MonoManager ReloadAssembly
Native extension for LinuxStandalone target not found
Native extension for WindowsStandalone target not found
Native extension for OSXStandalone target not found
Refreshing native plugins compatible for Editor in 0.23 ms, found 0 plugins.
Preloading 0 native plugins for Editor in 0.00 ms.
Mono: successfully reloaded assembly
- Completed reload, in  1.217 seconds
Platform modules already initialized, skipping
Refreshing native plugins compatible for Editor in 0.26 ms, found 0 plugins.
Preloading 0 native plugins for Editor in 0.00 ms.
Unloading 1241 Unused Serialized files (Serialized files now loaded: 0)
System memory in use before: 65.3 MB.
System memory in use after: 65.4 MB.

Unloading 4 unused Assets to reduce memory usage. Loaded Objects now: 1870.
Total: 1.777000 ms (FindLiveObjects: 0.222900 ms CreateObjectMapping: 0.047600 ms MarkObjects: 1.489300 ms  DeleteObjects: 0.015800 ms)

========================================================================
Received Prepare
Registering precompiled user dll's ...
Registered in 0.001401 seconds.
Begin MonoManager ReloadAssembly
Native extension for LinuxStandalone target not found
Native extension for WindowsStandalone target not found
Native extension for OSXStandalone target not found
Refreshing native plugins compatible for Editor in 0.38 ms, found 0 plugins.
Preloading 0 native plugins for Editor in 0.00 ms.
Mono: successfully reloaded assembly
- Completed reload, in  1.322 seconds
Platform modules already initialized, skipping
Refreshing native plugins compatible for Editor in 0.33 ms, found 0 plugins.
Preloading 0 native plugins for Editor in 0.00 ms.
Unloading 1241 Unused Serialized files (Serialized files now loaded: 0)
System memory in use before: 65.3 MB.
System memory in use after: 65.4 MB.

Unloading 4 unused Assets to reduce memory usage. Loaded Objects now: 1873.
Total: 2.292100 ms (FindLiveObjects: 0.181300 ms CreateObjectMapping: 0.056400 ms MarkObjects: 2.032300 ms  DeleteObjects: 0.019800 ms)

========================================================================
Received Prepare
Registering precompiled user dll's ...
Registered in 0.001792 seconds.
Begin MonoManager ReloadAssembly
Native extension for LinuxStandalone target not found
Native extension for WindowsStandalone target not found
Native extension for OSXStandalone target not found
Refreshing native plugins compatible for Editor in 0.28 ms, found 0 plugins.
Preloading 0 native plugins for Editor in 0.00 ms.
Mono: successfully reloaded assembly
- Completed reload, in  1.219 seconds
Platform modules already initialized, skipping
Refreshing native plugins compatible for Editor in 0.23 ms, found 0 plugins.
Preloading 0 native plugins for Editor in 0.00 ms.
Unloading 1241 Unused Serialized files (Serialized files now loaded: 0)
System memory in use before: 65.3 MB.
System memory in use after: 65.4 MB.

Unloading 4 unused Assets to reduce memory usage. Loaded Objects now: 1876.
Total: 3.528800 ms (FindLiveObjects: 0.268000 ms CreateObjectMapping: 0.064600 ms MarkObjects: 3.164000 ms  DeleteObjects: 0.029700 ms)

========================================================================
Received Import Request.
  Time since last request: 3871.542864 seconds.
  path: Assets/Resources/Spawnable Entities/Universal/Player.prefab
  artifactKey: Guid(93f4c8f1b698f7942ada7e5d5b601da1) Importer(815301076,1909f56bfc062723c751e8b465ee728b)
Start importing Assets/Resources/Spawnable Entities/Universal/Player.prefab using Guid(93f4c8f1b698f7942ada7e5d5b601da1) Importer(815301076,1909f56bfc062723c751e8b465ee728b)  -> (artifact id: '888dd3bfb90fd03c32e8e78358931394') in 0.094258 seconds
  Import took 0.098665 seconds .

========================================================================
Received Import Request.
  Time since last request: 2.686367 seconds.
  path: Assets/Resources/Spawnable Entities/Universal/Player.prefab
  artifactKey: Guid(93f4c8f1b698f7942ada7e5d5b601da1) Importer(815301076,1909f56bfc062723c751e8b465ee728b)
Start importing Assets/Resources/Spawnable Entities/Universal/Player.prefab using Guid(93f4c8f1b698f7942ada7e5d5b601da1) Importer(815301076,1909f56bfc062723c751e8b465ee728b)  -> (artifact id: '4aa1eb1a9f7f88978bf9c8ba749474df') in 0.022030 seconds
  Import took 0.026854 seconds .

========================================================================
Received Prepare
Registering precompiled user dll's ...
Registered in 0.001715 seconds.
Begin MonoManager ReloadAssembly
Native extension for LinuxStandalone target not found
Native extension for WindowsStandalone target not found
Native extension for OSXStandalone target not found
Refreshing native plugins compatible for Editor in 0.46 ms, found 0 plugins.
Preloading 0 native plugins for Editor in 0.00 ms.
Mono: successfully reloaded assembly
- Completed reload, in  1.479 seconds
Platform modules already initialized, skipping
Refreshing native plugins compatible for Editor in 0.32 ms, found 0 plugins.
Preloading 0 native plugins for Editor in 0.00 ms.
Unloading 1241 Unused Serialized files (Serialized files now loaded: 0)
System memory in use before: 65.3 MB.
System memory in use after: 65.4 MB.

Unloading 4 unused Assets to reduce memory usage. Loaded Objects now: 1880.
Total: 4.079500 ms (FindLiveObjects: 0.426700 ms CreateObjectMapping: 0.093100 ms MarkObjects: 3.526700 ms  DeleteObjects: 0.030300 ms)

========================================================================
Received Import Request.
  Time since last request: 8662.912424 seconds.
  path: Assets/Scenes/TestAreaScene.unity
  artifactKey: Guid(94e189c0c902d9d41b85d1d7b35a0e33) Importer(815301076,1909f56bfc062723c751e8b465ee728b)
Start importing Assets/Scenes/TestAreaScene.unity using Guid(94e189c0c902d9d41b85d1d7b35a0e33) Importer(815301076,1909f56bfc062723c751e8b465ee728b)  -> (artifact id: 'd016be081f4a9cd0f6accfe7b0566e71') in 0.016709 seconds
  Import took 0.020462 seconds .

========================================================================
Received Import Request.
  Time since last request: 53020.402201 seconds.
  path: ProjectSettings/TagManager.asset
  artifactKey: Guid(00000000000000003000000000000000) Importer(815301076,1909f56bfc062723c751e8b465ee728b)
Start importing ProjectSettings/TagManager.asset using Guid(00000000000000003000000000000000) Importer(815301076,1909f56bfc062723c751e8b465ee728b)  -> (artifact id: 'baf30877d01f7220ac42cf3d60ec00bc') in 0.032373 seconds
  Import took 0.067149 seconds .

========================================================================
Received Import Request.
  Time since last request: 50.128665 seconds.
  path: ProjectSettings/TagManager.asset
  artifactKey: Guid(00000000000000003000000000000000) Importer(815301076,1909f56bfc062723c751e8b465ee728b)
Start importing ProjectSettings/TagManager.asset using Guid(00000000000000003000000000000000) Importer(815301076,1909f56bfc062723c751e8b465ee728b)  -> (artifact id: 'd765c90baf18230dbaa6825cca97ac43') in 0.005454 seconds
  Import took 0.008558 seconds .

========================================================================
Received Import Request.
  Time since last request: 10294.709569 seconds.
  path: Assets/Scripts/CameraController.cs
  artifactKey: Guid(f223e9aaeda7aa94e9552e17d6c3b526) Importer(815301076,1909f56bfc062723c751e8b465ee728b)
Start importing Assets/Scripts/CameraController.cs using Guid(f223e9aaeda7aa94e9552e17d6c3b526) Importer(815301076,1909f56bfc062723c751e8b465ee728b)  -> (artifact id: '8b524e9de26503f0fc47c4373f83d224') in 0.007849 seconds
  Import took 0.300756 seconds .

========================================================================
Received Prepare
Registering precompiled user dll's ...
Registered in 0.001217 seconds.
Begin MonoManager ReloadAssembly
Native extension for LinuxStandalone target not found
Native extension for WindowsStandalone target not found
Native extension for OSXStandalone target not found
Refreshing native plugins compatible for Editor in 0.30 ms, found 0 plugins.
Preloading 0 native plugins for Editor in 0.00 ms.
Mono: successfully reloaded assembly
- Completed reload, in  1.414 seconds
Platform modules already initialized, skipping
Refreshing native plugins compatible for Editor in 0.28 ms, found 0 plugins.
Preloading 0 native plugins for Editor in 0.00 ms.
Unloading 1242 Unused Serialized files (Serialized files now loaded: 0)
System memory in use before: 65.4 MB.
System memory in use after: 65.5 MB.

Unloading 6 unused Assets to reduce memory usage. Loaded Objects now: 1884.
Total: 2.683600 ms (FindLiveObjects: 0.386400 ms CreateObjectMapping: 0.085300 ms MarkObjects: 2.175400 ms  DeleteObjects: 0.035100 ms)

========================================================================
Received Import Request.
  Time since last request: 12676.491125 seconds.
  path: Assets/Scenes/Test3DScene.unity
  artifactKey: Guid(fdc0e062b1d571b4e992b4bda2099633) Importer(815301076,1909f56bfc062723c751e8b465ee728b)
Start importing Assets/Scenes/Test3DScene.unity using Guid(fdc0e062b1d571b4e992b4bda2099633) Importer(815301076,1909f56bfc062723c751e8b465ee728b)  -> (artifact id: 'b1508b4f2304640edd0e2a2ec3a43ef7') in 0.149028 seconds
  Import took 0.298272 seconds .

========================================================================
Received Import Request.
  Time since last request: 193.087991 seconds.
  path: Assets/Media/Textures
  artifactKey: Guid(614b2c8da05006640bc364bb65083824) Importer(815301076,1909f56bfc062723c751e8b465ee728b)
Start importing Assets/Media/Textures using Guid(614b2c8da05006640bc364bb65083824) Importer(815301076,1909f56bfc062723c751e8b465ee728b)  -> (artifact id: '15ef03fe9c9035c94885ff2b6ccca52d') in 0.003099 seconds
  Import took 0.005875 seconds .

========================================================================
Received Import Request.
  Time since last request: 0.654561 seconds.
  path: Assets/Media/Textures/floor_texture.png
  artifactKey: Guid(6a9b9fcf3b3b0464d8520809ccc70be3) Importer(815301076,1909f56bfc062723c751e8b465ee728b)
Start importing Assets/Media/Textures/floor_texture.png using Guid(6a9b9fcf3b3b0464d8520809ccc70be3) Importer(815301076,1909f56bfc062723c751e8b465ee728b)  -> (artifact id: '41303ec18797ccf4d5d7d46227cc091a') in 0.135528 seconds
  Import took 0.159558 seconds .

========================================================================
Received Import Request.
  Time since last request: 8.801111 seconds.
  path: Assets/Media/Textures/floor_texture.png
  artifactKey: Guid(6a9b9fcf3b3b0464d8520809ccc70be3) Importer(815301076,1909f56bfc062723c751e8b465ee728b)
Start importing Assets/Media/Textures/floor_texture.png using Guid(6a9b9fcf3b3b0464d8520809ccc70be3) Importer(815301076,1909f56bfc062723c751e8b465ee728b)  -> (artifact id: '217b864b3acbd83675da52fddd407e30') in 0.009593 seconds
  Import took 0.040197 seconds .

========================================================================
Received Import Request.
  Time since last request: 2.037593 seconds.
  path: Assets/Media/Textures/wall_texture.png
  artifactKey: Guid(3ad35cc41ef686d4aaa3211fb8cbeb8a) Importer(815301076,1909f56bfc062723c751e8b465ee728b)
Start importing Assets/Media/Textures/wall_texture.png using Guid(3ad35cc41ef686d4aaa3211fb8cbeb8a) Importer(815301076,1909f56bfc062723c751e8b465ee728b)  -> (artifact id: 'd5eba9e245f4364f270bf05b9ccdf885') in 0.008394 seconds
  Import took 0.163515 seconds .

========================================================================
Received Import Request.
  Time since last request: 22.377893 seconds.
  path: Assets/Media/Textures/floor_texture.png
  artifactKey: Guid(6a9b9fcf3b3b0464d8520809ccc70be3) Importer(815301076,1909f56bfc062723c751e8b465ee728b)
Start importing Assets/Media/Textures/floor_texture.png using Guid(6a9b9fcf3b3b0464d8520809ccc70be3) Importer(815301076,1909f56bfc062723c751e8b465ee728b)  -> (artifact id: 'b9b5cbe2a6e09cd0ce4f1b9a9d2dc23b') in 0.008734 seconds
  Import took 0.022588 seconds .

========================================================================
Received Import Request.
  Time since last request: 3.661567 seconds.
  path: Assets/Media/Textures/wall_texture.png
  artifactKey: Guid(3ad35cc41ef686d4aaa3211fb8cbeb8a) Importer(815301076,1909f56bfc062723c751e8b465ee728b)
Start importing Assets/Media/Textures/wall_texture.png using Guid(3ad35cc41ef686d4aaa3211fb8cbeb8a) Importer(815301076,1909f56bfc062723c751e8b465ee728b)  -> (artifact id: '92ed9f5a67d0c21ea898e8177d3f0a72') in 0.008787 seconds
  Import took 0.036149 seconds .

========================================================================
Received Import Request.
  Time since last request: 998.443188 seconds.
  path: Assets/Scenes/Test3DScene.unity
  artifactKey: Guid(fdc0e062b1d571b4e992b4bda2099633) Importer(815301076,1909f56bfc062723c751e8b465ee728b)
Start importing Assets/Scenes/Test3DScene.unity using Guid(fdc0e062b1d571b4e992b4bda2099633) Importer(815301076,1909f56bfc062723c751e8b465ee728b)  -> (artifact id: 'a4918ec9fae72906c3578ca5dfc360fb') in 0.003760 seconds
  Import took 0.007177 seconds .

========================================================================
Received Import Request.
  Time since last request: 1.266113 seconds.
  path: Assets/Scenes/TestAreaScene.unity
  artifactKey: Guid(94e189c0c902d9d41b85d1d7b35a0e33) Importer(815301076,1909f56bfc062723c751e8b465ee728b)
Start importing Assets/Scenes/TestAreaScene.unity using Guid(94e189c0c902d9d41b85d1d7b35a0e33) Importer(815301076,1909f56bfc062723c751e8b465ee728b)  -> (artifact id: 'b0765ecefda074e88d95954c67a7bb39') in 0.003756 seconds
  Import took 0.006427 seconds .

========================================================================
Received Import Request.
  Time since last request: 49.119806 seconds.
  path: Assets/Scenes/Test3DScene.unity
  artifactKey: Guid(fdc0e062b1d571b4e992b4bda2099633) Importer(815301076,1909f56bfc062723c751e8b465ee728b)
Start importing Assets/Scenes/Test3DScene.unity using Guid(fdc0e062b1d571b4e992b4bda2099633) Importer(815301076,1909f56bfc062723c751e8b465ee728b)  -> (artifact id: 'c1a05e8c1a9d99707ce1e505aa695e8e') in 0.004458 seconds
  Import took 0.006870 seconds .

========================================================================
Received Prepare
Registering precompiled user dll's ...
Registered in 0.001891 seconds.
Begin MonoManager ReloadAssembly
Native extension for LinuxStandalone target not found
Native extension for WindowsStandalone target not found
Native extension for OSXStandalone target not found
Refreshing native plugins compatible for Editor in 0.50 ms, found 0 plugins.
Preloading 0 native plugins for Editor in 0.00 ms.
Mono: successfully reloaded assembly
- Completed reload, in  1.410 seconds
Platform modules already initialized, skipping
Refreshing native plugins compatible for Editor in 0.31 ms, found 0 plugins.
Preloading 0 native plugins for Editor in 0.00 ms.
Unloading 1242 Unused Serialized files (Serialized files now loaded: 0)
System memory in use before: 65.4 MB.
System memory in use after: 65.5 MB.

Unloading 4 unused Assets to reduce memory usage. Loaded Objects now: 1892.
Total: 2.411700 ms (FindLiveObjects: 0.177800 ms CreateObjectMapping: 0.068100 ms MarkObjects: 2.131500 ms  DeleteObjects: 0.032600 ms)

========================================================================
Received Prepare
Registering precompiled user dll's ...
Registered in 0.000901 seconds.
Begin MonoManager ReloadAssembly
Native extension for LinuxStandalone target not found
Native extension for WindowsStandalone target not found
Native extension for OSXStandalone target not found
Refreshing native plugins compatible for Editor in 0.25 ms, found 0 plugins.
Preloading 0 native plugins for Editor in 0.00 ms.
Mono: successfully reloaded assembly
- Completed reload, in  0.984 seconds
Platform modules already initialized, skipping
Refreshing native plugins compatible for Editor in 0.36 ms, found 0 plugins.
Preloading 0 native plugins for Editor in 0.00 ms.
Unloading 1242 Unused Serialized files (Serialized files now loaded: 0)
System memory in use before: 65.5 MB.
System memory in use after: 65.6 MB.

Unloading 4 unused Assets to reduce memory usage. Loaded Objects now: 1895.
Total: 2.302600 ms (FindLiveObjects: 0.184000 ms CreateObjectMapping: 0.046000 ms MarkObjects: 2.036400 ms  DeleteObjects: 0.034500 ms)

========================================================================
Received Import Request.
  Time since last request: 610.703082 seconds.
  path: Assets/Resources
  artifactKey: Guid(566563c279bb3b14c91ed31f712195ff) Importer(815301076,1909f56bfc062723c751e8b465ee728b)
Start importing Assets/Resources using Guid(566563c279bb3b14c91ed31f712195ff) Importer(815301076,1909f56bfc062723c751e8b465ee728b)  -> (artifact id: 'f7f7cd0318fadbdda532796f4f2aeb7e') in 0.006443 seconds
  Import took 0.030219 seconds .

========================================================================
Received Import Request.
  Time since last request: 4.580371 seconds.
  path: Assets/Resources/CameraSettings
  artifactKey: Guid(52a1cb03842fb7940a6ed7e0ee9acd22) Importer(815301076,1909f56bfc062723c751e8b465ee728b)
Start importing Assets/Resources/CameraSettings using Guid(52a1cb03842fb7940a6ed7e0ee9acd22) Importer(815301076,1909f56bfc062723c751e8b465ee728b)  -> (artifact id: 'd5226e2d48913d7d8986cb996e208307') in 0.004230 seconds
  Import took 0.007011 seconds .

========================================================================
Received Import Request.
  Time since last request: 8.420735 seconds.
  path: Assets/Resources/CameraSettings/DefaultCamera.prefab
  artifactKey: Guid(f19794aa772cea44e8280e02bcdd09a0) Importer(815301076,1909f56bfc062723c751e8b465ee728b)
Start importing Assets/Resources/CameraSettings/DefaultCamera.prefab using Guid(f19794aa772cea44e8280e02bcdd09a0) Importer(815301076,1909f56bfc062723c751e8b465ee728b)  -> (artifact id: '705e52eaf0e8054c8daab0a363309876') in 0.034053 seconds
  Import took 0.063469 seconds .

========================================================================
Received Prepare
Registering precompiled user dll's ...
Registered in 0.001093 seconds.
Begin MonoManager ReloadAssembly
Native extension for LinuxStandalone target not found
Native extension for WindowsStandalone target not found
Native extension for OSXStandalone target not found
Refreshing native plugins compatible for Editor in 0.34 ms, found 0 plugins.
Preloading 0 native plugins for Editor in 0.00 ms.
Mono: successfully reloaded assembly
- Completed reload, in  1.061 seconds
Platform modules already initialized, skipping
Refreshing native plugins compatible for Editor in 0.42 ms, found 0 plugins.
Preloading 0 native plugins for Editor in 0.00 ms.
Unloading 1242 Unused Serialized files (Serialized files now loaded: 0)
System memory in use before: 65.5 MB.
System memory in use after: 65.6 MB.

Unloading 4 unused Assets to reduce memory usage. Loaded Objects now: 1898.
Total: 2.867100 ms (FindLiveObjects: 0.303200 ms CreateObjectMapping: 0.107000 ms MarkObjects: 2.429500 ms  DeleteObjects: 0.025100 ms)

========================================================================
Received Import Request.
  Time since last request: 136.940159 seconds.
  path: Assets/Resources/CameraSettings/DefaultCamera.prefab
  artifactKey: Guid(f19794aa772cea44e8280e02bcdd09a0) Importer(815301076,1909f56bfc062723c751e8b465ee728b)
Start importing Assets/Resources/CameraSettings/DefaultCamera.prefab using Guid(f19794aa772cea44e8280e02bcdd09a0) Importer(815301076,1909f56bfc062723c751e8b465ee728b)  -> (artifact id: '43e8a066b90df36721f7dd3ec61328ed') in 0.032496 seconds
  Import took 0.035130 seconds .

========================================================================
Received Prepare
Registering precompiled user dll's ...
Registered in 0.001185 seconds.
Begin MonoManager ReloadAssembly
Native extension for LinuxStandalone target not found
Native extension for WindowsStandalone target not found
Native extension for OSXStandalone target not found
Refreshing native plugins compatible for Editor in 0.29 ms, found 0 plugins.
Preloading 0 native plugins for Editor in 0.00 ms.
Mono: successfully reloaded assembly
- Completed reload, in  1.026 seconds
Platform modules already initialized, skipping
Refreshing native plugins compatible for Editor in 0.26 ms, found 0 plugins.
Preloading 0 native plugins for Editor in 0.00 ms.
Unloading 1242 Unused Serialized files (Serialized files now loaded: 0)
System memory in use before: 65.5 MB.
System memory in use after: 65.6 MB.

Unloading 4 unused Assets to reduce memory usage. Loaded Objects now: 1901.
Total: 1.843000 ms (FindLiveObjects: 0.167000 ms CreateObjectMapping: 0.043800 ms MarkObjects: 1.617700 ms  DeleteObjects: 0.013600 ms)

========================================================================
Received Prepare
Registering precompiled user dll's ...
Registered in 0.000967 seconds.
Begin MonoManager ReloadAssembly
Native extension for LinuxStandalone target not found
Native extension for WindowsStandalone target not found
Native extension for OSXStandalone target not found
Refreshing native plugins compatible for Editor in 0.42 ms, found 0 plugins.
Preloading 0 native plugins for Editor in 0.00 ms.
Mono: successfully reloaded assembly
- Completed reload, in  1.055 seconds
Platform modules already initialized, skipping
Refreshing native plugins compatible for Editor in 0.23 ms, found 0 plugins.
Preloading 0 native plugins for Editor in 0.00 ms.
Unloading 1242 Unused Serialized files (Serialized files now loaded: 0)
System memory in use before: 65.5 MB.
System memory in use after: 65.6 MB.

Unloading 4 unused Assets to reduce memory usage. Loaded Objects now: 1904.
Total: 2.357300 ms (FindLiveObjects: 0.225900 ms CreateObjectMapping: 0.055500 ms MarkObjects: 2.029600 ms  DeleteObjects: 0.044700 ms)

========================================================================
Received Prepare
Registering precompiled user dll's ...
Registered in 0.001222 seconds.
Begin MonoManager ReloadAssembly
Native extension for LinuxStandalone target not found
Native extension for WindowsStandalone target not found
Native extension for OSXStandalone target not found
Refreshing native plugins compatible for Editor in 0.23 ms, found 0 plugins.
Preloading 0 native plugins for Editor in 0.00 ms.
Mono: successfully reloaded assembly
- Completed reload, in  1.015 seconds
Platform modules already initialized, skipping
Refreshing native plugins compatible for Editor in 0.40 ms, found 0 plugins.
Preloading 0 native plugins for Editor in 0.00 ms.
Unloading 1242 Unused Serialized files (Serialized files now loaded: 0)
System memory in use before: 65.5 MB.
System memory in use after: 65.6 MB.

Unloading 4 unused Assets to reduce memory usage. Loaded Objects now: 1907.
Total: 2.609000 ms (FindLiveObjects: 0.308400 ms CreateObjectMapping: 0.090000 ms MarkObjects: 2.173300 ms  DeleteObjects: 0.035600 ms)

========================================================================
Received Prepare
Registering precompiled user dll's ...
Registered in 0.000924 seconds.
Begin MonoManager ReloadAssembly
Native extension for LinuxStandalone target not found
Native extension for WindowsStandalone target not found
Native extension for OSXStandalone target not found
Refreshing native plugins compatible for Editor in 0.23 ms, found 0 plugins.
Preloading 0 native plugins for Editor in 0.00 ms.
Mono: successfully reloaded assembly
- Completed reload, in  1.027 seconds
Platform modules already initialized, skipping
Refreshing native plugins compatible for Editor in 0.24 ms, found 0 plugins.
Preloading 0 native plugins for Editor in 0.00 ms.
Unloading 1242 Unused Serialized files (Serialized files now loaded: 0)
System memory in use before: 65.5 MB.
System memory in use after: 65.6 MB.

Unloading 4 unused Assets to reduce memory usage. Loaded Objects now: 1910.
Total: 2.229600 ms (FindLiveObjects: 0.168900 ms CreateObjectMapping: 0.047700 ms MarkObjects: 1.973200 ms  DeleteObjects: 0.038500 ms)

========================================================================
Received Prepare
Registering precompiled user dll's ...
Registered in 0.000859 seconds.
Begin MonoManager ReloadAssembly
Native extension for LinuxStandalone target not found
Native extension for WindowsStandalone target not found
Native extension for OSXStandalone target not found
Refreshing native plugins compatible for Editor in 0.24 ms, found 0 plugins.
Preloading 0 native plugins for Editor in 0.00 ms.
Mono: successfully reloaded assembly
- Completed reload, in  1.019 seconds
Platform modules already initialized, skipping
Refreshing native plugins compatible for Editor in 0.52 ms, found 0 plugins.
Preloading 0 native plugins for Editor in 0.00 ms.
Unloading 1242 Unused Serialized files (Serialized files now loaded: 0)
System memory in use before: 65.5 MB.
System memory in use after: 65.6 MB.

Unloading 4 unused Assets to reduce memory usage. Loaded Objects now: 1913.
Total: 2.320800 ms (FindLiveObjects: 0.256700 ms CreateObjectMapping: 0.072100 ms MarkObjects: 1.954100 ms  DeleteObjects: 0.036300 ms)

========================================================================
Received Prepare
Registering precompiled user dll's ...
Registered in 0.000932 seconds.
Begin MonoManager ReloadAssembly
Native extension for LinuxStandalone target not found
Native extension for WindowsStandalone target not found
Native extension for OSXStandalone target not found
Refreshing native plugins compatible for Editor in 0.23 ms, found 0 plugins.
Preloading 0 native plugins for Editor in 0.00 ms.
Mono: successfully reloaded assembly
- Completed reload, in  1.079 seconds
Platform modules already initialized, skipping
Refreshing native plugins compatible for Editor in 0.36 ms, found 0 plugins.
Preloading 0 native plugins for Editor in 0.00 ms.
Unloading 1242 Unused Serialized files (Serialized files now loaded: 0)
System memory in use before: 65.5 MB.
System memory in use after: 65.6 MB.

Unloading 4 unused Assets to reduce memory usage. Loaded Objects now: 1916.
Total: 2.089800 ms (FindLiveObjects: 0.204600 ms CreateObjectMapping: 0.045100 ms MarkObjects: 1.824300 ms  DeleteObjects: 0.014900 ms)

========================================================================
Received Prepare
Registering precompiled user dll's ...
Registered in 0.001460 seconds.
Begin MonoManager ReloadAssembly
Native extension for LinuxStandalone target not found
Native extension for WindowsStandalone target not found
Native extension for OSXStandalone target not found
Refreshing native plugins compatible for Editor in 0.27 ms, found 0 plugins.
Preloading 0 native plugins for Editor in 0.00 ms.
Mono: successfully reloaded assembly
- Completed reload, in  1.149 seconds
Platform modules already initialized, skipping
Refreshing native plugins compatible for Editor in 0.25 ms, found 0 plugins.
Preloading 0 native plugins for Editor in 0.00 ms.
Unloading 1242 Unused Serialized files (Serialized files now loaded: 0)
System memory in use before: 65.5 MB.
System memory in use after: 65.6 MB.

Unloading 4 unused Assets to reduce memory usage. Loaded Objects now: 1919.
Total: 2.360200 ms (FindLiveObjects: 0.203800 ms CreateObjectMapping: 0.060300 ms MarkObjects: 2.076900 ms  DeleteObjects: 0.017300 ms)

========================================================================
Received Prepare
Registering precompiled user dll's ...
Registered in 0.000965 seconds.
Begin MonoManager ReloadAssembly
Native extension for LinuxStandalone target not found
Native extension for WindowsStandalone target not found
Native extension for OSXStandalone target not found
Refreshing native plugins compatible for Editor in 0.30 ms, found 0 plugins.
Preloading 0 native plugins for Editor in 0.00 ms.
Mono: successfully reloaded assembly
- Completed reload, in  1.077 seconds
Platform modules already initialized, skipping
Refreshing native plugins compatible for Editor in 0.27 ms, found 0 plugins.
Preloading 0 native plugins for Editor in 0.00 ms.
Unloading 1242 Unused Serialized files (Serialized files now loaded: 0)
System memory in use before: 65.5 MB.
System memory in use after: 65.6 MB.

Unloading 4 unused Assets to reduce memory usage. Loaded Objects now: 1922.
Total: 1.997000 ms (FindLiveObjects: 0.164200 ms CreateObjectMapping: 0.044100 ms MarkObjects: 1.746600 ms  DeleteObjects: 0.040800 ms)

========================================================================
Received Prepare
Registering precompiled user dll's ...
Registered in 0.000909 seconds.
Begin MonoManager ReloadAssembly
Native extension for LinuxStandalone target not found
Native extension for WindowsStandalone target not found
Native extension for OSXStandalone target not found
Refreshing native plugins compatible for Editor in 0.23 ms, found 0 plugins.
Preloading 0 native plugins for Editor in 0.00 ms.
Mono: successfully reloaded assembly
- Completed reload, in  1.020 seconds
Platform modules already initialized, skipping
Refreshing native plugins compatible for Editor in 0.26 ms, found 0 plugins.
Preloading 0 native plugins for Editor in 0.00 ms.
Unloading 1242 Unused Serialized files (Serialized files now loaded: 0)
System memory in use before: 65.5 MB.
System memory in use after: 65.6 MB.

Unloading 4 unused Assets to reduce memory usage. Loaded Objects now: 1925.
Total: 2.075200 ms (FindLiveObjects: 0.168500 ms CreateObjectMapping: 0.039600 ms MarkObjects: 1.850400 ms  DeleteObjects: 0.015300 ms)

========================================================================
Received Prepare
Registering precompiled user dll's ...
Registered in 0.001434 seconds.
Begin MonoManager ReloadAssembly
Native extension for LinuxStandalone target not found
Native extension for WindowsStandalone target not found
Native extension for OSXStandalone target not found
Refreshing native plugins compatible for Editor in 0.23 ms, found 0 plugins.
Preloading 0 native plugins for Editor in 0.00 ms.
Mono: successfully reloaded assembly
- Completed reload, in  1.031 seconds
Platform modules already initialized, skipping
Refreshing native plugins compatible for Editor in 0.26 ms, found 0 plugins.
Preloading 0 native plugins for Editor in 0.00 ms.
Unloading 1242 Unused Serialized files (Serialized files now loaded: 0)
System memory in use before: 65.5 MB.
System memory in use after: 65.6 MB.

Unloading 4 unused Assets to reduce memory usage. Loaded Objects now: 1928.
Total: 2.830600 ms (FindLiveObjects: 0.153200 ms CreateObjectMapping: 0.041200 ms MarkObjects: 2.616400 ms  DeleteObjects: 0.018700 ms)

========================================================================
Received Prepare
Registering precompiled user dll's ...
Registered in 0.000929 seconds.
Begin MonoManager ReloadAssembly
Native extension for LinuxStandalone target not found
Native extension for WindowsStandalone target not found
Native extension for OSXStandalone target not found
Refreshing native plugins compatible for Editor in 0.33 ms, found 0 plugins.
Preloading 0 native plugins for Editor in 0.00 ms.
Mono: successfully reloaded assembly
- Completed reload, in  0.988 seconds
Platform modules already initialized, skipping
Refreshing native plugins compatible for Editor in 0.24 ms, found 0 plugins.
Preloading 0 native plugins for Editor in 0.00 ms.
Unloading 1242 Unused Serialized files (Serialized files now loaded: 0)
System memory in use before: 65.5 MB.
System memory in use after: 65.6 MB.

Unloading 4 unused Assets to reduce memory usage. Loaded Objects now: 1931.
Total: 2.352800 ms (FindLiveObjects: 0.447100 ms CreateObjectMapping: 0.172600 ms MarkObjects: 1.715900 ms  DeleteObjects: 0.015500 ms)

========================================================================
Received Prepare
Registering precompiled user dll's ...
Registered in 0.001084 seconds.
Begin MonoManager ReloadAssembly
Native extension for LinuxStandalone target not found
Native extension for WindowsStandalone target not found
Native extension for OSXStandalone target not found
Refreshing native plugins compatible for Editor in 0.34 ms, found 0 plugins.
Preloading 0 native plugins for Editor in 0.00 ms.
Mono: successfully reloaded assembly
- Completed reload, in  1.022 seconds
Platform modules already initialized, skipping
Refreshing native plugins compatible for Editor in 0.35 ms, found 0 plugins.
Preloading 0 native plugins for Editor in 0.00 ms.
Unloading 1242 Unused Serialized files (Serialized files now loaded: 0)
System memory in use before: 65.5 MB.
System memory in use after: 65.6 MB.

Unloading 4 unused Assets to reduce memory usage. Loaded Objects now: 1934.
Total: 3.073900 ms (FindLiveObjects: 0.360300 ms CreateObjectMapping: 0.178000 ms MarkObjects: 2.503300 ms  DeleteObjects: 0.031000 ms)

========================================================================
Received Prepare
Registering precompiled user dll's ...
Registered in 0.001200 seconds.
Begin MonoManager ReloadAssembly
Native extension for LinuxStandalone target not found
Native extension for WindowsStandalone target not found
Native extension for OSXStandalone target not found
Refreshing native plugins compatible for Editor in 0.24 ms, found 0 plugins.
Preloading 0 native plugins for Editor in 0.00 ms.
Mono: successfully reloaded assembly
- Completed reload, in  1.003 seconds
Platform modules already initialized, skipping
Refreshing native plugins compatible for Editor in 0.40 ms, found 0 plugins.
Preloading 0 native plugins for Editor in 0.00 ms.
Unloading 1242 Unused Serialized files (Serialized files now loaded: 0)
System memory in use before: 65.5 MB.
System memory in use after: 65.6 MB.

Unloading 4 unused Assets to reduce memory usage. Loaded Objects now: 1937.
Total: 2.507900 ms (FindLiveObjects: 0.247900 ms CreateObjectMapping: 0.134100 ms MarkObjects: 2.057800 ms  DeleteObjects: 0.066600 ms)

========================================================================
Received Prepare
Registering precompiled user dll's ...
Registered in 0.001666 seconds.
Begin MonoManager ReloadAssembly
Native extension for LinuxStandalone target not found
Native extension for WindowsStandalone target not found
Native extension for OSXStandalone target not found
Refreshing native plugins compatible for Editor in 0.34 ms, found 0 plugins.
Preloading 0 native plugins for Editor in 0.00 ms.
Mono: successfully reloaded assembly
- Completed reload, in  1.040 seconds
Platform modules already initialized, skipping
Refreshing native plugins compatible for Editor in 0.27 ms, found 0 plugins.
Preloading 0 native plugins for Editor in 0.00 ms.
Unloading 1242 Unused Serialized files (Serialized files now loaded: 0)
System memory in use before: 65.5 MB.
System memory in use after: 65.6 MB.

Unloading 4 unused Assets to reduce memory usage. Loaded Objects now: 1940.
Total: 2.803500 ms (FindLiveObjects: 0.162200 ms CreateObjectMapping: 0.045000 ms MarkObjects: 2.578400 ms  DeleteObjects: 0.016500 ms)

========================================================================
Received Prepare
Registering precompiled user dll's ...
Registered in 0.001171 seconds.
Begin MonoManager ReloadAssembly
Native extension for LinuxStandalone target not found
Native extension for WindowsStandalone target not found
Native extension for OSXStandalone target not found
Refreshing native plugins compatible for Editor in 0.26 ms, found 0 plugins.
Preloading 0 native plugins for Editor in 0.00 ms.
Mono: successfully reloaded assembly
- Completed reload, in  1.230 seconds
Platform modules already initialized, skipping
Refreshing native plugins compatible for Editor in 0.40 ms, found 0 plugins.
Preloading 0 native plugins for Editor in 0.00 ms.
Unloading 1242 Unused Serialized files (Serialized files now loaded: 0)
System memory in use before: 65.5 MB.
System memory in use after: 65.6 MB.

Unloading 4 unused Assets to reduce memory usage. Loaded Objects now: 1943.
Total: 2.398400 ms (FindLiveObjects: 0.324700 ms CreateObjectMapping: 0.103000 ms MarkObjects: 1.952700 ms  DeleteObjects: 0.016200 ms)

========================================================================
Received Prepare
Registering precompiled user dll's ...
Registered in 0.000902 seconds.
Begin MonoManager ReloadAssembly
Native extension for LinuxStandalone target not found
Native extension for WindowsStandalone target not found
Native extension for OSXStandalone target not found
Refreshing native plugins compatible for Editor in 0.31 ms, found 0 plugins.
Preloading 0 native plugins for Editor in 0.00 ms.
Mono: successfully reloaded assembly
- Completed reload, in  1.371 seconds
Platform modules already initialized, skipping
Refreshing native plugins compatible for Editor in 0.26 ms, found 0 plugins.
Preloading 0 native plugins for Editor in 0.00 ms.
Unloading 1242 Unused Serialized files (Serialized files now loaded: 0)
System memory in use before: 65.5 MB.
System memory in use after: 65.6 MB.

Unloading 4 unused Assets to reduce memory usage. Loaded Objects now: 1946.
Total: 2.741100 ms (FindLiveObjects: 0.208400 ms CreateObjectMapping: 0.058200 ms MarkObjects: 2.448900 ms  DeleteObjects: 0.023300 ms)

========================================================================
Received Prepare
Registering precompiled user dll's ...
Registered in 0.001000 seconds.
Begin MonoManager ReloadAssembly
Native extension for LinuxStandalone target not found
Native extension for WindowsStandalone target not found
Native extension for OSXStandalone target not found
Refreshing native plugins compatible for Editor in 0.23 ms, found 0 plugins.
Preloading 0 native plugins for Editor in 0.00 ms.
Mono: successfully reloaded assembly
- Completed reload, in  0.991 seconds
Platform modules already initialized, skipping
Refreshing native plugins compatible for Editor in 0.24 ms, found 0 plugins.
Preloading 0 native plugins for Editor in 0.00 ms.
Unloading 1242 Unused Serialized files (Serialized files now loaded: 0)
System memory in use before: 65.6 MB.
System memory in use after: 65.7 MB.

Unloading 4 unused Assets to reduce memory usage. Loaded Objects now: 1949.
Total: 2.342200 ms (FindLiveObjects: 0.220600 ms CreateObjectMapping: 0.039300 ms MarkObjects: 2.052200 ms  DeleteObjects: 0.028900 ms)

========================================================================
Received Prepare
Refreshing native plugins compatible for Editor in 1.24 ms, found 0 plugins.
Preloading 0 native plugins for Editor in 0.00 ms.
Unloading 3 Unused Serialized files (Serialized files now loaded: 0)
System memory in use before: 41.0 MB.
System memory in use after: 41.1 MB.

Unloading 2 unused Assets to reduce memory usage. Loaded Objects now: 1949.
Total: 33.147100 ms (FindLiveObjects: 0.489800 ms CreateObjectMapping: 0.132100 ms MarkObjects: 32.501700 ms  DeleteObjects: 0.020400 ms)

