Using pre-set license
Built from '2020.3/staging' branch; Version is '2020.3.6f1 (338bb68529b2) revision 3378102'; Using compiler version '192528614'; Build Type 'Release'
OS: 'Windows 10 Home; OS build 19042.1165; Version 2009; 64bit' Language: 'en' Physical Memory: 32633 MB
BatchMode: 1, IsHumanControllingUs: 0, StartBugReporterOnCrash: 0, Is64bit: 1, IsPro: 0

 COMMAND LINE ARGUMENTS:
D:\Program Files\2020.3.6f1\Editor\Unity.exe
-adb2
-batchMode
-noUpm
-name
AssetImportWorker1
-projectPath
D:/Documents/Unity Projects/Thestral Online
-logFile
Logs/AssetImportWorker1.log
-srvPort
61190
Successfully changed project path to: D:/Documents/Unity Projects/Thestral Online
D:/Documents/Unity Projects/Thestral Online
Using Asset Import Pipeline V2.
Refreshing native plugins compatible for Editor in 40.68 ms, found 0 plugins.
Preloading 0 native plugins for Editor in 0.00 ms.
Initialize engine version: 2020.3.6f1 (338bb68529b2)
[Subsystems] Discovering subsystems at path D:/Program Files/2020.3.6f1/Editor/Data/Resources/UnitySubsystems
[Subsystems] Discovering subsystems at path D:/Documents/Unity Projects/Thestral Online/Assets
GfxDevice: creating device client; threaded=0
Direct3D:
    Version:  Direct3D 11.0 [level 11.1]
    Renderer: NVIDIA GeForce GTX 1060 with Max-Q Design (ID=0x1c20)
    Vendor:   
    VRAM:     6052 MB
    Driver:   27.21.14.6647
Initialize mono
Mono path[0] = 'D:/Program Files/2020.3.6f1/Editor/Data/Managed'
Mono path[1] = 'D:/Program Files/2020.3.6f1/Editor/Data/MonoBleedingEdge/lib/mono/unityjit'
Mono config path = 'D:/Program Files/2020.3.6f1/Editor/Data/MonoBleedingEdge/etc'
Using monoOptions --debugger-agent=transport=dt_socket,embedding=1,server=y,suspend=n,address=127.0.0.1:56804
Begin MonoManager ReloadAssembly
Registering precompiled unity dll's ...
Register platform support module: D:/Program Files/2020.3.6f1/Editor/Data/PlaybackEngines/MacStandaloneSupport/UnityEditor.OSXStandalone.Extensions.dll
Register platform support module: D:/Program Files/2020.3.6f1/Editor/Data/PlaybackEngines/WindowsStandaloneSupport/UnityEditor.WindowsStandalone.Extensions.dll
Register platform support module: D:/Program Files/2020.3.6f1/Editor/Data/PlaybackEngines/LinuxStandaloneSupport/UnityEditor.LinuxStandalone.Extensions.dll
Registered in 0.002969 seconds.
Native extension for LinuxStandalone target not found
Native extension for WindowsStandalone target not found
Native extension for OSXStandalone target not found
Refreshing native plugins compatible for Editor in 34.29 ms, found 0 plugins.
Preloading 0 native plugins for Editor in 0.00 ms.
Mono: successfully reloaded assembly
- Completed reload, in  1.968 seconds
Platform modules already initialized, skipping
Registering precompiled user dll's ...
Registered in 0.000887 seconds.
Begin MonoManager ReloadAssembly
Native extension for LinuxStandalone target not found
Native extension for WindowsStandalone target not found
Native extension for OSXStandalone target not found
Refreshing native plugins compatible for Editor in 0.24 ms, found 0 plugins.
Preloading 0 native plugins for Editor in 0.00 ms.
Mono: successfully reloaded assembly
- Completed reload, in  1.114 seconds
Platform modules already initialized, skipping
========================================================================
Worker process is ready to serve import requests
Launched and connected shader compiler UnityShaderCompiler.exe after 0.25 seconds
Refreshing native plugins compatible for Editor in 0.38 ms, found 0 plugins.
Preloading 0 native plugins for Editor in 0.00 ms.
Unloading 1263 Unused Serialized files (Serialized files now loaded: 0)
System memory in use before: 64.1 MB.
System memory in use after: 64.2 MB.

Unloading 13 unused Assets to reduce memory usage. Loaded Objects now: 1712.
Total: 5.621200 ms (FindLiveObjects: 0.352800 ms CreateObjectMapping: 0.107000 ms MarkObjects: 5.045300 ms  DeleteObjects: 0.113600 ms)

========================================================================
Received Import Request.
  path: Assets/Editor/uGUITools.cs
  artifactKey: Guid(c19df1e175814884aa29c6e9a223dff2) Importer(815301076,1909f56bfc062723c751e8b465ee728b)
Start importing Assets/Editor/uGUITools.cs using Guid(c19df1e175814884aa29c6e9a223dff2) Importer(815301076,1909f56bfc062723c751e8b465ee728b)  -> (artifact id: '5692fb0307b12e178af3e6a59a9c3962') in 0.046497 seconds
  Import took 0.048685 seconds .

========================================================================
Received Import Request.
  Time since last request: 2.717497 seconds.
  path: Assets/Editor/uGUITools.cs
  artifactKey: Guid(c19df1e175814884aa29c6e9a223dff2) Importer(815301076,1909f56bfc062723c751e8b465ee728b)
Start importing Assets/Editor/uGUITools.cs using Guid(c19df1e175814884aa29c6e9a223dff2) Importer(815301076,1909f56bfc062723c751e8b465ee728b)  -> (artifact id: '27e112e4f5fd616697bfcf7ccca007f9') in 0.003580 seconds
  Import took 0.006289 seconds .

========================================================================
Received Import Request.
  Time since last request: 6.857919 seconds.
  path: Assets/Editor/uGUITools.cs
  artifactKey: Guid(c19df1e175814884aa29c6e9a223dff2) Importer(815301076,1909f56bfc062723c751e8b465ee728b)
Start importing Assets/Editor/uGUITools.cs using Guid(c19df1e175814884aa29c6e9a223dff2) Importer(815301076,1909f56bfc062723c751e8b465ee728b)  -> (artifact id: '50b40cc5f475ad4c4b422fe56a1acdce') in 0.005183 seconds
  Import took 0.008120 seconds .

========================================================================
Received Prepare
Registering precompiled user dll's ...
Registered in 0.001271 seconds.
Begin MonoManager ReloadAssembly
Native extension for LinuxStandalone target not found
Native extension for WindowsStandalone target not found
Native extension for OSXStandalone target not found
Refreshing native plugins compatible for Editor in 0.40 ms, found 0 plugins.
Preloading 0 native plugins for Editor in 0.00 ms.
Mono: successfully reloaded assembly
- Completed reload, in  1.035 seconds
Platform modules already initialized, skipping
Refreshing native plugins compatible for Editor in 0.23 ms, found 0 plugins.
Preloading 0 native plugins for Editor in 0.00 ms.
Unloading 1244 Unused Serialized files (Serialized files now loaded: 0)
System memory in use before: 62.7 MB.
System memory in use after: 62.8 MB.

Unloading 4 unused Assets to reduce memory usage. Loaded Objects now: 1715.
Total: 1.805000 ms (FindLiveObjects: 0.134800 ms CreateObjectMapping: 0.042600 ms MarkObjects: 1.613400 ms  DeleteObjects: 0.013000 ms)

========================================================================
Received Prepare
Registering precompiled user dll's ...
Registered in 0.000893 seconds.
Begin MonoManager ReloadAssembly
Native extension for LinuxStandalone target not found
Native extension for WindowsStandalone target not found
Native extension for OSXStandalone target not found
Refreshing native plugins compatible for Editor in 0.33 ms, found 0 plugins.
Preloading 0 native plugins for Editor in 0.00 ms.
Mono: successfully reloaded assembly
- Completed reload, in  1.007 seconds
Platform modules already initialized, skipping
Refreshing native plugins compatible for Editor in 0.25 ms, found 0 plugins.
Preloading 0 native plugins for Editor in 0.00 ms.
Unloading 1244 Unused Serialized files (Serialized files now loaded: 0)
System memory in use before: 62.7 MB.
System memory in use after: 62.8 MB.

Unloading 4 unused Assets to reduce memory usage. Loaded Objects now: 1718.
Total: 2.385800 ms (FindLiveObjects: 0.149200 ms CreateObjectMapping: 0.044500 ms MarkObjects: 2.174000 ms  DeleteObjects: 0.016800 ms)

========================================================================
Received Prepare
Registering precompiled user dll's ...
Registered in 0.000930 seconds.
Begin MonoManager ReloadAssembly
Native extension for LinuxStandalone target not found
Native extension for WindowsStandalone target not found
Native extension for OSXStandalone target not found
Refreshing native plugins compatible for Editor in 0.25 ms, found 0 plugins.
Preloading 0 native plugins for Editor in 0.00 ms.
Mono: successfully reloaded assembly
- Completed reload, in  1.074 seconds
Platform modules already initialized, skipping
Refreshing native plugins compatible for Editor in 0.38 ms, found 0 plugins.
Preloading 0 native plugins for Editor in 0.00 ms.
Unloading 1244 Unused Serialized files (Serialized files now loaded: 0)
System memory in use before: 62.7 MB.
System memory in use after: 62.8 MB.

Unloading 4 unused Assets to reduce memory usage. Loaded Objects now: 1721.
Total: 1.875300 ms (FindLiveObjects: 0.191000 ms CreateObjectMapping: 0.080800 ms MarkObjects: 1.588400 ms  DeleteObjects: 0.013800 ms)

========================================================================
Received Prepare
Registering precompiled user dll's ...
Registered in 0.000906 seconds.
Begin MonoManager ReloadAssembly
Native extension for LinuxStandalone target not found
Native extension for WindowsStandalone target not found
Native extension for OSXStandalone target not found
Refreshing native plugins compatible for Editor in 0.28 ms, found 0 plugins.
Preloading 0 native plugins for Editor in 0.00 ms.
Mono: successfully reloaded assembly
- Completed reload, in  0.997 seconds
Platform modules already initialized, skipping
Refreshing native plugins compatible for Editor in 0.26 ms, found 0 plugins.
Preloading 0 native plugins for Editor in 0.00 ms.
Unloading 1244 Unused Serialized files (Serialized files now loaded: 0)
System memory in use before: 62.8 MB.
System memory in use after: 62.9 MB.

Unloading 4 unused Assets to reduce memory usage. Loaded Objects now: 1724.
Total: 1.971100 ms (FindLiveObjects: 0.255800 ms CreateObjectMapping: 0.084400 ms MarkObjects: 1.598700 ms  DeleteObjects: 0.030400 ms)

========================================================================
Received Prepare
Registering precompiled user dll's ...
Registered in 0.000953 seconds.
Begin MonoManager ReloadAssembly
Native extension for LinuxStandalone target not found
Native extension for WindowsStandalone target not found
Native extension for OSXStandalone target not found
Refreshing native plugins compatible for Editor in 0.25 ms, found 0 plugins.
Preloading 0 native plugins for Editor in 0.00 ms.
Mono: successfully reloaded assembly
- Completed reload, in  1.033 seconds
Platform modules already initialized, skipping
Refreshing native plugins compatible for Editor in 0.27 ms, found 0 plugins.
Preloading 0 native plugins for Editor in 0.00 ms.
Unloading 1244 Unused Serialized files (Serialized files now loaded: 0)
System memory in use before: 62.8 MB.
System memory in use after: 62.9 MB.

Unloading 4 unused Assets to reduce memory usage. Loaded Objects now: 1727.
Total: 2.016300 ms (FindLiveObjects: 0.222800 ms CreateObjectMapping: 0.073800 ms MarkObjects: 1.703700 ms  DeleteObjects: 0.014700 ms)

========================================================================
Received Prepare
Registering precompiled user dll's ...
Registered in 0.001002 seconds.
Begin MonoManager ReloadAssembly
Native extension for LinuxStandalone target not found
Native extension for WindowsStandalone target not found
Native extension for OSXStandalone target not found
Refreshing native plugins compatible for Editor in 0.27 ms, found 0 plugins.
Preloading 0 native plugins for Editor in 0.00 ms.
Mono: successfully reloaded assembly
- Completed reload, in  0.998 seconds
Platform modules already initialized, skipping
Refreshing native plugins compatible for Editor in 0.30 ms, found 0 plugins.
Preloading 0 native plugins for Editor in 0.00 ms.
Unloading 1244 Unused Serialized files (Serialized files now loaded: 0)
System memory in use before: 62.8 MB.
System memory in use after: 62.9 MB.

Unloading 4 unused Assets to reduce memory usage. Loaded Objects now: 1730.
Total: 2.206000 ms (FindLiveObjects: 0.232900 ms CreateObjectMapping: 0.081900 ms MarkObjects: 1.872800 ms  DeleteObjects: 0.017000 ms)

========================================================================
Received Prepare
Registering precompiled user dll's ...
Registered in 0.000934 seconds.
Begin MonoManager ReloadAssembly
Native extension for LinuxStandalone target not found
Native extension for WindowsStandalone target not found
Native extension for OSXStandalone target not found
Refreshing native plugins compatible for Editor in 0.41 ms, found 0 plugins.
Preloading 0 native plugins for Editor in 0.00 ms.
Mono: successfully reloaded assembly
- Completed reload, in  1.201 seconds
Platform modules already initialized, skipping
Refreshing native plugins compatible for Editor in 0.35 ms, found 0 plugins.
Preloading 0 native plugins for Editor in 0.00 ms.
Unloading 1244 Unused Serialized files (Serialized files now loaded: 0)
System memory in use before: 62.8 MB.
System memory in use after: 62.9 MB.

Unloading 4 unused Assets to reduce memory usage. Loaded Objects now: 1733.
Total: 1.996800 ms (FindLiveObjects: 0.296700 ms CreateObjectMapping: 0.099500 ms MarkObjects: 1.582100 ms  DeleteObjects: 0.016800 ms)

========================================================================
Received Import Request.
  Time since last request: 1588.701968 seconds.
  path: Assets/Resources/Global Settings/CameraSettings/DefaultCamera.prefab
  artifactKey: Guid(f19794aa772cea44e8280e02bcdd09a0) Importer(815301076,1909f56bfc062723c751e8b465ee728b)
Start importing Assets/Resources/Global Settings/CameraSettings/DefaultCamera.prefab using Guid(f19794aa772cea44e8280e02bcdd09a0) Importer(815301076,1909f56bfc062723c751e8b465ee728b)  -> (artifact id: '6f0898b2770048e6ad4182d6577bebbd') in 0.042764 seconds
  Import took 0.045589 seconds .

========================================================================
Received Prepare
Registering precompiled user dll's ...
Registered in 0.000914 seconds.
Begin MonoManager ReloadAssembly
Native extension for LinuxStandalone target not found
Native extension for WindowsStandalone target not found
Native extension for OSXStandalone target not found
Refreshing native plugins compatible for Editor in 0.25 ms, found 0 plugins.
Preloading 0 native plugins for Editor in 0.00 ms.
Mono: successfully reloaded assembly
- Completed reload, in  1.124 seconds
Platform modules already initialized, skipping
Refreshing native plugins compatible for Editor in 0.28 ms, found 0 plugins.
Preloading 0 native plugins for Editor in 0.00 ms.
Unloading 1244 Unused Serialized files (Serialized files now loaded: 0)
System memory in use before: 62.8 MB.
System memory in use after: 62.9 MB.

Unloading 4 unused Assets to reduce memory usage. Loaded Objects now: 1736.
Total: 2.292500 ms (FindLiveObjects: 0.160600 ms CreateObjectMapping: 0.048100 ms MarkObjects: 2.063000 ms  DeleteObjects: 0.019300 ms)

========================================================================
Received Prepare
Registering precompiled user dll's ...
Registered in 0.000947 seconds.
Begin MonoManager ReloadAssembly
Native extension for LinuxStandalone target not found
Native extension for WindowsStandalone target not found
Native extension for OSXStandalone target not found
Refreshing native plugins compatible for Editor in 0.23 ms, found 0 plugins.
Preloading 0 native plugins for Editor in 0.00 ms.
Mono: successfully reloaded assembly
- Completed reload, in  1.028 seconds
Platform modules already initialized, skipping
Refreshing native plugins compatible for Editor in 0.23 ms, found 0 plugins.
Preloading 0 native plugins for Editor in 0.00 ms.
Unloading 1244 Unused Serialized files (Serialized files now loaded: 0)
System memory in use before: 62.8 MB.
System memory in use after: 62.9 MB.

Unloading 4 unused Assets to reduce memory usage. Loaded Objects now: 1739.
Total: 1.728200 ms (FindLiveObjects: 0.153000 ms CreateObjectMapping: 0.045100 ms MarkObjects: 1.513500 ms  DeleteObjects: 0.015300 ms)

========================================================================
Received Prepare
Registering precompiled user dll's ...
Registered in 0.000882 seconds.
Begin MonoManager ReloadAssembly
Native extension for LinuxStandalone target not found
Native extension for WindowsStandalone target not found
Native extension for OSXStandalone target not found
Refreshing native plugins compatible for Editor in 0.25 ms, found 0 plugins.
Preloading 0 native plugins for Editor in 0.00 ms.
Mono: successfully reloaded assembly
- Completed reload, in  1.016 seconds
Platform modules already initialized, skipping
Refreshing native plugins compatible for Editor in 0.24 ms, found 0 plugins.
Preloading 0 native plugins for Editor in 0.00 ms.
Unloading 1244 Unused Serialized files (Serialized files now loaded: 0)
System memory in use before: 62.8 MB.
System memory in use after: 62.9 MB.

Unloading 4 unused Assets to reduce memory usage. Loaded Objects now: 1742.
Total: 1.821100 ms (FindLiveObjects: 0.173500 ms CreateObjectMapping: 0.068400 ms MarkObjects: 1.562000 ms  DeleteObjects: 0.016200 ms)

========================================================================
Received Prepare
Registering precompiled user dll's ...
Registered in 0.001120 seconds.
Begin MonoManager ReloadAssembly
Native extension for LinuxStandalone target not found
Native extension for WindowsStandalone target not found
Native extension for OSXStandalone target not found
Refreshing native plugins compatible for Editor in 0.24 ms, found 0 plugins.
Preloading 0 native plugins for Editor in 0.00 ms.
Mono: successfully reloaded assembly
- Completed reload, in  1.167 seconds
Platform modules already initialized, skipping
Refreshing native plugins compatible for Editor in 0.24 ms, found 0 plugins.
Preloading 0 native plugins for Editor in 0.00 ms.
Unloading 1244 Unused Serialized files (Serialized files now loaded: 0)
System memory in use before: 62.8 MB.
System memory in use after: 62.9 MB.

Unloading 4 unused Assets to reduce memory usage. Loaded Objects now: 1745.
Total: 2.215100 ms (FindLiveObjects: 0.148100 ms CreateObjectMapping: 0.044000 ms MarkObjects: 2.004500 ms  DeleteObjects: 0.017000 ms)

========================================================================
Received Prepare
Registering precompiled user dll's ...
Registered in 0.001042 seconds.
Begin MonoManager ReloadAssembly
Native extension for LinuxStandalone target not found
Native extension for WindowsStandalone target not found
Native extension for OSXStandalone target not found
Refreshing native plugins compatible for Editor in 0.24 ms, found 0 plugins.
Preloading 0 native plugins for Editor in 0.00 ms.
Mono: successfully reloaded assembly
- Completed reload, in  1.050 seconds
Platform modules already initialized, skipping
Refreshing native plugins compatible for Editor in 0.28 ms, found 0 plugins.
Preloading 0 native plugins for Editor in 0.00 ms.
Unloading 1244 Unused Serialized files (Serialized files now loaded: 0)
System memory in use before: 62.8 MB.
System memory in use after: 62.9 MB.

Unloading 4 unused Assets to reduce memory usage. Loaded Objects now: 1748.
Total: 2.728900 ms (FindLiveObjects: 0.211100 ms CreateObjectMapping: 0.048900 ms MarkObjects: 2.406100 ms  DeleteObjects: 0.034700 ms)

========================================================================
Received Prepare
Registering precompiled user dll's ...
Registered in 0.001572 seconds.
Begin MonoManager ReloadAssembly
Native extension for LinuxStandalone target not found
Native extension for WindowsStandalone target not found
Native extension for OSXStandalone target not found
Refreshing native plugins compatible for Editor in 0.31 ms, found 0 plugins.
Preloading 0 native plugins for Editor in 0.00 ms.
Mono: successfully reloaded assembly
- Completed reload, in  0.953 seconds
Platform modules already initialized, skipping
Refreshing native plugins compatible for Editor in 0.34 ms, found 0 plugins.
Preloading 0 native plugins for Editor in 0.00 ms.
Unloading 1244 Unused Serialized files (Serialized files now loaded: 0)
System memory in use before: 62.8 MB.
System memory in use after: 62.9 MB.

Unloading 4 unused Assets to reduce memory usage. Loaded Objects now: 1751.
Total: 2.628300 ms (FindLiveObjects: 0.339200 ms CreateObjectMapping: 0.078200 ms MarkObjects: 2.191300 ms  DeleteObjects: 0.018100 ms)

========================================================================
Received Prepare
Registering precompiled user dll's ...
Registered in 0.001282 seconds.
Begin MonoManager ReloadAssembly
Native extension for LinuxStandalone target not found
Native extension for WindowsStandalone target not found
Native extension for OSXStandalone target not found
Refreshing native plugins compatible for Editor in 0.25 ms, found 0 plugins.
Preloading 0 native plugins for Editor in 0.00 ms.
Mono: successfully reloaded assembly
- Completed reload, in  0.954 seconds
Platform modules already initialized, skipping
Refreshing native plugins compatible for Editor in 0.27 ms, found 0 plugins.
Preloading 0 native plugins for Editor in 0.00 ms.
Unloading 1244 Unused Serialized files (Serialized files now loaded: 0)
System memory in use before: 62.8 MB.
System memory in use after: 62.9 MB.

Unloading 4 unused Assets to reduce memory usage. Loaded Objects now: 1754.
Total: 2.624100 ms (FindLiveObjects: 0.196800 ms CreateObjectMapping: 0.076200 ms MarkObjects: 2.334100 ms  DeleteObjects: 0.015200 ms)

========================================================================
Received Prepare
Registering precompiled user dll's ...
Registered in 0.000868 seconds.
Begin MonoManager ReloadAssembly
Native extension for LinuxStandalone target not found
Native extension for WindowsStandalone target not found
Native extension for OSXStandalone target not found
Refreshing native plugins compatible for Editor in 0.45 ms, found 0 plugins.
Preloading 0 native plugins for Editor in 0.00 ms.
Mono: successfully reloaded assembly
- Completed reload, in  1.011 seconds
Platform modules already initialized, skipping
Refreshing native plugins compatible for Editor in 0.24 ms, found 0 plugins.
Preloading 0 native plugins for Editor in 0.00 ms.
Unloading 1244 Unused Serialized files (Serialized files now loaded: 0)
System memory in use before: 62.8 MB.
System memory in use after: 62.9 MB.

Unloading 4 unused Assets to reduce memory usage. Loaded Objects now: 1757.
Total: 2.536700 ms (FindLiveObjects: 0.177100 ms CreateObjectMapping: 0.042900 ms MarkObjects: 2.259600 ms  DeleteObjects: 0.043100 ms)

========================================================================
Received Prepare
Registering precompiled user dll's ...
Registered in 0.000883 seconds.
Begin MonoManager ReloadAssembly
Native extension for LinuxStandalone target not found
Native extension for WindowsStandalone target not found
Native extension for OSXStandalone target not found
Refreshing native plugins compatible for Editor in 0.24 ms, found 0 plugins.
Preloading 0 native plugins for Editor in 0.00 ms.
Mono: successfully reloaded assembly
- Completed reload, in  1.049 seconds
Platform modules already initialized, skipping
Refreshing native plugins compatible for Editor in 0.26 ms, found 0 plugins.
Preloading 0 native plugins for Editor in 0.00 ms.
Unloading 1244 Unused Serialized files (Serialized files now loaded: 0)
System memory in use before: 62.8 MB.
System memory in use after: 62.9 MB.

Unloading 4 unused Assets to reduce memory usage. Loaded Objects now: 1760.
Total: 1.680000 ms (FindLiveObjects: 0.154300 ms CreateObjectMapping: 0.040200 ms MarkObjects: 1.469400 ms  DeleteObjects: 0.013800 ms)

========================================================================
Received Prepare
Registering precompiled user dll's ...
Registered in 0.000878 seconds.
Begin MonoManager ReloadAssembly
Native extension for LinuxStandalone target not found
Native extension for WindowsStandalone target not found
Native extension for OSXStandalone target not found
Refreshing native plugins compatible for Editor in 0.24 ms, found 0 plugins.
Preloading 0 native plugins for Editor in 0.00 ms.
Mono: successfully reloaded assembly
- Completed reload, in  0.965 seconds
Platform modules already initialized, skipping
Refreshing native plugins compatible for Editor in 0.23 ms, found 0 plugins.
Preloading 0 native plugins for Editor in 0.00 ms.
Unloading 1244 Unused Serialized files (Serialized files now loaded: 0)
System memory in use before: 62.8 MB.
System memory in use after: 62.9 MB.

Unloading 4 unused Assets to reduce memory usage. Loaded Objects now: 1763.
Total: 2.237300 ms (FindLiveObjects: 0.157600 ms CreateObjectMapping: 0.035000 ms MarkObjects: 2.028600 ms  DeleteObjects: 0.014600 ms)

========================================================================
Received Prepare
Registering precompiled user dll's ...
Registered in 0.000897 seconds.
Begin MonoManager ReloadAssembly
Native extension for LinuxStandalone target not found
Native extension for WindowsStandalone target not found
Native extension for OSXStandalone target not found
Refreshing native plugins compatible for Editor in 0.47 ms, found 0 plugins.
Preloading 0 native plugins for Editor in 0.00 ms.
Mono: successfully reloaded assembly
- Completed reload, in  1.013 seconds
Platform modules already initialized, skipping
Refreshing native plugins compatible for Editor in 0.31 ms, found 0 plugins.
Preloading 0 native plugins for Editor in 0.00 ms.
Unloading 1244 Unused Serialized files (Serialized files now loaded: 0)
System memory in use before: 62.9 MB.
System memory in use after: 63.0 MB.

Unloading 4 unused Assets to reduce memory usage. Loaded Objects now: 1766.
Total: 2.110400 ms (FindLiveObjects: 0.260000 ms CreateObjectMapping: 0.077000 ms MarkObjects: 1.757500 ms  DeleteObjects: 0.014800 ms)

========================================================================
Received Import Request.
  Time since last request: 1452.357685 seconds.
  path: Assets/TextMesh Pro/Fonts
  artifactKey: Guid(6ab70aee4d56447429c680537fbf93ed) Importer(815301076,1909f56bfc062723c751e8b465ee728b)
Start importing Assets/TextMesh Pro/Fonts using Guid(6ab70aee4d56447429c680537fbf93ed) Importer(815301076,1909f56bfc062723c751e8b465ee728b)  -> (artifact id: 'bdcee4fe86d105bc044dcd62a9bec285') in 0.006602 seconds
  Import took 0.009914 seconds .

========================================================================
Received Import Request.
  Time since last request: 2.484600 seconds.
  path: Assets/TextMesh Pro/Sprites
  artifactKey: Guid(d0603b6d5186471b96c778c3949c7ce2) Importer(815301076,1909f56bfc062723c751e8b465ee728b)
Start importing Assets/TextMesh Pro/Sprites using Guid(d0603b6d5186471b96c778c3949c7ce2) Importer(815301076,1909f56bfc062723c751e8b465ee728b)  -> (artifact id: 'ff2ddf56a63c83d123825ff87c57e3d1') in 0.003046 seconds
  Import took 0.005387 seconds .

========================================================================
Received Import Request.
  Time since last request: 0.939619 seconds.
  path: Assets/TextMesh Pro/Resources
  artifactKey: Guid(243e06394e614e5d99fab26083b707fa) Importer(815301076,1909f56bfc062723c751e8b465ee728b)
Start importing Assets/TextMesh Pro/Resources using Guid(243e06394e614e5d99fab26083b707fa) Importer(815301076,1909f56bfc062723c751e8b465ee728b)  -> (artifact id: 'fa95a2d23b0916206ab3baa8edfe5a3d') in 0.003957 seconds
  Import took 0.133084 seconds .

========================================================================
Received Import Request.
  Time since last request: 1.400200 seconds.
  path: Assets/TextMesh Pro/Resources/Sprite Assets
  artifactKey: Guid(512a49d95c0c4332bdd98131869c23c9) Importer(815301076,1909f56bfc062723c751e8b465ee728b)
Start importing Assets/TextMesh Pro/Resources/Sprite Assets using Guid(512a49d95c0c4332bdd98131869c23c9) Importer(815301076,1909f56bfc062723c751e8b465ee728b)  -> (artifact id: 'e3961d27fdf948da24a9e35f0270b2d3') in 0.003717 seconds
  Import took 0.006606 seconds .

========================================================================
Received Import Request.
  Time since last request: 1.325785 seconds.
  path: Assets/TextMesh Pro/Resources/Fonts & Materials
  artifactKey: Guid(731f1baa9d144a9897cb1d341c2092b8) Importer(815301076,1909f56bfc062723c751e8b465ee728b)
Start importing Assets/TextMesh Pro/Resources/Fonts & Materials using Guid(731f1baa9d144a9897cb1d341c2092b8) Importer(815301076,1909f56bfc062723c751e8b465ee728b)  -> (artifact id: 'b2295b1eb013999f46dd10748d558a27') in 0.003516 seconds
  Import took 0.006037 seconds .

========================================================================
Received Import Request.
  Time since last request: 10.486349 seconds.
  path: Assets/Media/Fonts/Tom Thumb Modified/tom-thumb-modified.asset
  artifactKey: Guid(9bb8f10bf4550b744a834d0547cdd56b) Importer(815301076,1909f56bfc062723c751e8b465ee728b)
Start importing Assets/Media/Fonts/Tom Thumb Modified/tom-thumb-modified.asset using Guid(9bb8f10bf4550b744a834d0547cdd56b) Importer(815301076,1909f56bfc062723c751e8b465ee728b)  -> (artifact id: 'b45e9492c3a63737ede10302a7e9cb32') in 0.423681 seconds
  Import took 0.427094 seconds .

========================================================================
Received Import Request.
  Time since last request: 11.632092 seconds.
  path: Assets/Media/Fonts/Tom Thumb Modified/tom-thumb-modified.ttf
  artifactKey: Guid(a4bdb6f6bc6237c41bb16b83afc56e33) Importer(815301076,1909f56bfc062723c751e8b465ee728b)
Start importing Assets/Media/Fonts/Tom Thumb Modified/tom-thumb-modified.ttf using Guid(a4bdb6f6bc6237c41bb16b83afc56e33) Importer(815301076,1909f56bfc062723c751e8b465ee728b)  -> (artifact id: '9a41a74651f85e980dd9bea701277b12') in 0.020101 seconds
  Import took 0.022792 seconds .

========================================================================
Received Import Request.
  Time since last request: 0.000653 seconds.
  path: Assets/Media/Fonts/Tom Thumb Modified/tom-thumb-modified.ttf
  artifactKey: Guid(a4bdb6f6bc6237c41bb16b83afc56e33) Importer(815301076,1909f56bfc062723c751e8b465ee728b)
Start importing Assets/Media/Fonts/Tom Thumb Modified/tom-thumb-modified.ttf using Guid(a4bdb6f6bc6237c41bb16b83afc56e33) Importer(815301076,1909f56bfc062723c751e8b465ee728b)  -> (artifact id: '9a41a74651f85e980dd9bea701277b12') in 0.013739 seconds
  Import took 0.016164 seconds .

========================================================================
Received Prepare
Registering precompiled user dll's ...
Registered in 0.000933 seconds.
Begin MonoManager ReloadAssembly
Native extension for LinuxStandalone target not found
Native extension for WindowsStandalone target not found
Native extension for OSXStandalone target not found
Refreshing native plugins compatible for Editor in 0.39 ms, found 0 plugins.
Preloading 0 native plugins for Editor in 0.00 ms.
Mono: successfully reloaded assembly
- Completed reload, in  1.184 seconds
Platform modules already initialized, skipping
Refreshing native plugins compatible for Editor in 0.26 ms, found 0 plugins.
Preloading 0 native plugins for Editor in 0.00 ms.
Unloading 1244 Unused Serialized files (Serialized files now loaded: 0)
System memory in use before: 66.3 MB.
System memory in use after: 66.4 MB.

Unloading 4 unused Assets to reduce memory usage. Loaded Objects now: 1813.
Total: 2.255300 ms (FindLiveObjects: 0.278800 ms CreateObjectMapping: 0.083300 ms MarkObjects: 1.872000 ms  DeleteObjects: 0.019400 ms)

========================================================================
Received Prepare
Registering precompiled user dll's ...
Registered in 0.000920 seconds.
Begin MonoManager ReloadAssembly
Native extension for LinuxStandalone target not found
Native extension for WindowsStandalone target not found
Native extension for OSXStandalone target not found
Refreshing native plugins compatible for Editor in 0.24 ms, found 0 plugins.
Preloading 0 native plugins for Editor in 0.00 ms.
Mono: successfully reloaded assembly
- Completed reload, in  1.168 seconds
Platform modules already initialized, skipping
Refreshing native plugins compatible for Editor in 0.24 ms, found 0 plugins.
Preloading 0 native plugins for Editor in 0.00 ms.
Unloading 1244 Unused Serialized files (Serialized files now loaded: 0)
System memory in use before: 66.3 MB.
System memory in use after: 66.4 MB.

Unloading 4 unused Assets to reduce memory usage. Loaded Objects now: 1816.
Total: 1.828700 ms (FindLiveObjects: 0.174600 ms CreateObjectMapping: 0.048300 ms MarkObjects: 1.587500 ms  DeleteObjects: 0.016100 ms)

========================================================================
Received Prepare
Registering precompiled user dll's ...
Registered in 0.000914 seconds.
Begin MonoManager ReloadAssembly
Native extension for LinuxStandalone target not found
Native extension for WindowsStandalone target not found
Native extension for OSXStandalone target not found
Refreshing native plugins compatible for Editor in 0.26 ms, found 0 plugins.
Preloading 0 native plugins for Editor in 0.00 ms.
Mono: successfully reloaded assembly
- Completed reload, in  0.998 seconds
Platform modules already initialized, skipping
Refreshing native plugins compatible for Editor in 0.34 ms, found 0 plugins.
Preloading 0 native plugins for Editor in 0.00 ms.
Unloading 1244 Unused Serialized files (Serialized files now loaded: 0)
System memory in use before: 66.3 MB.
System memory in use after: 66.4 MB.

Unloading 4 unused Assets to reduce memory usage. Loaded Objects now: 1819.
Total: 2.247400 ms (FindLiveObjects: 0.248000 ms CreateObjectMapping: 0.069300 ms MarkObjects: 1.914700 ms  DeleteObjects: 0.013500 ms)

========================================================================
Received Prepare
Registering precompiled user dll's ...
Registered in 0.001052 seconds.
Begin MonoManager ReloadAssembly
Native extension for LinuxStandalone target not found
Native extension for WindowsStandalone target not found
Native extension for OSXStandalone target not found
Refreshing native plugins compatible for Editor in 0.28 ms, found 0 plugins.
Preloading 0 native plugins for Editor in 0.00 ms.
Mono: successfully reloaded assembly
- Completed reload, in  1.006 seconds
Platform modules already initialized, skipping
Refreshing native plugins compatible for Editor in 0.28 ms, found 0 plugins.
Preloading 0 native plugins for Editor in 0.00 ms.
Unloading 1244 Unused Serialized files (Serialized files now loaded: 0)
System memory in use before: 66.3 MB.
System memory in use after: 66.4 MB.

Unloading 4 unused Assets to reduce memory usage. Loaded Objects now: 1822.
Total: 2.363500 ms (FindLiveObjects: 0.269100 ms CreateObjectMapping: 0.054900 ms MarkObjects: 2.009800 ms  DeleteObjects: 0.015300 ms)

========================================================================
Received Import Request.
  Time since last request: 711.477339 seconds.
  path: Assets/Scripts/Player Communication
  artifactKey: Guid(583364dc30b7b154b9a6a4276c1e5698) Importer(815301076,1909f56bfc062723c751e8b465ee728b)
Start importing Assets/Scripts/Player Communication using Guid(583364dc30b7b154b9a6a4276c1e5698) Importer(815301076,1909f56bfc062723c751e8b465ee728b)  -> (artifact id: '718ca85d866896a7177ee999859766ee') in 0.007454 seconds
  Import took 0.010821 seconds .

========================================================================
Received Import Request.
  Time since last request: 5.798047 seconds.
  path: Assets/Scripts/Player Communication/ChatSystem.cs
  artifactKey: Guid(03ca543b668f51b46a89f6db5328afb5) Importer(815301076,1909f56bfc062723c751e8b465ee728b)
Start importing Assets/Scripts/Player Communication/ChatSystem.cs using Guid(03ca543b668f51b46a89f6db5328afb5) Importer(815301076,1909f56bfc062723c751e8b465ee728b)  -> (artifact id: '16c9d5716ff5459568106e91788cae48') in 0.003974 seconds
  Import took 0.006631 seconds .

========================================================================
Received Prepare
Registering precompiled user dll's ...
Registered in 0.000883 seconds.
Begin MonoManager ReloadAssembly
Native extension for LinuxStandalone target not found
Native extension for WindowsStandalone target not found
Native extension for OSXStandalone target not found
Refreshing native plugins compatible for Editor in 0.24 ms, found 0 plugins.
Preloading 0 native plugins for Editor in 0.00 ms.
Mono: successfully reloaded assembly
- Completed reload, in  1.043 seconds
Platform modules already initialized, skipping
Refreshing native plugins compatible for Editor in 0.24 ms, found 0 plugins.
Preloading 0 native plugins for Editor in 0.00 ms.
Unloading 1245 Unused Serialized files (Serialized files now loaded: 0)
System memory in use before: 66.3 MB.
System memory in use after: 66.4 MB.

Unloading 4 unused Assets to reduce memory usage. Loaded Objects now: 1826.
Total: 2.147200 ms (FindLiveObjects: 0.167500 ms CreateObjectMapping: 0.049900 ms MarkObjects: 1.912600 ms  DeleteObjects: 0.015600 ms)

========================================================================
Received Prepare
Registering precompiled user dll's ...
Registered in 0.001032 seconds.
Begin MonoManager ReloadAssembly
Native extension for LinuxStandalone target not found
Native extension for WindowsStandalone target not found
Native extension for OSXStandalone target not found
Refreshing native plugins compatible for Editor in 0.26 ms, found 0 plugins.
Preloading 0 native plugins for Editor in 0.00 ms.
Mono: successfully reloaded assembly
- Completed reload, in  1.217 seconds
Platform modules already initialized, skipping
Refreshing native plugins compatible for Editor in 0.24 ms, found 0 plugins.
Preloading 0 native plugins for Editor in 0.00 ms.
Unloading 1245 Unused Serialized files (Serialized files now loaded: 0)
System memory in use before: 66.3 MB.
System memory in use after: 66.4 MB.

Unloading 4 unused Assets to reduce memory usage. Loaded Objects now: 1829.
Total: 1.746300 ms (FindLiveObjects: 0.170600 ms CreateObjectMapping: 0.052300 ms MarkObjects: 1.507100 ms  DeleteObjects: 0.014800 ms)

========================================================================
Received Import Request.
  Time since last request: 711.441411 seconds.
  path: Assets/Scripts/Entity.cs
  artifactKey: Guid(91ad349233f4a7a408defb7e0bee8e7f) Importer(815301076,1909f56bfc062723c751e8b465ee728b)
Start importing Assets/Scripts/Entity.cs using Guid(91ad349233f4a7a408defb7e0bee8e7f) Importer(815301076,1909f56bfc062723c751e8b465ee728b)  -> (artifact id: 'e059cb439f1c9cbd6f9ccce246a5f7da') in 0.005649 seconds
  Import took 0.008968 seconds .

========================================================================
Received Import Request.
  Time since last request: 0.003604 seconds.
  path: Assets/Scripts/Entity.cs
  artifactKey: Guid(91ad349233f4a7a408defb7e0bee8e7f) Importer(815301076,1909f56bfc062723c751e8b465ee728b)
Start importing Assets/Scripts/Entity.cs using Guid(91ad349233f4a7a408defb7e0bee8e7f) Importer(815301076,1909f56bfc062723c751e8b465ee728b)  -> (artifact id: 'e059cb439f1c9cbd6f9ccce246a5f7da') in 0.004225 seconds
  Import took 0.007854 seconds .

========================================================================
Received Import Request.
  Time since last request: 3.739242 seconds.
  path: Assets/Scripts/Entities
  artifactKey: Guid(5efd898ddb8606740b77a243636e3322) Importer(815301076,1909f56bfc062723c751e8b465ee728b)
Start importing Assets/Scripts/Entities using Guid(5efd898ddb8606740b77a243636e3322) Importer(815301076,1909f56bfc062723c751e8b465ee728b)  -> (artifact id: 'ef68f401ba6cb588c7250b038703854b') in 0.010538 seconds
  Import took 0.015676 seconds .

========================================================================
Received Prepare
Registering precompiled user dll's ...
Registered in 0.000902 seconds.
Begin MonoManager ReloadAssembly
Native extension for LinuxStandalone target not found
Native extension for WindowsStandalone target not found
Native extension for OSXStandalone target not found
Refreshing native plugins compatible for Editor in 0.26 ms, found 0 plugins.
Preloading 0 native plugins for Editor in 0.00 ms.
Mono: successfully reloaded assembly
- Completed reload, in  1.045 seconds
Platform modules already initialized, skipping
Refreshing native plugins compatible for Editor in 0.25 ms, found 0 plugins.
Preloading 0 native plugins for Editor in 0.00 ms.
Unloading 1245 Unused Serialized files (Serialized files now loaded: 0)
System memory in use before: 66.3 MB.
System memory in use after: 66.4 MB.

Unloading 4 unused Assets to reduce memory usage. Loaded Objects now: 1832.
Total: 2.327800 ms (FindLiveObjects: 0.447800 ms CreateObjectMapping: 0.103700 ms MarkObjects: 1.758100 ms  DeleteObjects: 0.016700 ms)

========================================================================
Received Import Request.
  Time since last request: 9.161765 seconds.
  path: Assets/Scripts/Entities/EntityPlayer.cs
  artifactKey: Guid(6a330f5cff2a04442b0ad05fc3750a31) Importer(815301076,1909f56bfc062723c751e8b465ee728b)
Start importing Assets/Scripts/Entities/EntityPlayer.cs using Guid(6a330f5cff2a04442b0ad05fc3750a31) Importer(815301076,1909f56bfc062723c751e8b465ee728b)  -> (artifact id: 'e09fd2af1f1fbf6f9164d6da22800575') in 0.006807 seconds
  Import took 0.009839 seconds .

========================================================================
Received Import Request.
  Time since last request: 0.000919 seconds.
  path: Assets/Scripts/Entities/EntityPlayer.cs
  artifactKey: Guid(6a330f5cff2a04442b0ad05fc3750a31) Importer(815301076,1909f56bfc062723c751e8b465ee728b)
Start importing Assets/Scripts/Entities/EntityPlayer.cs using Guid(6a330f5cff2a04442b0ad05fc3750a31) Importer(815301076,1909f56bfc062723c751e8b465ee728b)  -> (artifact id: 'e09fd2af1f1fbf6f9164d6da22800575') in 0.005282 seconds
  Import took 0.007971 seconds .

========================================================================
Received Prepare
Registering precompiled user dll's ...
Registered in 0.000906 seconds.
Begin MonoManager ReloadAssembly
Native extension for LinuxStandalone target not found
Native extension for WindowsStandalone target not found
Native extension for OSXStandalone target not found
Refreshing native plugins compatible for Editor in 0.23 ms, found 0 plugins.
Preloading 0 native plugins for Editor in 0.00 ms.
Mono: successfully reloaded assembly
- Completed reload, in  1.046 seconds
Platform modules already initialized, skipping
Refreshing native plugins compatible for Editor in 0.23 ms, found 0 plugins.
Preloading 0 native plugins for Editor in 0.00 ms.
Unloading 1246 Unused Serialized files (Serialized files now loaded: 0)
System memory in use before: 66.4 MB.
System memory in use after: 66.5 MB.

Unloading 4 unused Assets to reduce memory usage. Loaded Objects now: 1836.
Total: 2.235900 ms (FindLiveObjects: 0.161600 ms CreateObjectMapping: 0.048900 ms MarkObjects: 2.004500 ms  DeleteObjects: 0.020100 ms)

========================================================================
Received Prepare
Registering precompiled user dll's ...
Registered in 0.001442 seconds.
Begin MonoManager ReloadAssembly
Native extension for LinuxStandalone target not found
Native extension for WindowsStandalone target not found
Native extension for OSXStandalone target not found
Refreshing native plugins compatible for Editor in 0.30 ms, found 0 plugins.
Preloading 0 native plugins for Editor in 0.00 ms.
Mono: successfully reloaded assembly
- Completed reload, in  1.076 seconds
Platform modules already initialized, skipping
Refreshing native plugins compatible for Editor in 0.26 ms, found 0 plugins.
Preloading 0 native plugins for Editor in 0.00 ms.
Unloading 1246 Unused Serialized files (Serialized files now loaded: 0)
System memory in use before: 66.4 MB.
System memory in use after: 66.5 MB.

Unloading 4 unused Assets to reduce memory usage. Loaded Objects now: 1839.
Total: 1.981700 ms (FindLiveObjects: 0.218700 ms CreateObjectMapping: 0.055200 ms MarkObjects: 1.689900 ms  DeleteObjects: 0.015600 ms)

========================================================================
Received Import Request.
  Time since last request: 226.418104 seconds.
  path: Assets/Scripts/Entities/EntityPlayer.cs
  artifactKey: Guid(6a330f5cff2a04442b0ad05fc3750a31) Importer(815301076,1909f56bfc062723c751e8b465ee728b)
Start importing Assets/Scripts/Entities/EntityPlayer.cs using Guid(6a330f5cff2a04442b0ad05fc3750a31) Importer(815301076,1909f56bfc062723c751e8b465ee728b)  -> (artifact id: '9c94c1858be0011b57adb134b7dc8da8') in 0.005688 seconds
  Import took 0.008306 seconds .

========================================================================
Received Prepare
Registering precompiled user dll's ...
Registered in 0.001057 seconds.
Begin MonoManager ReloadAssembly
Native extension for LinuxStandalone target not found
Native extension for WindowsStandalone target not found
Native extension for OSXStandalone target not found
Refreshing native plugins compatible for Editor in 0.25 ms, found 0 plugins.
Preloading 0 native plugins for Editor in 0.00 ms.
Mono: successfully reloaded assembly
- Completed reload, in  1.001 seconds
Platform modules already initialized, skipping
Refreshing native plugins compatible for Editor in 0.25 ms, found 0 plugins.
Preloading 0 native plugins for Editor in 0.00 ms.
Unloading 1246 Unused Serialized files (Serialized files now loaded: 0)
System memory in use before: 66.4 MB.
System memory in use after: 66.5 MB.

Unloading 4 unused Assets to reduce memory usage. Loaded Objects now: 1842.
Total: 1.994000 ms (FindLiveObjects: 0.152400 ms CreateObjectMapping: 0.041000 ms MarkObjects: 1.762700 ms  DeleteObjects: 0.036500 ms)

========================================================================
Received Prepare
Registering precompiled user dll's ...
Registered in 0.002282 seconds.
Begin MonoManager ReloadAssembly
Native extension for LinuxStandalone target not found
Native extension for WindowsStandalone target not found
Native extension for OSXStandalone target not found
Refreshing native plugins compatible for Editor in 0.58 ms, found 0 plugins.
Preloading 0 native plugins for Editor in 0.00 ms.
Mono: successfully reloaded assembly
- Completed reload, in  3.065 seconds
Platform modules already initialized, skipping
Refreshing native plugins compatible for Editor in 0.41 ms, found 0 plugins.
Preloading 0 native plugins for Editor in 0.00 ms.
Unloading 1246 Unused Serialized files (Serialized files now loaded: 0)
System memory in use before: 66.4 MB.
System memory in use after: 66.5 MB.

Unloading 4 unused Assets to reduce memory usage. Loaded Objects now: 1845.
Total: 6.194700 ms (FindLiveObjects: 0.514600 ms CreateObjectMapping: 0.177900 ms MarkObjects: 5.475700 ms  DeleteObjects: 0.023400 ms)

========================================================================
Received Prepare
Registering precompiled user dll's ...
Registered in 0.001290 seconds.
Begin MonoManager ReloadAssembly
Native extension for LinuxStandalone target not found
Native extension for WindowsStandalone target not found
Native extension for OSXStandalone target not found
Refreshing native plugins compatible for Editor in 0.35 ms, found 0 plugins.
Preloading 0 native plugins for Editor in 0.00 ms.
Mono: successfully reloaded assembly
- Completed reload, in  1.303 seconds
Platform modules already initialized, skipping
Refreshing native plugins compatible for Editor in 0.25 ms, found 0 plugins.
Preloading 0 native plugins for Editor in 0.00 ms.
Unloading 1246 Unused Serialized files (Serialized files now loaded: 0)
System memory in use before: 66.4 MB.
System memory in use after: 66.5 MB.

Unloading 4 unused Assets to reduce memory usage. Loaded Objects now: 1848.
Total: 3.292100 ms (FindLiveObjects: 0.159100 ms CreateObjectMapping: 0.045900 ms MarkObjects: 3.057200 ms  DeleteObjects: 0.027800 ms)

========================================================================
Received Prepare
Registering precompiled user dll's ...
Registered in 0.000965 seconds.
Begin MonoManager ReloadAssembly
Native extension for LinuxStandalone target not found
Native extension for WindowsStandalone target not found
Native extension for OSXStandalone target not found
Refreshing native plugins compatible for Editor in 0.42 ms, found 0 plugins.
Preloading 0 native plugins for Editor in 0.00 ms.
Mono: successfully reloaded assembly
- Completed reload, in  1.146 seconds
Platform modules already initialized, skipping
Refreshing native plugins compatible for Editor in 0.25 ms, found 0 plugins.
Preloading 0 native plugins for Editor in 0.00 ms.
Unloading 1246 Unused Serialized files (Serialized files now loaded: 0)
System memory in use before: 66.4 MB.
System memory in use after: 66.5 MB.

Unloading 4 unused Assets to reduce memory usage. Loaded Objects now: 1851.
Total: 3.357600 ms (FindLiveObjects: 0.293800 ms CreateObjectMapping: 0.101000 ms MarkObjects: 2.943300 ms  DeleteObjects: 0.017400 ms)

========================================================================
Received Prepare
Registering precompiled user dll's ...
Registered in 0.001020 seconds.
Begin MonoManager ReloadAssembly
Native extension for LinuxStandalone target not found
Native extension for WindowsStandalone target not found
Native extension for OSXStandalone target not found
Refreshing native plugins compatible for Editor in 0.24 ms, found 0 plugins.
Preloading 0 native plugins for Editor in 0.00 ms.
Mono: successfully reloaded assembly
- Completed reload, in  1.236 seconds
Platform modules already initialized, skipping
Refreshing native plugins compatible for Editor in 0.39 ms, found 0 plugins.
Preloading 0 native plugins for Editor in 0.00 ms.
Unloading 1246 Unused Serialized files (Serialized files now loaded: 0)
System memory in use before: 66.4 MB.
System memory in use after: 66.5 MB.

Unloading 4 unused Assets to reduce memory usage. Loaded Objects now: 1854.
Total: 1.910300 ms (FindLiveObjects: 0.162100 ms CreateObjectMapping: 0.045700 ms MarkObjects: 1.682100 ms  DeleteObjects: 0.018500 ms)

========================================================================
Received Prepare
Registering precompiled user dll's ...
Registered in 0.001395 seconds.
Begin MonoManager ReloadAssembly
Native extension for LinuxStandalone target not found
Native extension for WindowsStandalone target not found
Native extension for OSXStandalone target not found
Refreshing native plugins compatible for Editor in 0.27 ms, found 0 plugins.
Preloading 0 native plugins for Editor in 0.00 ms.
Mono: successfully reloaded assembly
- Completed reload, in  1.107 seconds
Platform modules already initialized, skipping
Refreshing native plugins compatible for Editor in 0.31 ms, found 0 plugins.
Preloading 0 native plugins for Editor in 0.00 ms.
Unloading 1246 Unused Serialized files (Serialized files now loaded: 0)
System memory in use before: 66.4 MB.
System memory in use after: 66.5 MB.

Unloading 4 unused Assets to reduce memory usage. Loaded Objects now: 1857.
Total: 3.630600 ms (FindLiveObjects: 0.241300 ms CreateObjectMapping: 0.073000 ms MarkObjects: 3.296600 ms  DeleteObjects: 0.018200 ms)

========================================================================
Received Prepare
Registering precompiled user dll's ...
Registered in 0.001035 seconds.
Begin MonoManager ReloadAssembly
Native extension for LinuxStandalone target not found
Native extension for WindowsStandalone target not found
Native extension for OSXStandalone target not found
Refreshing native plugins compatible for Editor in 0.24 ms, found 0 plugins.
Preloading 0 native plugins for Editor in 0.00 ms.
Mono: successfully reloaded assembly
- Completed reload, in  1.205 seconds
Platform modules already initialized, skipping
Refreshing native plugins compatible for Editor in 0.29 ms, found 0 plugins.
Preloading 0 native plugins for Editor in 0.00 ms.
Unloading 1246 Unused Serialized files (Serialized files now loaded: 0)
System memory in use before: 66.4 MB.
System memory in use after: 66.5 MB.

Unloading 4 unused Assets to reduce memory usage. Loaded Objects now: 1860.
Total: 2.493000 ms (FindLiveObjects: 0.290400 ms CreateObjectMapping: 0.100500 ms MarkObjects: 2.080200 ms  DeleteObjects: 0.020400 ms)

========================================================================
Received Prepare
Registering precompiled user dll's ...
Registered in 0.001020 seconds.
Begin MonoManager ReloadAssembly
Native extension for LinuxStandalone target not found
Native extension for WindowsStandalone target not found
Native extension for OSXStandalone target not found
Refreshing native plugins compatible for Editor in 0.40 ms, found 0 plugins.
Preloading 0 native plugins for Editor in 0.00 ms.
Mono: successfully reloaded assembly
- Completed reload, in  1.415 seconds
Platform modules already initialized, skipping
Refreshing native plugins compatible for Editor in 0.38 ms, found 0 plugins.
Preloading 0 native plugins for Editor in 0.00 ms.
Unloading 1246 Unused Serialized files (Serialized files now loaded: 0)
System memory in use before: 66.4 MB.
System memory in use after: 66.5 MB.

Unloading 4 unused Assets to reduce memory usage. Loaded Objects now: 1863.
Total: 1.724400 ms (FindLiveObjects: 0.164000 ms CreateObjectMapping: 0.043100 ms MarkObjects: 1.500800 ms  DeleteObjects: 0.015400 ms)

========================================================================
Received Prepare
Registering precompiled user dll's ...
Registered in 0.001215 seconds.
Begin MonoManager ReloadAssembly
Native extension for LinuxStandalone target not found
Native extension for WindowsStandalone target not found
Native extension for OSXStandalone target not found
Refreshing native plugins compatible for Editor in 0.24 ms, found 0 plugins.
Preloading 0 native plugins for Editor in 0.00 ms.
Mono: successfully reloaded assembly
- Completed reload, in  1.119 seconds
Platform modules already initialized, skipping
Refreshing native plugins compatible for Editor in 0.26 ms, found 0 plugins.
Preloading 0 native plugins for Editor in 0.00 ms.
Unloading 1246 Unused Serialized files (Serialized files now loaded: 0)
System memory in use before: 66.4 MB.
System memory in use after: 66.5 MB.

Unloading 4 unused Assets to reduce memory usage. Loaded Objects now: 1866.
Total: 3.816700 ms (FindLiveObjects: 1.467200 ms CreateObjectMapping: 0.421000 ms MarkObjects: 1.907700 ms  DeleteObjects: 0.017600 ms)

========================================================================
Received Prepare
Registering precompiled user dll's ...
Registered in 0.000938 seconds.
Begin MonoManager ReloadAssembly
Native extension for LinuxStandalone target not found
Native extension for WindowsStandalone target not found
Native extension for OSXStandalone target not found
Refreshing native plugins compatible for Editor in 0.49 ms, found 0 plugins.
Preloading 0 native plugins for Editor in 0.00 ms.
Mono: successfully reloaded assembly
- Completed reload, in  1.254 seconds
Platform modules already initialized, skipping
Refreshing native plugins compatible for Editor in 0.28 ms, found 0 plugins.
Preloading 0 native plugins for Editor in 0.00 ms.
Unloading 1246 Unused Serialized files (Serialized files now loaded: 0)
System memory in use before: 66.4 MB.
System memory in use after: 66.5 MB.

Unloading 4 unused Assets to reduce memory usage. Loaded Objects now: 1869.
Total: 1.772100 ms (FindLiveObjects: 0.180900 ms CreateObjectMapping: 0.043200 ms MarkObjects: 1.533000 ms  DeleteObjects: 0.014000 ms)

========================================================================
Received Prepare
Registering precompiled user dll's ...
Registered in 0.001252 seconds.
Begin MonoManager ReloadAssembly
Native extension for LinuxStandalone target not found
Native extension for WindowsStandalone target not found
Native extension for OSXStandalone target not found
Refreshing native plugins compatible for Editor in 0.32 ms, found 0 plugins.
Preloading 0 native plugins for Editor in 0.00 ms.
Mono: successfully reloaded assembly
- Completed reload, in  1.103 seconds
Platform modules already initialized, skipping
Refreshing native plugins compatible for Editor in 0.51 ms, found 0 plugins.
Preloading 0 native plugins for Editor in 0.00 ms.
Unloading 1246 Unused Serialized files (Serialized files now loaded: 0)
System memory in use before: 66.4 MB.
System memory in use after: 66.5 MB.

Unloading 4 unused Assets to reduce memory usage. Loaded Objects now: 1872.
Total: 2.606600 ms (FindLiveObjects: 0.269400 ms CreateObjectMapping: 0.044300 ms MarkObjects: 2.275700 ms  DeleteObjects: 0.015300 ms)

========================================================================
Received Prepare
Registering precompiled user dll's ...
Registered in 0.000924 seconds.
Begin MonoManager ReloadAssembly
Native extension for LinuxStandalone target not found
Native extension for WindowsStandalone target not found
Native extension for OSXStandalone target not found
Refreshing native plugins compatible for Editor in 0.27 ms, found 0 plugins.
Preloading 0 native plugins for Editor in 0.00 ms.
Mono: successfully reloaded assembly
- Completed reload, in  1.198 seconds
Platform modules already initialized, skipping
Refreshing native plugins compatible for Editor in 0.38 ms, found 0 plugins.
Preloading 0 native plugins for Editor in 0.00 ms.
Unloading 1246 Unused Serialized files (Serialized files now loaded: 0)
System memory in use before: 66.5 MB.
System memory in use after: 66.6 MB.

Unloading 4 unused Assets to reduce memory usage. Loaded Objects now: 1875.
Total: 1.820500 ms (FindLiveObjects: 0.152900 ms CreateObjectMapping: 0.041600 ms MarkObjects: 1.600900 ms  DeleteObjects: 0.024000 ms)

========================================================================
Received Prepare
Registering precompiled user dll's ...
Registered in 0.001131 seconds.
Begin MonoManager ReloadAssembly
Native extension for LinuxStandalone target not found
Native extension for WindowsStandalone target not found
Native extension for OSXStandalone target not found
Refreshing native plugins compatible for Editor in 0.28 ms, found 0 plugins.
Preloading 0 native plugins for Editor in 0.00 ms.
Mono: successfully reloaded assembly
- Completed reload, in  1.055 seconds
Platform modules already initialized, skipping
Refreshing native plugins compatible for Editor in 0.25 ms, found 0 plugins.
Preloading 0 native plugins for Editor in 0.00 ms.
Unloading 1246 Unused Serialized files (Serialized files now loaded: 0)
System memory in use before: 66.5 MB.
System memory in use after: 66.6 MB.

Unloading 4 unused Assets to reduce memory usage. Loaded Objects now: 1878.
Total: 1.982200 ms (FindLiveObjects: 0.186500 ms CreateObjectMapping: 0.065400 ms MarkObjects: 1.705100 ms  DeleteObjects: 0.022600 ms)

========================================================================
Received Prepare
Registering precompiled user dll's ...
Registered in 0.001259 seconds.
Begin MonoManager ReloadAssembly
Native extension for LinuxStandalone target not found
Native extension for WindowsStandalone target not found
Native extension for OSXStandalone target not found
Refreshing native plugins compatible for Editor in 0.25 ms, found 0 plugins.
Preloading 0 native plugins for Editor in 0.00 ms.
Mono: successfully reloaded assembly
- Completed reload, in  1.325 seconds
Platform modules already initialized, skipping
Refreshing native plugins compatible for Editor in 0.44 ms, found 0 plugins.
Preloading 0 native plugins for Editor in 0.00 ms.
Unloading 1246 Unused Serialized files (Serialized files now loaded: 0)
System memory in use before: 66.5 MB.
System memory in use after: 66.6 MB.

Unloading 4 unused Assets to reduce memory usage. Loaded Objects now: 1881.
Total: 2.292200 ms (FindLiveObjects: 0.328900 ms CreateObjectMapping: 0.104300 ms MarkObjects: 1.837900 ms  DeleteObjects: 0.019400 ms)

========================================================================
Received Prepare
Registering precompiled user dll's ...
Registered in 0.001126 seconds.
Begin MonoManager ReloadAssembly
Native extension for LinuxStandalone target not found
Native extension for WindowsStandalone target not found
Native extension for OSXStandalone target not found
Refreshing native plugins compatible for Editor in 0.25 ms, found 0 plugins.
Preloading 0 native plugins for Editor in 0.00 ms.
Mono: successfully reloaded assembly
- Completed reload, in  1.432 seconds
Platform modules already initialized, skipping
Refreshing native plugins compatible for Editor in 0.47 ms, found 0 plugins.
Preloading 0 native plugins for Editor in 0.00 ms.
Unloading 1246 Unused Serialized files (Serialized files now loaded: 0)
System memory in use before: 66.5 MB.
System memory in use after: 66.6 MB.

Unloading 4 unused Assets to reduce memory usage. Loaded Objects now: 1884.
Total: 2.337200 ms (FindLiveObjects: 0.220600 ms CreateObjectMapping: 0.100800 ms MarkObjects: 1.997700 ms  DeleteObjects: 0.015900 ms)

========================================================================
Received Prepare
Registering precompiled user dll's ...
Registered in 0.001732 seconds.
Begin MonoManager ReloadAssembly
Native extension for LinuxStandalone target not found
Native extension for WindowsStandalone target not found
Native extension for OSXStandalone target not found
Refreshing native plugins compatible for Editor in 0.24 ms, found 0 plugins.
Preloading 0 native plugins for Editor in 0.00 ms.
Mono: successfully reloaded assembly
- Completed reload, in  1.108 seconds
Platform modules already initialized, skipping
Refreshing native plugins compatible for Editor in 0.53 ms, found 0 plugins.
Preloading 0 native plugins for Editor in 0.00 ms.
Unloading 1246 Unused Serialized files (Serialized files now loaded: 0)
System memory in use before: 66.5 MB.
System memory in use after: 66.6 MB.

Unloading 4 unused Assets to reduce memory usage. Loaded Objects now: 1887.
Total: 2.617700 ms (FindLiveObjects: 0.190000 ms CreateObjectMapping: 0.040400 ms MarkObjects: 2.366200 ms  DeleteObjects: 0.019700 ms)

========================================================================
Received Prepare
Registering precompiled user dll's ...
Registered in 0.001067 seconds.
Begin MonoManager ReloadAssembly
Native extension for LinuxStandalone target not found
Native extension for WindowsStandalone target not found
Native extension for OSXStandalone target not found
Refreshing native plugins compatible for Editor in 0.37 ms, found 0 plugins.
Preloading 0 native plugins for Editor in 0.00 ms.
Mono: successfully reloaded assembly
- Completed reload, in  1.089 seconds
Platform modules already initialized, skipping
Refreshing native plugins compatible for Editor in 0.28 ms, found 0 plugins.
Preloading 0 native plugins for Editor in 0.00 ms.
Unloading 1246 Unused Serialized files (Serialized files now loaded: 0)
System memory in use before: 66.5 MB.
System memory in use after: 66.6 MB.

Unloading 4 unused Assets to reduce memory usage. Loaded Objects now: 1890.
Total: 2.192300 ms (FindLiveObjects: 0.250300 ms CreateObjectMapping: 0.132400 ms MarkObjects: 1.790500 ms  DeleteObjects: 0.017700 ms)

========================================================================
Received Prepare
Registering precompiled user dll's ...
Registered in 0.000945 seconds.
Begin MonoManager ReloadAssembly
Native extension for LinuxStandalone target not found
Native extension for WindowsStandalone target not found
Native extension for OSXStandalone target not found
Refreshing native plugins compatible for Editor in 0.25 ms, found 0 plugins.
Preloading 0 native plugins for Editor in 0.00 ms.
Mono: successfully reloaded assembly
- Completed reload, in  1.192 seconds
Platform modules already initialized, skipping
Refreshing native plugins compatible for Editor in 0.38 ms, found 0 plugins.
Preloading 0 native plugins for Editor in 0.00 ms.
Unloading 1246 Unused Serialized files (Serialized files now loaded: 0)
System memory in use before: 66.5 MB.
System memory in use after: 66.6 MB.

Unloading 4 unused Assets to reduce memory usage. Loaded Objects now: 1893.
Total: 3.064000 ms (FindLiveObjects: 0.353700 ms CreateObjectMapping: 0.126500 ms MarkObjects: 2.563800 ms  DeleteObjects: 0.017500 ms)

========================================================================
Received Prepare
Registering precompiled user dll's ...
Registered in 0.000942 seconds.
Begin MonoManager ReloadAssembly
Native extension for LinuxStandalone target not found
Native extension for WindowsStandalone target not found
Native extension for OSXStandalone target not found
Refreshing native plugins compatible for Editor in 0.40 ms, found 0 plugins.
Preloading 0 native plugins for Editor in 0.00 ms.
Mono: successfully reloaded assembly
- Completed reload, in  1.232 seconds
Platform modules already initialized, skipping
Refreshing native plugins compatible for Editor in 0.28 ms, found 0 plugins.
Preloading 0 native plugins for Editor in 0.00 ms.
Unloading 1246 Unused Serialized files (Serialized files now loaded: 0)
System memory in use before: 66.5 MB.
System memory in use after: 66.6 MB.

Unloading 4 unused Assets to reduce memory usage. Loaded Objects now: 1896.
Total: 2.212600 ms (FindLiveObjects: 0.172200 ms CreateObjectMapping: 0.037600 ms MarkObjects: 1.984100 ms  DeleteObjects: 0.017600 ms)

========================================================================
Received Prepare
Registering precompiled user dll's ...
Registered in 0.001180 seconds.
Begin MonoManager ReloadAssembly
Native extension for LinuxStandalone target not found
Native extension for WindowsStandalone target not found
Native extension for OSXStandalone target not found
Refreshing native plugins compatible for Editor in 0.28 ms, found 0 plugins.
Preloading 0 native plugins for Editor in 0.00 ms.
Mono: successfully reloaded assembly
- Completed reload, in  1.217 seconds
Platform modules already initialized, skipping
Refreshing native plugins compatible for Editor in 0.46 ms, found 0 plugins.
Preloading 0 native plugins for Editor in 0.00 ms.
Unloading 1246 Unused Serialized files (Serialized files now loaded: 0)
System memory in use before: 66.5 MB.
System memory in use after: 66.6 MB.

Unloading 4 unused Assets to reduce memory usage. Loaded Objects now: 1899.
Total: 3.604600 ms (FindLiveObjects: 0.295200 ms CreateObjectMapping: 0.131800 ms MarkObjects: 3.152800 ms  DeleteObjects: 0.022800 ms)

========================================================================
Received Prepare
Registering precompiled user dll's ...
Registered in 0.000996 seconds.
Begin MonoManager ReloadAssembly
Native extension for LinuxStandalone target not found
Native extension for WindowsStandalone target not found
Native extension for OSXStandalone target not found
Refreshing native plugins compatible for Editor in 0.24 ms, found 0 plugins.
Preloading 0 native plugins for Editor in 0.00 ms.
Mono: successfully reloaded assembly
- Completed reload, in  1.260 seconds
Platform modules already initialized, skipping
Refreshing native plugins compatible for Editor in 0.27 ms, found 0 plugins.
Preloading 0 native plugins for Editor in 0.00 ms.
Unloading 1246 Unused Serialized files (Serialized files now loaded: 0)
System memory in use before: 66.5 MB.
System memory in use after: 66.6 MB.

Unloading 4 unused Assets to reduce memory usage. Loaded Objects now: 1902.
Total: 2.269600 ms (FindLiveObjects: 0.180900 ms CreateObjectMapping: 0.051800 ms MarkObjects: 2.019000 ms  DeleteObjects: 0.016000 ms)

========================================================================
Received Prepare
Registering precompiled user dll's ...
Registered in 0.000882 seconds.
Begin MonoManager ReloadAssembly
Native extension for LinuxStandalone target not found
Native extension for WindowsStandalone target not found
Native extension for OSXStandalone target not found
Refreshing native plugins compatible for Editor in 0.24 ms, found 0 plugins.
Preloading 0 native plugins for Editor in 0.00 ms.
Mono: successfully reloaded assembly
- Completed reload, in  1.024 seconds
Platform modules already initialized, skipping
Refreshing native plugins compatible for Editor in 0.42 ms, found 0 plugins.
Preloading 0 native plugins for Editor in 0.00 ms.
Unloading 1246 Unused Serialized files (Serialized files now loaded: 0)
System memory in use before: 66.5 MB.
System memory in use after: 66.6 MB.

Unloading 4 unused Assets to reduce memory usage. Loaded Objects now: 1905.
Total: 2.065100 ms (FindLiveObjects: 0.153700 ms CreateObjectMapping: 0.041100 ms MarkObjects: 1.854600 ms  DeleteObjects: 0.014800 ms)

========================================================================
Received Prepare
Registering precompiled user dll's ...
Registered in 0.001014 seconds.
Begin MonoManager ReloadAssembly
Native extension for LinuxStandalone target not found
Native extension for WindowsStandalone target not found
Native extension for OSXStandalone target not found
Refreshing native plugins compatible for Editor in 0.43 ms, found 0 plugins.
Preloading 0 native plugins for Editor in 0.00 ms.
Mono: successfully reloaded assembly
- Completed reload, in  1.018 seconds
Platform modules already initialized, skipping
Refreshing native plugins compatible for Editor in 0.28 ms, found 0 plugins.
Preloading 0 native plugins for Editor in 0.00 ms.
Unloading 1246 Unused Serialized files (Serialized files now loaded: 0)
System memory in use before: 66.5 MB.
System memory in use after: 66.6 MB.

Unloading 4 unused Assets to reduce memory usage. Loaded Objects now: 1908.
Total: 2.299300 ms (FindLiveObjects: 0.210200 ms CreateObjectMapping: 0.037400 ms MarkObjects: 2.006400 ms  DeleteObjects: 0.043400 ms)

========================================================================
Received Prepare
Registering precompiled user dll's ...
Registered in 0.001337 seconds.
Begin MonoManager ReloadAssembly
Native extension for LinuxStandalone target not found
Native extension for WindowsStandalone target not found
Native extension for OSXStandalone target not found
Refreshing native plugins compatible for Editor in 0.23 ms, found 0 plugins.
Preloading 0 native plugins for Editor in 0.00 ms.
Mono: successfully reloaded assembly
- Completed reload, in  1.038 seconds
Platform modules already initialized, skipping
Refreshing native plugins compatible for Editor in 0.59 ms, found 0 plugins.
Preloading 0 native plugins for Editor in 0.00 ms.
Unloading 1246 Unused Serialized files (Serialized files now loaded: 0)
System memory in use before: 66.6 MB.
System memory in use after: 66.7 MB.

Unloading 4 unused Assets to reduce memory usage. Loaded Objects now: 1911.
Total: 2.273200 ms (FindLiveObjects: 0.182600 ms CreateObjectMapping: 0.043700 ms MarkObjects: 2.028900 ms  DeleteObjects: 0.017100 ms)

========================================================================
Received Prepare
Registering precompiled user dll's ...
Registered in 0.001189 seconds.
Begin MonoManager ReloadAssembly
Native extension for LinuxStandalone target not found
Native extension for WindowsStandalone target not found
Native extension for OSXStandalone target not found
Refreshing native plugins compatible for Editor in 0.29 ms, found 0 plugins.
Preloading 0 native plugins for Editor in 0.00 ms.
Mono: successfully reloaded assembly
- Completed reload, in  1.132 seconds
Platform modules already initialized, skipping
Refreshing native plugins compatible for Editor in 0.23 ms, found 0 plugins.
Preloading 0 native plugins for Editor in 0.00 ms.
Unloading 1246 Unused Serialized files (Serialized files now loaded: 0)
System memory in use before: 66.6 MB.
System memory in use after: 66.7 MB.

Unloading 4 unused Assets to reduce memory usage. Loaded Objects now: 1914.
Total: 2.134900 ms (FindLiveObjects: 0.216600 ms CreateObjectMapping: 0.045100 ms MarkObjects: 1.856000 ms  DeleteObjects: 0.016300 ms)

========================================================================
Received Prepare
Registering precompiled user dll's ...
Registered in 0.001310 seconds.
Begin MonoManager ReloadAssembly
Native extension for LinuxStandalone target not found
Native extension for WindowsStandalone target not found
Native extension for OSXStandalone target not found
Refreshing native plugins compatible for Editor in 0.39 ms, found 0 plugins.
Preloading 0 native plugins for Editor in 0.00 ms.
Mono: successfully reloaded assembly
- Completed reload, in  1.352 seconds
Platform modules already initialized, skipping
Refreshing native plugins compatible for Editor in 0.38 ms, found 0 plugins.
Preloading 0 native plugins for Editor in 0.00 ms.
Unloading 1246 Unused Serialized files (Serialized files now loaded: 0)
System memory in use before: 66.6 MB.
System memory in use after: 66.7 MB.

Unloading 4 unused Assets to reduce memory usage. Loaded Objects now: 1917.
Total: 2.105700 ms (FindLiveObjects: 0.225700 ms CreateObjectMapping: 0.059300 ms MarkObjects: 1.794600 ms  DeleteObjects: 0.024500 ms)

========================================================================
Received Prepare
Registering precompiled user dll's ...
Registered in 0.001058 seconds.
Begin MonoManager ReloadAssembly
Native extension for LinuxStandalone target not found
Native extension for WindowsStandalone target not found
Native extension for OSXStandalone target not found
Refreshing native plugins compatible for Editor in 0.27 ms, found 0 plugins.
Preloading 0 native plugins for Editor in 0.00 ms.
Mono: successfully reloaded assembly
- Completed reload, in  1.242 seconds
Platform modules already initialized, skipping
Refreshing native plugins compatible for Editor in 0.24 ms, found 0 plugins.
Preloading 0 native plugins for Editor in 0.00 ms.
Unloading 1246 Unused Serialized files (Serialized files now loaded: 0)
System memory in use before: 66.6 MB.
System memory in use after: 66.7 MB.

Unloading 4 unused Assets to reduce memory usage. Loaded Objects now: 1920.
Total: 2.542600 ms (FindLiveObjects: 0.213400 ms CreateObjectMapping: 0.058300 ms MarkObjects: 2.225300 ms  DeleteObjects: 0.044100 ms)

========================================================================
Received Prepare
Registering precompiled user dll's ...
Registered in 0.001011 seconds.
Begin MonoManager ReloadAssembly
Native extension for LinuxStandalone target not found
Native extension for WindowsStandalone target not found
Native extension for OSXStandalone target not found
Refreshing native plugins compatible for Editor in 0.24 ms, found 0 plugins.
Preloading 0 native plugins for Editor in 0.00 ms.
Mono: successfully reloaded assembly
- Completed reload, in  1.115 seconds
Platform modules already initialized, skipping
Refreshing native plugins compatible for Editor in 0.35 ms, found 0 plugins.
Preloading 0 native plugins for Editor in 0.00 ms.
Unloading 1246 Unused Serialized files (Serialized files now loaded: 0)
System memory in use before: 66.6 MB.
System memory in use after: 66.7 MB.

Unloading 4 unused Assets to reduce memory usage. Loaded Objects now: 1923.
Total: 3.249200 ms (FindLiveObjects: 0.236000 ms CreateObjectMapping: 0.057300 ms MarkObjects: 2.934400 ms  DeleteObjects: 0.019700 ms)

========================================================================
Received Prepare
Registering precompiled user dll's ...
Registered in 0.001684 seconds.
Begin MonoManager ReloadAssembly
Native extension for LinuxStandalone target not found
Native extension for WindowsStandalone target not found
Native extension for OSXStandalone target not found
Refreshing native plugins compatible for Editor in 0.33 ms, found 0 plugins.
Preloading 0 native plugins for Editor in 0.00 ms.
Mono: successfully reloaded assembly
- Completed reload, in  1.065 seconds
Platform modules already initialized, skipping
Refreshing native plugins compatible for Editor in 0.27 ms, found 0 plugins.
Preloading 0 native plugins for Editor in 0.00 ms.
Unloading 1246 Unused Serialized files (Serialized files now loaded: 0)
System memory in use before: 66.6 MB.
System memory in use after: 66.7 MB.

Unloading 4 unused Assets to reduce memory usage. Loaded Objects now: 1926.
Total: 3.402500 ms (FindLiveObjects: 0.283900 ms CreateObjectMapping: 0.090900 ms MarkObjects: 3.008300 ms  DeleteObjects: 0.017800 ms)

========================================================================
Received Prepare
Registering precompiled user dll's ...
Registered in 0.001089 seconds.
Begin MonoManager ReloadAssembly
Native extension for LinuxStandalone target not found
Native extension for WindowsStandalone target not found
Native extension for OSXStandalone target not found
Refreshing native plugins compatible for Editor in 0.26 ms, found 0 plugins.
Preloading 0 native plugins for Editor in 0.00 ms.
Mono: successfully reloaded assembly
- Completed reload, in  1.048 seconds
Platform modules already initialized, skipping
Refreshing native plugins compatible for Editor in 0.23 ms, found 0 plugins.
Preloading 0 native plugins for Editor in 0.00 ms.
Unloading 1246 Unused Serialized files (Serialized files now loaded: 0)
System memory in use before: 66.6 MB.
System memory in use after: 66.7 MB.

Unloading 4 unused Assets to reduce memory usage. Loaded Objects now: 1929.
Total: 2.202900 ms (FindLiveObjects: 0.266500 ms CreateObjectMapping: 0.075600 ms MarkObjects: 1.843600 ms  DeleteObjects: 0.016100 ms)

========================================================================
Received Prepare
Registering precompiled user dll's ...
Registered in 0.001250 seconds.
Begin MonoManager ReloadAssembly
Native extension for LinuxStandalone target not found
Native extension for WindowsStandalone target not found
Native extension for OSXStandalone target not found
Refreshing native plugins compatible for Editor in 0.27 ms, found 0 plugins.
Preloading 0 native plugins for Editor in 0.00 ms.
Mono: successfully reloaded assembly
- Completed reload, in  1.237 seconds
Platform modules already initialized, skipping
Refreshing native plugins compatible for Editor in 0.24 ms, found 0 plugins.
Preloading 0 native plugins for Editor in 0.00 ms.
Unloading 1246 Unused Serialized files (Serialized files now loaded: 0)
System memory in use before: 66.6 MB.
System memory in use after: 66.7 MB.

Unloading 4 unused Assets to reduce memory usage. Loaded Objects now: 1932.
Total: 2.086500 ms (FindLiveObjects: 0.316400 ms CreateObjectMapping: 0.095500 ms MarkObjects: 1.657600 ms  DeleteObjects: 0.016100 ms)

========================================================================
Received Prepare
Registering precompiled user dll's ...
Registered in 0.000980 seconds.
Begin MonoManager ReloadAssembly
Native extension for LinuxStandalone target not found
Native extension for WindowsStandalone target not found
Native extension for OSXStandalone target not found
Refreshing native plugins compatible for Editor in 0.24 ms, found 0 plugins.
Preloading 0 native plugins for Editor in 0.00 ms.
Mono: successfully reloaded assembly
- Completed reload, in  1.112 seconds
Platform modules already initialized, skipping
Refreshing native plugins compatible for Editor in 0.23 ms, found 0 plugins.
Preloading 0 native plugins for Editor in 0.00 ms.
Unloading 1246 Unused Serialized files (Serialized files now loaded: 0)
System memory in use before: 66.6 MB.
System memory in use after: 66.7 MB.

Unloading 4 unused Assets to reduce memory usage. Loaded Objects now: 1935.
Total: 2.512600 ms (FindLiveObjects: 0.249300 ms CreateObjectMapping: 0.043500 ms MarkObjects: 2.204100 ms  DeleteObjects: 0.014600 ms)

========================================================================
Received Prepare
Registering precompiled user dll's ...
Registered in 0.001029 seconds.
Begin MonoManager ReloadAssembly
Native extension for LinuxStandalone target not found
Native extension for WindowsStandalone target not found
Native extension for OSXStandalone target not found
Refreshing native plugins compatible for Editor in 0.40 ms, found 0 plugins.
Preloading 0 native plugins for Editor in 0.00 ms.
Mono: successfully reloaded assembly
- Completed reload, in  1.050 seconds
Platform modules already initialized, skipping
Refreshing native plugins compatible for Editor in 0.26 ms, found 0 plugins.
Preloading 0 native plugins for Editor in 0.00 ms.
Unloading 1246 Unused Serialized files (Serialized files now loaded: 0)
System memory in use before: 66.6 MB.
System memory in use after: 66.7 MB.

Unloading 4 unused Assets to reduce memory usage. Loaded Objects now: 1938.
Total: 1.962400 ms (FindLiveObjects: 0.182300 ms CreateObjectMapping: 0.063200 ms MarkObjects: 1.694800 ms  DeleteObjects: 0.020300 ms)

========================================================================
Received Prepare
Registering precompiled user dll's ...
Registered in 0.000987 seconds.
Begin MonoManager ReloadAssembly
Native extension for LinuxStandalone target not found
Native extension for WindowsStandalone target not found
Native extension for OSXStandalone target not found
Refreshing native plugins compatible for Editor in 0.24 ms, found 0 plugins.
Preloading 0 native plugins for Editor in 0.00 ms.
Mono: successfully reloaded assembly
- Completed reload, in  1.181 seconds
Platform modules already initialized, skipping
Refreshing native plugins compatible for Editor in 0.37 ms, found 0 plugins.
Preloading 0 native plugins for Editor in 0.00 ms.
Unloading 1246 Unused Serialized files (Serialized files now loaded: 0)
System memory in use before: 66.6 MB.
System memory in use after: 66.7 MB.

Unloading 4 unused Assets to reduce memory usage. Loaded Objects now: 1941.
Total: 1.896300 ms (FindLiveObjects: 0.198700 ms CreateObjectMapping: 0.044600 ms MarkObjects: 1.634100 ms  DeleteObjects: 0.017500 ms)

========================================================================
Received Prepare
Registering precompiled user dll's ...
Registered in 0.001244 seconds.
Begin MonoManager ReloadAssembly
Native extension for LinuxStandalone target not found
Native extension for WindowsStandalone target not found
Native extension for OSXStandalone target not found
Refreshing native plugins compatible for Editor in 0.24 ms, found 0 plugins.
Preloading 0 native plugins for Editor in 0.00 ms.
Mono: successfully reloaded assembly
- Completed reload, in  1.055 seconds
Platform modules already initialized, skipping
Refreshing native plugins compatible for Editor in 0.23 ms, found 0 plugins.
Preloading 0 native plugins for Editor in 0.00 ms.
Unloading 1246 Unused Serialized files (Serialized files now loaded: 0)
System memory in use before: 66.6 MB.
System memory in use after: 66.7 MB.

Unloading 4 unused Assets to reduce memory usage. Loaded Objects now: 1944.
Total: 2.045100 ms (FindLiveObjects: 0.176900 ms CreateObjectMapping: 0.051300 ms MarkObjects: 1.798100 ms  DeleteObjects: 0.017600 ms)

========================================================================
Received Prepare
Registering precompiled user dll's ...
Registered in 0.000869 seconds.
Begin MonoManager ReloadAssembly
Native extension for LinuxStandalone target not found
Native extension for WindowsStandalone target not found
Native extension for OSXStandalone target not found
Refreshing native plugins compatible for Editor in 0.24 ms, found 0 plugins.
Preloading 0 native plugins for Editor in 0.00 ms.
Mono: successfully reloaded assembly
- Completed reload, in  1.037 seconds
Platform modules already initialized, skipping
Refreshing native plugins compatible for Editor in 0.26 ms, found 0 plugins.
Preloading 0 native plugins for Editor in 0.00 ms.
Unloading 1246 Unused Serialized files (Serialized files now loaded: 0)
System memory in use before: 66.6 MB.
System memory in use after: 66.7 MB.

Unloading 4 unused Assets to reduce memory usage. Loaded Objects now: 1947.
Total: 2.821000 ms (FindLiveObjects: 0.372600 ms CreateObjectMapping: 0.131800 ms MarkObjects: 2.275700 ms  DeleteObjects: 0.039000 ms)

========================================================================
Received Prepare
Registering precompiled user dll's ...
Registered in 0.001173 seconds.
Begin MonoManager ReloadAssembly
Native extension for LinuxStandalone target not found
Native extension for WindowsStandalone target not found
Native extension for OSXStandalone target not found
Refreshing native plugins compatible for Editor in 0.25 ms, found 0 plugins.
Preloading 0 native plugins for Editor in 0.00 ms.
Mono: successfully reloaded assembly
- Completed reload, in  1.556 seconds
Platform modules already initialized, skipping
Refreshing native plugins compatible for Editor in 0.26 ms, found 0 plugins.
Preloading 0 native plugins for Editor in 0.00 ms.
Unloading 1246 Unused Serialized files (Serialized files now loaded: 0)
System memory in use before: 66.6 MB.
System memory in use after: 66.7 MB.

Unloading 4 unused Assets to reduce memory usage. Loaded Objects now: 1950.
Total: 3.809300 ms (FindLiveObjects: 0.471100 ms CreateObjectMapping: 0.107800 ms MarkObjects: 3.203600 ms  DeleteObjects: 0.023700 ms)

========================================================================
Received Prepare
Registering precompiled user dll's ...
Registered in 0.000913 seconds.
Begin MonoManager ReloadAssembly
Native extension for LinuxStandalone target not found
Native extension for WindowsStandalone target not found
Native extension for OSXStandalone target not found
Refreshing native plugins compatible for Editor in 0.25 ms, found 0 plugins.
Preloading 0 native plugins for Editor in 0.00 ms.
Mono: successfully reloaded assembly
- Completed reload, in  1.138 seconds
Platform modules already initialized, skipping
Refreshing native plugins compatible for Editor in 0.40 ms, found 0 plugins.
Preloading 0 native plugins for Editor in 0.00 ms.
Unloading 1246 Unused Serialized files (Serialized files now loaded: 0)
System memory in use before: 66.6 MB.
System memory in use after: 66.7 MB.

Unloading 4 unused Assets to reduce memory usage. Loaded Objects now: 1953.
Total: 1.920700 ms (FindLiveObjects: 0.178800 ms CreateObjectMapping: 0.047400 ms MarkObjects: 1.670300 ms  DeleteObjects: 0.022600 ms)

========================================================================
Received Prepare
Registering precompiled user dll's ...
Registered in 0.001172 seconds.
Begin MonoManager ReloadAssembly
Native extension for LinuxStandalone target not found
Native extension for WindowsStandalone target not found
Native extension for OSXStandalone target not found
Refreshing native plugins compatible for Editor in 0.24 ms, found 0 plugins.
Preloading 0 native plugins for Editor in 0.00 ms.
Mono: successfully reloaded assembly
- Completed reload, in  1.041 seconds
Platform modules already initialized, skipping
Refreshing native plugins compatible for Editor in 0.24 ms, found 0 plugins.
Preloading 0 native plugins for Editor in 0.00 ms.
Unloading 1246 Unused Serialized files (Serialized files now loaded: 0)
System memory in use before: 66.6 MB.
System memory in use after: 66.7 MB.

Unloading 4 unused Assets to reduce memory usage. Loaded Objects now: 1956.
Total: 2.162900 ms (FindLiveObjects: 0.227500 ms CreateObjectMapping: 0.060300 ms MarkObjects: 1.857500 ms  DeleteObjects: 0.014300 ms)

========================================================================
Received Prepare
Registering precompiled user dll's ...
Registered in 0.001244 seconds.
Begin MonoManager ReloadAssembly
Native extension for LinuxStandalone target not found
Native extension for WindowsStandalone target not found
Native extension for OSXStandalone target not found
Refreshing native plugins compatible for Editor in 0.37 ms, found 0 plugins.
Preloading 0 native plugins for Editor in 0.00 ms.
Mono: successfully reloaded assembly
- Completed reload, in  1.601 seconds
Platform modules already initialized, skipping
Refreshing native plugins compatible for Editor in 0.51 ms, found 0 plugins.
Preloading 0 native plugins for Editor in 0.00 ms.
Unloading 1246 Unused Serialized files (Serialized files now loaded: 0)
System memory in use before: 66.6 MB.
System memory in use after: 66.8 MB.

Unloading 4 unused Assets to reduce memory usage. Loaded Objects now: 1959.
Total: 2.804400 ms (FindLiveObjects: 0.299600 ms CreateObjectMapping: 0.115100 ms MarkObjects: 2.371000 ms  DeleteObjects: 0.016100 ms)

========================================================================
Received Prepare
Registering precompiled user dll's ...
Registered in 0.001051 seconds.
Begin MonoManager ReloadAssembly
Native extension for LinuxStandalone target not found
Native extension for WindowsStandalone target not found
Native extension for OSXStandalone target not found
Refreshing native plugins compatible for Editor in 0.33 ms, found 0 plugins.
Preloading 0 native plugins for Editor in 0.00 ms.
Mono: successfully reloaded assembly
- Completed reload, in  1.069 seconds
Platform modules already initialized, skipping
Refreshing native plugins compatible for Editor in 0.30 ms, found 0 plugins.
Preloading 0 native plugins for Editor in 0.00 ms.
Unloading 1246 Unused Serialized files (Serialized files now loaded: 0)
System memory in use before: 66.7 MB.
System memory in use after: 66.8 MB.

Unloading 4 unused Assets to reduce memory usage. Loaded Objects now: 1962.
Total: 3.177600 ms (FindLiveObjects: 0.195600 ms CreateObjectMapping: 0.045200 ms MarkObjects: 2.918000 ms  DeleteObjects: 0.017300 ms)

========================================================================
Received Prepare
Registering precompiled user dll's ...
Registered in 0.000917 seconds.
Begin MonoManager ReloadAssembly
Native extension for LinuxStandalone target not found
Native extension for WindowsStandalone target not found
Native extension for OSXStandalone target not found
Refreshing native plugins compatible for Editor in 0.28 ms, found 0 plugins.
Preloading 0 native plugins for Editor in 0.00 ms.
Mono: successfully reloaded assembly
- Completed reload, in  1.019 seconds
Platform modules already initialized, skipping
Refreshing native plugins compatible for Editor in 0.35 ms, found 0 plugins.
Preloading 0 native plugins for Editor in 0.00 ms.
Unloading 1246 Unused Serialized files (Serialized files now loaded: 0)
System memory in use before: 66.7 MB.
System memory in use after: 66.8 MB.

Unloading 4 unused Assets to reduce memory usage. Loaded Objects now: 1965.
Total: 3.232900 ms (FindLiveObjects: 0.230000 ms CreateObjectMapping: 0.048200 ms MarkObjects: 2.890800 ms  DeleteObjects: 0.061700 ms)

========================================================================
Received Prepare
Registering precompiled user dll's ...
Registered in 0.001211 seconds.
Begin MonoManager ReloadAssembly
Native extension for LinuxStandalone target not found
Native extension for WindowsStandalone target not found
Native extension for OSXStandalone target not found
Refreshing native plugins compatible for Editor in 0.25 ms, found 0 plugins.
Preloading 0 native plugins for Editor in 0.00 ms.
Mono: successfully reloaded assembly
- Completed reload, in  1.009 seconds
Platform modules already initialized, skipping
Refreshing native plugins compatible for Editor in 0.30 ms, found 0 plugins.
Preloading 0 native plugins for Editor in 0.00 ms.
Unloading 1246 Unused Serialized files (Serialized files now loaded: 0)
System memory in use before: 66.7 MB.
System memory in use after: 66.8 MB.

Unloading 4 unused Assets to reduce memory usage. Loaded Objects now: 1968.
Total: 2.214900 ms (FindLiveObjects: 0.259100 ms CreateObjectMapping: 0.038300 ms MarkObjects: 1.874300 ms  DeleteObjects: 0.042100 ms)

========================================================================
Received Prepare
Registering precompiled user dll's ...
Registered in 0.001019 seconds.
Begin MonoManager ReloadAssembly
Native extension for LinuxStandalone target not found
Native extension for WindowsStandalone target not found
Native extension for OSXStandalone target not found
Refreshing native plugins compatible for Editor in 0.23 ms, found 0 plugins.
Preloading 0 native plugins for Editor in 0.00 ms.
Mono: successfully reloaded assembly
- Completed reload, in  0.996 seconds
Platform modules already initialized, skipping
Refreshing native plugins compatible for Editor in 0.26 ms, found 0 plugins.
Preloading 0 native plugins for Editor in 0.00 ms.
Unloading 1246 Unused Serialized files (Serialized files now loaded: 0)
System memory in use before: 66.7 MB.
System memory in use after: 66.8 MB.

Unloading 4 unused Assets to reduce memory usage. Loaded Objects now: 1971.
Total: 2.141600 ms (FindLiveObjects: 0.251400 ms CreateObjectMapping: 0.080300 ms MarkObjects: 1.792900 ms  DeleteObjects: 0.016100 ms)

========================================================================
Received Prepare
Registering precompiled user dll's ...
Registered in 0.001280 seconds.
Begin MonoManager ReloadAssembly
Native extension for LinuxStandalone target not found
Native extension for WindowsStandalone target not found
Native extension for OSXStandalone target not found
Refreshing native plugins compatible for Editor in 0.24 ms, found 0 plugins.
Preloading 0 native plugins for Editor in 0.00 ms.
Mono: successfully reloaded assembly
- Completed reload, in  1.037 seconds
Platform modules already initialized, skipping
Refreshing native plugins compatible for Editor in 0.25 ms, found 0 plugins.
Preloading 0 native plugins for Editor in 0.00 ms.
Unloading 1246 Unused Serialized files (Serialized files now loaded: 0)
System memory in use before: 66.7 MB.
System memory in use after: 66.8 MB.

Unloading 4 unused Assets to reduce memory usage. Loaded Objects now: 1974.
Total: 2.115900 ms (FindLiveObjects: 0.239400 ms CreateObjectMapping: 0.042100 ms MarkObjects: 1.819100 ms  DeleteObjects: 0.014400 ms)

========================================================================
Received Prepare
Registering precompiled user dll's ...
Registered in 0.001353 seconds.
Begin MonoManager ReloadAssembly
Native extension for LinuxStandalone target not found
Native extension for WindowsStandalone target not found
Native extension for OSXStandalone target not found
Refreshing native plugins compatible for Editor in 0.24 ms, found 0 plugins.
Preloading 0 native plugins for Editor in 0.00 ms.
Mono: successfully reloaded assembly
- Completed reload, in  1.081 seconds
Platform modules already initialized, skipping
Refreshing native plugins compatible for Editor in 0.24 ms, found 0 plugins.
Preloading 0 native plugins for Editor in 0.00 ms.
Unloading 1246 Unused Serialized files (Serialized files now loaded: 0)
System memory in use before: 66.7 MB.
System memory in use after: 66.8 MB.

Unloading 4 unused Assets to reduce memory usage. Loaded Objects now: 1977.
Total: 2.690000 ms (FindLiveObjects: 0.207100 ms CreateObjectMapping: 0.063900 ms MarkObjects: 2.402300 ms  DeleteObjects: 0.015700 ms)

========================================================================
Received Prepare
Registering precompiled user dll's ...
Registered in 0.001070 seconds.
Begin MonoManager ReloadAssembly
Native extension for LinuxStandalone target not found
Native extension for WindowsStandalone target not found
Native extension for OSXStandalone target not found
Refreshing native plugins compatible for Editor in 0.29 ms, found 0 plugins.
Preloading 0 native plugins for Editor in 0.00 ms.
Mono: successfully reloaded assembly
- Completed reload, in  0.995 seconds
Platform modules already initialized, skipping
Refreshing native plugins compatible for Editor in 0.34 ms, found 0 plugins.
Preloading 0 native plugins for Editor in 0.00 ms.
Unloading 1246 Unused Serialized files (Serialized files now loaded: 0)
System memory in use before: 66.7 MB.
System memory in use after: 66.8 MB.

Unloading 4 unused Assets to reduce memory usage. Loaded Objects now: 1980.
Total: 2.185700 ms (FindLiveObjects: 0.234600 ms CreateObjectMapping: 0.046000 ms MarkObjects: 1.885300 ms  DeleteObjects: 0.018000 ms)

========================================================================
Received Prepare
Registering precompiled user dll's ...
Registered in 0.001576 seconds.
Begin MonoManager ReloadAssembly
Native extension for LinuxStandalone target not found
Native extension for WindowsStandalone target not found
Native extension for OSXStandalone target not found
Refreshing native plugins compatible for Editor in 0.32 ms, found 0 plugins.
Preloading 0 native plugins for Editor in 0.00 ms.
Mono: successfully reloaded assembly
- Completed reload, in  0.948 seconds
Platform modules already initialized, skipping
Refreshing native plugins compatible for Editor in 0.27 ms, found 0 plugins.
Preloading 0 native plugins for Editor in 0.00 ms.
Unloading 1246 Unused Serialized files (Serialized files now loaded: 0)
System memory in use before: 66.7 MB.
System memory in use after: 66.8 MB.

Unloading 4 unused Assets to reduce memory usage. Loaded Objects now: 1983.
Total: 2.304800 ms (FindLiveObjects: 0.251500 ms CreateObjectMapping: 0.102800 ms MarkObjects: 1.933300 ms  DeleteObjects: 0.015400 ms)

========================================================================
Received Prepare
Registering precompiled user dll's ...
Registered in 0.000914 seconds.
Begin MonoManager ReloadAssembly
Native extension for LinuxStandalone target not found
Native extension for WindowsStandalone target not found
Native extension for OSXStandalone target not found
Refreshing native plugins compatible for Editor in 0.23 ms, found 0 plugins.
Preloading 0 native plugins for Editor in 0.00 ms.
Mono: successfully reloaded assembly
- Completed reload, in  1.024 seconds
Platform modules already initialized, skipping
Refreshing native plugins compatible for Editor in 0.29 ms, found 0 plugins.
Preloading 0 native plugins for Editor in 0.00 ms.
Unloading 1246 Unused Serialized files (Serialized files now loaded: 0)
System memory in use before: 66.7 MB.
System memory in use after: 66.8 MB.

Unloading 4 unused Assets to reduce memory usage. Loaded Objects now: 1986.
Total: 2.973600 ms (FindLiveObjects: 0.212500 ms CreateObjectMapping: 0.076500 ms MarkObjects: 2.657400 ms  DeleteObjects: 0.025700 ms)

========================================================================
Received Prepare
Registering precompiled user dll's ...
Registered in 0.000971 seconds.
Begin MonoManager ReloadAssembly
Native extension for LinuxStandalone target not found
Native extension for WindowsStandalone target not found
Native extension for OSXStandalone target not found
Refreshing native plugins compatible for Editor in 0.23 ms, found 0 plugins.
Preloading 0 native plugins for Editor in 0.00 ms.
Mono: successfully reloaded assembly
- Completed reload, in  0.955 seconds
Platform modules already initialized, skipping
Refreshing native plugins compatible for Editor in 0.37 ms, found 0 plugins.
Preloading 0 native plugins for Editor in 0.00 ms.
Unloading 1246 Unused Serialized files (Serialized files now loaded: 0)
System memory in use before: 66.7 MB.
System memory in use after: 66.8 MB.

Unloading 4 unused Assets to reduce memory usage. Loaded Objects now: 1989.
Total: 2.571500 ms (FindLiveObjects: 0.521300 ms CreateObjectMapping: 0.122800 ms MarkObjects: 1.893400 ms  DeleteObjects: 0.032900 ms)

========================================================================
Received Prepare
Registering precompiled user dll's ...
Registered in 0.001638 seconds.
Begin MonoManager ReloadAssembly
Native extension for LinuxStandalone target not found
Native extension for WindowsStandalone target not found
Native extension for OSXStandalone target not found
Refreshing native plugins compatible for Editor in 0.27 ms, found 0 plugins.
Preloading 0 native plugins for Editor in 0.00 ms.
Mono: successfully reloaded assembly
- Completed reload, in  1.834 seconds
Platform modules already initialized, skipping
Refreshing native plugins compatible for Editor in 0.25 ms, found 0 plugins.
Preloading 0 native plugins for Editor in 0.00 ms.
Unloading 1246 Unused Serialized files (Serialized files now loaded: 0)
System memory in use before: 66.7 MB.
System memory in use after: 66.8 MB.

Unloading 4 unused Assets to reduce memory usage. Loaded Objects now: 1992.
Total: 2.455400 ms (FindLiveObjects: 0.185800 ms CreateObjectMapping: 0.061700 ms MarkObjects: 2.191100 ms  DeleteObjects: 0.015300 ms)

========================================================================
Received Prepare
Registering precompiled user dll's ...
Registered in 0.001029 seconds.
Begin MonoManager ReloadAssembly
Native extension for LinuxStandalone target not found
Native extension for WindowsStandalone target not found
Native extension for OSXStandalone target not found
Refreshing native plugins compatible for Editor in 0.26 ms, found 0 plugins.
Preloading 0 native plugins for Editor in 0.00 ms.
Mono: successfully reloaded assembly
- Completed reload, in  1.147 seconds
Platform modules already initialized, skipping
Refreshing native plugins compatible for Editor in 0.25 ms, found 0 plugins.
Preloading 0 native plugins for Editor in 0.00 ms.
Unloading 1246 Unused Serialized files (Serialized files now loaded: 0)
System memory in use before: 66.7 MB.
System memory in use after: 66.8 MB.

Unloading 4 unused Assets to reduce memory usage. Loaded Objects now: 1995.
Total: 2.089500 ms (FindLiveObjects: 0.261400 ms CreateObjectMapping: 0.074600 ms MarkObjects: 1.736100 ms  DeleteObjects: 0.016400 ms)

========================================================================
Received Prepare
Registering precompiled user dll's ...
Registered in 0.001786 seconds.
Begin MonoManager ReloadAssembly
Native extension for LinuxStandalone target not found
Native extension for WindowsStandalone target not found
Native extension for OSXStandalone target not found
Refreshing native plugins compatible for Editor in 0.23 ms, found 0 plugins.
Preloading 0 native plugins for Editor in 0.00 ms.
Mono: successfully reloaded assembly
- Completed reload, in  1.168 seconds
Platform modules already initialized, skipping
Refreshing native plugins compatible for Editor in 0.23 ms, found 0 plugins.
Preloading 0 native plugins for Editor in 0.00 ms.
Unloading 1246 Unused Serialized files (Serialized files now loaded: 0)
System memory in use before: 66.7 MB.
System memory in use after: 66.8 MB.

Unloading 4 unused Assets to reduce memory usage. Loaded Objects now: 1998.
Total: 2.247300 ms (FindLiveObjects: 0.303800 ms CreateObjectMapping: 0.079500 ms MarkObjects: 1.847700 ms  DeleteObjects: 0.015200 ms)

========================================================================
Received Prepare
Registering precompiled user dll's ...
Registered in 0.001301 seconds.
Begin MonoManager ReloadAssembly
Native extension for LinuxStandalone target not found
Native extension for WindowsStandalone target not found
Native extension for OSXStandalone target not found
Refreshing native plugins compatible for Editor in 0.45 ms, found 0 plugins.
Preloading 0 native plugins for Editor in 0.00 ms.
Mono: successfully reloaded assembly
- Completed reload, in  1.044 seconds
Platform modules already initialized, skipping
Refreshing native plugins compatible for Editor in 0.32 ms, found 0 plugins.
Preloading 0 native plugins for Editor in 0.00 ms.
Unloading 1246 Unused Serialized files (Serialized files now loaded: 0)
System memory in use before: 66.7 MB.
System memory in use after: 66.8 MB.

Unloading 4 unused Assets to reduce memory usage. Loaded Objects now: 2001.
Total: 1.968000 ms (FindLiveObjects: 0.184200 ms CreateObjectMapping: 0.045100 ms MarkObjects: 1.720300 ms  DeleteObjects: 0.017100 ms)

========================================================================
Received Prepare
Registering precompiled user dll's ...
Registered in 0.001397 seconds.
Begin MonoManager ReloadAssembly
Native extension for LinuxStandalone target not found
Native extension for WindowsStandalone target not found
Native extension for OSXStandalone target not found
Refreshing native plugins compatible for Editor in 0.23 ms, found 0 plugins.
Preloading 0 native plugins for Editor in 0.00 ms.
Mono: successfully reloaded assembly
- Completed reload, in  1.034 seconds
Platform modules already initialized, skipping
Refreshing native plugins compatible for Editor in 0.31 ms, found 0 plugins.
Preloading 0 native plugins for Editor in 0.00 ms.
Unloading 1246 Unused Serialized files (Serialized files now loaded: 0)
System memory in use before: 66.8 MB.
System memory in use after: 66.9 MB.

Unloading 4 unused Assets to reduce memory usage. Loaded Objects now: 2004.
Total: 3.212300 ms (FindLiveObjects: 0.294600 ms CreateObjectMapping: 0.122500 ms MarkObjects: 2.772000 ms  DeleteObjects: 0.020800 ms)

========================================================================
Received Prepare
Registering precompiled user dll's ...
Registered in 0.001034 seconds.
Begin MonoManager ReloadAssembly
Native extension for LinuxStandalone target not found
Native extension for WindowsStandalone target not found
Native extension for OSXStandalone target not found
Refreshing native plugins compatible for Editor in 0.33 ms, found 0 plugins.
Preloading 0 native plugins for Editor in 0.00 ms.
Mono: successfully reloaded assembly
- Completed reload, in  1.426 seconds
Platform modules already initialized, skipping
Refreshing native plugins compatible for Editor in 0.44 ms, found 0 plugins.
Preloading 0 native plugins for Editor in 0.00 ms.
Unloading 1246 Unused Serialized files (Serialized files now loaded: 0)
System memory in use before: 66.8 MB.
System memory in use after: 66.9 MB.

Unloading 4 unused Assets to reduce memory usage. Loaded Objects now: 2007.
Total: 2.937800 ms (FindLiveObjects: 0.487600 ms CreateObjectMapping: 0.137300 ms MarkObjects: 2.293600 ms  DeleteObjects: 0.017900 ms)

========================================================================
Received Prepare
Registering precompiled user dll's ...
Registered in 0.001304 seconds.
Begin MonoManager ReloadAssembly
Native extension for LinuxStandalone target not found
Native extension for WindowsStandalone target not found
Native extension for OSXStandalone target not found
Refreshing native plugins compatible for Editor in 0.60 ms, found 0 plugins.
Preloading 0 native plugins for Editor in 0.00 ms.
Mono: successfully reloaded assembly
- Completed reload, in  1.241 seconds
Platform modules already initialized, skipping
Refreshing native plugins compatible for Editor in 0.26 ms, found 0 plugins.
Preloading 0 native plugins for Editor in 0.00 ms.
Unloading 1246 Unused Serialized files (Serialized files now loaded: 0)
System memory in use before: 66.8 MB.
System memory in use after: 66.9 MB.

Unloading 4 unused Assets to reduce memory usage. Loaded Objects now: 2010.
Total: 3.260800 ms (FindLiveObjects: 0.521700 ms CreateObjectMapping: 0.134300 ms MarkObjects: 2.581900 ms  DeleteObjects: 0.020400 ms)

========================================================================
Received Prepare
Registering precompiled user dll's ...
Registered in 0.001211 seconds.
Begin MonoManager ReloadAssembly
Native extension for LinuxStandalone target not found
Native extension for WindowsStandalone target not found
Native extension for OSXStandalone target not found
Refreshing native plugins compatible for Editor in 0.26 ms, found 0 plugins.
Preloading 0 native plugins for Editor in 0.00 ms.
Mono: successfully reloaded assembly
- Completed reload, in  1.069 seconds
Platform modules already initialized, skipping
Refreshing native plugins compatible for Editor in 0.34 ms, found 0 plugins.
Preloading 0 native plugins for Editor in 0.00 ms.
Unloading 1246 Unused Serialized files (Serialized files now loaded: 0)
System memory in use before: 66.8 MB.
System memory in use after: 66.9 MB.

Unloading 4 unused Assets to reduce memory usage. Loaded Objects now: 2013.
Total: 2.691600 ms (FindLiveObjects: 0.311600 ms CreateObjectMapping: 0.084400 ms MarkObjects: 2.271000 ms  DeleteObjects: 0.022000 ms)

========================================================================
Received Prepare
Registering precompiled user dll's ...
Registered in 0.001676 seconds.
Begin MonoManager ReloadAssembly
Native extension for LinuxStandalone target not found
Native extension for WindowsStandalone target not found
Native extension for OSXStandalone target not found
Refreshing native plugins compatible for Editor in 0.28 ms, found 0 plugins.
Preloading 0 native plugins for Editor in 0.00 ms.
Mono: successfully reloaded assembly
- Completed reload, in  1.081 seconds
Platform modules already initialized, skipping
Refreshing native plugins compatible for Editor in 0.29 ms, found 0 plugins.
Preloading 0 native plugins for Editor in 0.00 ms.
Unloading 1246 Unused Serialized files (Serialized files now loaded: 0)
System memory in use before: 66.8 MB.
System memory in use after: 66.9 MB.

Unloading 4 unused Assets to reduce memory usage. Loaded Objects now: 2016.
Total: 2.291100 ms (FindLiveObjects: 0.192100 ms CreateObjectMapping: 0.041200 ms MarkObjects: 2.042000 ms  DeleteObjects: 0.014300 ms)

========================================================================
Received Import Request.
  Time since last request: 31985.554816 seconds.
  path: Assets/Media/Sprites/player_sprites/eyeshine_0.png
  artifactKey: Guid(e3ddf1b466e3e91428cf19faec8b5e44) Importer(815301076,1909f56bfc062723c751e8b465ee728b)
Start importing Assets/Media/Sprites/player_sprites/eyeshine_0.png using Guid(e3ddf1b466e3e91428cf19faec8b5e44) Importer(815301076,1909f56bfc062723c751e8b465ee728b)  -> (artifact id: 'dcad440000be98142c95cd49b9f6549d') in 0.128722 seconds
  Import took 0.132114 seconds .

========================================================================
Received Import Request.
  Time since last request: 6.155766 seconds.
  path: Assets/Media/Sprites/player_sprites/eyeshine_0.png
  artifactKey: Guid(e3ddf1b466e3e91428cf19faec8b5e44) Importer(815301076,1909f56bfc062723c751e8b465ee728b)
Start importing Assets/Media/Sprites/player_sprites/eyeshine_0.png using Guid(e3ddf1b466e3e91428cf19faec8b5e44) Importer(815301076,1909f56bfc062723c751e8b465ee728b)  -> (artifact id: '2df84b4ef75068d0cfd0576c9f8c8295') in 0.031764 seconds
  Import took 0.034665 seconds .

========================================================================
Received Import Request.
  Time since last request: 3.730806 seconds.
  path: Assets/Media/Sprites/player_sprites/eyeshine_0.png
  artifactKey: Guid(e3ddf1b466e3e91428cf19faec8b5e44) Importer(815301076,1909f56bfc062723c751e8b465ee728b)
Start importing Assets/Media/Sprites/player_sprites/eyeshine_0.png using Guid(e3ddf1b466e3e91428cf19faec8b5e44) Importer(815301076,1909f56bfc062723c751e8b465ee728b)  -> (artifact id: 'f99454e2e8bdb6703bc62ed21cc69d46') in 0.019469 seconds
  Import took 0.024118 seconds .

========================================================================
Received Import Request.
  Time since last request: 18.073858 seconds.
  path: Assets/Media/Sprites/player_sprites/eyeshine_0.png
  artifactKey: Guid(e3ddf1b466e3e91428cf19faec8b5e44) Importer(815301076,1909f56bfc062723c751e8b465ee728b)
Start importing Assets/Media/Sprites/player_sprites/eyeshine_0.png using Guid(e3ddf1b466e3e91428cf19faec8b5e44) Importer(815301076,1909f56bfc062723c751e8b465ee728b)  -> (artifact id: 'd7c5b56130b841b0c997a136aae65c69') in 0.012930 seconds
  Import took 0.015921 seconds .

